id,doctor_id,date,start_time,end_time,is_available,slot_duration_min
1,1,2026-09-15,09:30,10:00,1,30
2,1,2026-09-15,15:30,16:00,0,30
3,1,2026-09-18,09:00,09:30,1,30
4,1,2026-09-23,18:30,19:00,0,30
5,1,2026-09-30,14:30,15:00,1,30
6,1,2026-09-02,11:30,12:00,1,30
7,1,2026-09-27,17:00,17:30,1,30
8,1,2026-09-25,16:30,17:00,1,30
9,1,2026-09-04,17:30,18:00,1,30
10,1,2026-09-13,14:00,14:30,1,30
11,1,2026-09-28,16:00,16:30,1,30
12,1,2026-09-16,13:00,13:30,1,30
13,1,2026-09-19,15:30,16:00,1,30
14,1,2026-09-18,18:30,19:00,1,30
15,1,2026-09-08,13:00,13:30,1,30
16,1,2026-09-23,08:30,09:00,1,30
17,1,2026-09-17,18:30,19:00,0,30
18,1,2026-09-03,15:30,16:00,0,30
19,1,2026-09-18,11:30,12:00,1,30
20,1,2026-09-14,13:00,13:30,0,30
21,1,2026-09-28,18:30,19:00,1,30
22,1,2026-09-24,12:30,13:00,1,30
23,1,2026-09-17,16:30,17:00,0,30
24,1,2026-09-29,12:30,13:00,1,30
25,1,2026-09-03,18:00,18:30,1,30
26,1,2026-09-17,12:30,13:00,1,30
27,1,2026-09-06,16:30,17:00,0,30
28,1,2026-09-05,12:30,13:00,1,30
29,1,2026-09-28,13:00,13:30,1,30
30,1,2026-09-25,10:30,11:00,1,30
31,1,2026-09-26,18:00,18:30,1,30
32,1,2026-09-25,17:00,17:30,0,30
33,1,2026-09-03,18:00,18:30,1,30
34,1,2026-09-22,17:30,18:00,1,30
35,1,2026-09-06,09:30,10:00,1,30
36,1,2026-09-17,10:30,11:00,0,30
37,1,2026-09-24,14:30,15:00,1,30
38,1,2026-09-09,09:30,10:00,1,30
39,1,2026-09-15,08:00,08:30,1,30
40,1,2026-10-01,17:30,18:00,1,30
41,1,2026-09-15,16:00,16:30,1,30
42,1,2026-09-09,18:30,19:00,1,30
43,1,2026-09-15,10:30,11:00,1,30
44,1,2026-09-02,11:30,12:00,1,30
45,1,2026-09-23,17:00,17:30,1,30
46,1,2026-09-08,13:00,13:30,0,30
47,1,2026-09-15,18:00,18:30,0,30
48,1,2026-09-16,14:30,15:00,1,30
49,1,2026-09-12,12:00,12:30,1,30
50,1,2026-09-17,14:00,14:30,1,30
51,1,2026-09-16,15:00,15:30,1,30
52,1,2026-09-17,09:00,09:30,0,30
53,1,2026-09-15,09:00,09:30,1,30
54,1,2026-10-01,09:30,10:00,1,30
55,1,2026-09-14,14:00,14:30,1,30
56,1,2026-09-28,17:30,18:00,0,30
57,1,2026-09-02,17:00,17:30,1,30
58,1,2026-09-07,10:30,11:00,0,30
59,1,2026-10-01,09:30,10:00,1,30
60,1,2026-09-09,13:30,14:00,1,30
61,1,2026-09-28,14:00,14:30,1,30
62,1,2026-09-28,11:00,11:30,1,30
63,1,2026-09-28,12:00,12:30,1,30
64,1,2026-09-23,16:00,16:30,1,30
65,1,2026-09-15,08:00,08:30,1,30
66,1,2026-09-18,08:30,09:00,1,30
67,1,2026-09-10,16:30,17:00,1,30
68,1,2026-09-04,14:00,14:30,1,30
69,1,2026-09-09,13:00,13:30,1,30
70,1,2026-09-24,13:30,14:00,1,30
71,1,2026-09-04,16:30,17:00,1,30
72,1,2026-09-13,16:00,16:30,0,30
73,1,2026-09-19,08:30,09:00,1,30
74,1,2026-09-19,10:30,11:00,1,30
75,1,2026-09-05,12:30,13:00,1,30
76,1,2026-09-04,08:00,08:30,1,30
77,1,2026-10-01,09:30,10:00,1,30
78,1,2026-09-12,10:00,10:30,1,30
79,1,2026-09-19,16:30,17:00,0,30
80,1,2026-09-10,16:30,17:00,1,30
81,1,2026-09-19,18:00,18:30,1,30
82,1,2026-09-09,08:30,09:00,1,30
83,1,2026-09-25,12:00,12:30,1,30
84,1,2026-09-23,08:00,08:30,1,30
85,1,2026-09-24,17:00,17:30,1,30
86,1,2026-09-17,14:30,15:00,1,30
87,1,2026-09-30,15:30,16:00,0,30
88,1,2026-09-11,16:30,17:00,1,30
89,1,2026-09-25,18:00,18:30,1,30
90,1,2026-10-01,14:00,14:30,1,30
91,1,2026-09-10,09:30,10:00,1,30
92,1,2026-09-27,11:30,12:00,1,30
93,1,2026-09-29,16:30,17:00,1,30
94,1,2026-10-01,08:30,09:00,1,30
95,1,2026-09-01,12:30,13:00,0,30
96,1,2026-09-25,09:30,10:00,1,30
97,1,2026-09-01,18:30,19:00,1,30
98,1,2026-09-29,12:30,13:00,0,30
99,1,2026-09-21,16:30,17:00,1,30
100,1,2026-09-02,12:30,13:00,0,30
101,2,2026-09-02,11:00,11:30,0,30
102,2,2026-09-06,11:30,12:00,0,30
103,2,2026-09-25,13:00,13:30,1,30
104,2,2026-09-18,13:00,13:30,0,30
105,2,2026-09-09,16:00,16:30,1,30
106,2,2026-09-28,09:30,10:00,1,30
107,2,2026-09-30,16:30,17:00,1,30
108,2,2026-09-21,16:30,17:00,1,30
109,2,2026-09-22,09:30,10:00,1,30
110,2,2026-09-24,08:00,08:30,0,30
111,2,2026-09-24,18:00,18:30,0,30
112,2,2026-09-05,09:30,10:00,0,30
113,2,2026-09-26,10:00,10:30,0,30
114,2,2026-09-25,18:30,19:00,1,30
115,2,2026-09-17,11:00,11:30,0,30
116,2,2026-09-11,16:30,17:00,1,30
117,2,2026-09-13,08:00,08:30,0,30
118,2,2026-09-01,17:30,18:00,1,30
119,2,2026-09-04,10:00,10:30,0,30
120,2,2026-09-22,09:30,10:00,0,30
121,2,2026-09-11,14:00,14:30,1,30
122,2,2026-09-20,13:00,13:30,1,30
123,2,2026-09-27,15:00,15:30,1,30
124,2,2026-09-02,15:00,15:30,1,30
125,2,2026-09-04,13:00,13:30,1,30
126,2,2026-09-05,18:00,18:30,1,30
127,2,2026-09-06,15:30,16:00,1,30
128,2,2026-09-07,10:00,10:30,0,30
129,2,2026-09-20,14:30,15:00,1,30
130,2,2026-09-25,12:30,13:00,0,30
131,2,2026-09-27,12:30,13:00,1,30
132,2,2026-09-03,08:00,08:30,1,30
133,2,2026-09-27,14:30,15:00,1,30
134,2,2026-09-21,08:30,09:00,1,30
135,2,2026-09-27,08:30,09:00,1,30
136,2,2026-09-05,17:30,18:00,1,30
137,2,2026-09-01,18:00,18:30,0,30
138,2,2026-09-17,18:00,18:30,1,30
139,2,2026-09-25,14:30,15:00,0,30
140,2,2026-09-26,12:30,13:00,0,30
141,2,2026-09-28,12:00,12:30,1,30
142,2,2026-09-30,15:30,16:00,0,30
143,2,2026-09-18,16:30,17:00,1,30
144,2,2026-09-08,18:30,19:00,1,30
145,2,2026-09-16,09:30,10:00,1,30
146,2,2026-09-24,08:00,08:30,0,30
147,2,2026-09-14,16:00,16:30,1,30
148,2,2026-09-25,13:30,14:00,1,30
149,2,2026-09-01,16:30,17:00,0,30
150,2,2026-09-06,15:00,15:30,0,30
151,2,2026-09-01,13:30,14:00,0,30
152,2,2026-09-19,17:30,18:00,0,30
153,2,2026-09-29,14:00,14:30,0,30
154,2,2026-09-23,09:00,09:30,0,30
155,2,2026-09-06,10:00,10:30,1,30
156,2,2026-10-01,08:30,09:00,0,30
157,2,2026-09-21,17:00,17:30,1,30
158,2,2026-09-04,15:30,16:00,1,30
159,2,2026-09-09,08:00,08:30,1,30
160,2,2026-09-27,12:30,13:00,1,30
161,2,2026-09-06,13:30,14:00,0,30
162,2,2026-09-13,13:30,14:00,1,30
163,2,2026-09-26,18:00,18:30,1,30
164,2,2026-10-01,14:00,14:30,0,30
165,2,2026-09-25,13:00,13:30,0,30
166,2,2026-09-21,12:00,12:30,0,30
167,2,2026-09-06,15:30,16:00,1,30
168,2,2026-09-29,12:30,13:00,1,30
169,2,2026-09-26,12:00,12:30,1,30
170,2,2026-09-07,13:30,14:00,0,30
171,2,2026-09-29,16:00,16:30,1,30
172,2,2026-09-19,10:30,11:00,1,30
173,2,2026-09-25,15:00,15:30,0,30
174,2,2026-09-24,10:30,11:00,1,30
175,2,2026-09-28,12:30,13:00,1,30
176,2,2026-09-21,18:30,19:00,0,30
177,2,2026-09-17,13:00,13:30,1,30
178,2,2026-10-01,14:30,15:00,0,30
179,2,2026-09-20,13:30,14:00,0,30
180,2,2026-09-28,10:00,10:30,1,30
181,2,2026-09-13,09:00,09:30,1,30
182,2,2026-09-11,12:30,13:00,1,30
183,2,2026-09-02,14:30,15:00,1,30
184,2,2026-09-14,13:00,13:30,1,30
185,2,2026-09-02,18:30,19:00,1,30
186,2,2026-09-15,18:30,19:00,1,30
187,2,2026-09-02,10:00,10:30,0,30
188,2,2026-09-21,16:00,16:30,1,30
189,2,2026-09-17,08:30,09:00,1,30
190,2,2026-09-26,15:00,15:30,1,30
191,2,2026-09-02,10:00,10:30,1,30
192,2,2026-09-13,10:30,11:00,1,30
193,2,2026-09-08,17:30,18:00,0,30
194,2,2026-09-29,12:00,12:30,1,30
195,2,2026-09-02,09:00,09:30,1,30
196,2,2026-09-04,10:30,11:00,1,30
197,2,2026-09-05,11:30,12:00,1,30
198,2,2026-09-16,09:00,09:30,1,30
199,2,2026-09-17,17:00,17:30,0,30
200,2,2026-09-29,17:30,18:00,1,30
201,3,2026-09-21,12:30,13:00,0,30
202,3,2026-09-07,17:30,18:00,0,30
203,3,2026-10-01,18:00,18:30,1,30
204,3,2026-09-07,13:00,13:30,1,30
205,3,2026-09-01,12:00,12:30,1,30
206,3,2026-09-21,18:00,18:30,1,30
207,3,2026-09-26,12:30,13:00,1,30
208,3,2026-09-18,13:30,14:00,0,30
209,3,2026-09-07,11:30,12:00,1,30
210,3,2026-09-08,15:00,15:30,1,30
211,3,2026-09-30,09:30,10:00,1,30
212,3,2026-09-06,13:00,13:30,0,30
213,3,2026-09-15,15:00,15:30,1,30
214,3,2026-09-14,09:30,10:00,1,30
215,3,2026-09-05,08:00,08:30,1,30
216,3,2026-09-10,18:30,19:00,1,30
217,3,2026-09-29,12:30,13:00,1,30
218,3,2026-09-19,10:00,10:30,0,30
219,3,2026-09-13,12:30,13:00,1,30
220,3,2026-09-06,09:30,10:00,1,30
221,3,2026-09-28,14:00,14:30,1,30
222,3,2026-09-12,09:00,09:30,1,30
223,3,2026-09-06,08:00,08:30,1,30
224,3,2026-09-18,10:00,10:30,0,30
225,3,2026-09-01,18:30,19:00,1,30
226,3,2026-09-01,08:00,08:30,1,30
227,3,2026-09-17,12:30,13:00,1,30
228,3,2026-09-24,11:00,11:30,1,30
229,3,2026-09-30,08:30,09:00,1,30
230,3,2026-09-30,11:30,12:00,1,30
231,3,2026-09-13,08:00,08:30,1,30
232,3,2026-09-17,13:00,13:30,1,30
233,3,2026-09-16,09:30,10:00,1,30
234,3,2026-09-12,18:30,19:00,1,30
235,3,2026-09-20,15:00,15:30,0,30
236,3,2026-09-26,18:30,19:00,1,30
237,3,2026-09-18,08:30,09:00,1,30
238,3,2026-09-30,15:00,15:30,1,30
239,3,2026-09-08,10:00,10:30,1,30
240,3,2026-09-28,16:00,16:30,1,30
241,3,2026-09-28,12:00,12:30,1,30
242,3,2026-09-13,10:30,11:00,1,30
243,3,2026-09-14,18:00,18:30,1,30
244,3,2026-09-06,08:30,09:00,1,30
245,3,2026-09-28,10:00,10:30,1,30
246,3,2026-09-19,08:00,08:30,0,30
247,3,2026-09-09,12:00,12:30,0,30
248,3,2026-09-07,18:00,18:30,1,30
249,3,2026-09-08,08:00,08:30,1,30
250,3,2026-09-09,08:00,08:30,1,30
251,3,2026-09-14,14:00,14:30,1,30
252,3,2026-09-30,11:00,11:30,1,30
253,3,2026-09-03,13:00,13:30,0,30
254,3,2026-09-08,16:00,16:30,1,30
255,3,2026-09-30,09:30,10:00,1,30
256,3,2026-09-11,09:30,10:00,0,30
257,3,2026-09-09,13:00,13:30,1,30
258,3,2026-09-06,15:30,16:00,1,30
259,3,2026-09-16,13:30,14:00,1,30
260,3,2026-09-02,11:30,12:00,1,30
261,3,2026-09-09,09:00,09:30,1,30
262,3,2026-09-27,17:00,17:30,1,30
263,3,2026-09-10,16:30,17:00,1,30
264,3,2026-09-06,11:00,11:30,1,30
265,3,2026-09-13,12:30,13:00,0,30
266,3,2026-09-01,12:00,12:30,1,30
267,3,2026-09-21,18:00,18:30,0,30
268,3,2026-09-04,18:30,19:00,1,30
269,3,2026-09-29,18:30,19:00,1,30
270,3,2026-09-18,18:00,18:30,0,30
271,3,2026-09-23,10:30,11:00,0,30
272,3,2026-09-25,15:00,15:30,1,30
273,3,2026-09-01,10:30,11:00,0,30
274,3,2026-09-15,09:00,09:30,0,30
275,3,2026-09-28,17:30,18:00,0,30
276,3,2026-09-15,11:00,11:30,0,30
277,3,2026-09-06,09:30,10:00,1,30
278,3,2026-09-03,12:00,12:30,0,30
279,3,2026-09-05,10:00,10:30,1,30
280,3,2026-09-17,09:30,10:00,1,30
281,3,2026-09-11,11:30,12:00,0,30
282,3,2026-09-25,18:30,19:00,1,30
283,3,2026-09-04,08:00,08:30,1,30
284,3,2026-09-05,13:30,14:00,1,30
285,3,2026-09-07,15:00,15:30,0,30
286,3,2026-09-29,13:30,14:00,1,30
287,3,2026-09-06,15:30,16:00,1,30
288,3,2026-09-15,17:00,17:30,1,30
289,3,2026-09-26,08:00,08:30,1,30
290,3,2026-09-08,09:30,10:00,0,30
291,3,2026-09-08,16:30,17:00,0,30
292,3,2026-09-08,17:30,18:00,1,30
293,3,2026-09-07,13:30,14:00,1,30
294,3,2026-09-27,11:00,11:30,0,30
295,3,2026-09-11,08:30,09:00,1,30
296,3,2026-09-10,18:30,19:00,0,30
297,3,2026-09-13,16:30,17:00,1,30
298,3,2026-09-03,18:00,18:30,1,30
299,3,2026-09-26,11:00,11:30,1,30
300,3,2026-09-27,10:30,11:00,0,30
301,4,2026-09-27,13:30,14:00,1,30
302,4,2026-09-07,11:30,12:00,0,30
303,4,2026-09-26,15:00,15:30,0,30
304,4,2026-09-30,16:30,17:00,1,30
305,4,2026-10-01,10:00,10:30,1,30
306,4,2026-09-05,15:30,16:00,0,30
307,4,2026-09-24,11:00,11:30,1,30
308,4,2026-09-02,16:30,17:00,0,30
309,4,2026-09-17,09:00,09:30,1,30
310,4,2026-09-30,09:30,10:00,1,30
311,4,2026-09-04,10:30,11:00,0,30
312,4,2026-09-01,14:30,15:00,1,30
313,4,2026-09-10,14:30,15:00,1,30
314,4,2026-09-04,16:30,17:00,0,30
315,4,2026-09-03,12:00,12:30,1,30
316,4,2026-09-16,11:30,12:00,0,30
317,4,2026-09-16,10:00,10:30,1,30
318,4,2026-09-21,18:30,19:00,0,30
319,4,2026-09-19,13:00,13:30,0,30
320,4,2026-09-16,15:30,16:00,1,30
321,4,2026-09-26,14:30,15:00,0,30
322,4,2026-09-15,08:00,08:30,1,30
323,4,2026-09-19,15:00,15:30,0,30
324,4,2026-09-16,11:30,12:00,1,30
325,4,2026-09-01,16:30,17:00,1,30
326,4,2026-09-28,08:30,09:00,1,30
327,4,2026-09-04,15:30,16:00,1,30
328,4,2026-09-30,17:30,18:00,1,30
329,4,2026-09-27,16:00,16:30,1,30
330,4,2026-09-06,08:00,08:30,0,30
331,4,2026-09-06,13:00,13:30,1,30
332,4,2026-09-18,09:30,10:00,1,30
333,4,2026-10-01,15:00,15:30,0,30
334,4,2026-09-30,17:30,18:00,1,30
335,4,2026-09-28,14:00,14:30,0,30
336,4,2026-09-28,18:30,19:00,1,30
337,4,2026-09-16,13:00,13:30,1,30
338,4,2026-09-22,17:30,18:00,1,30
339,4,2026-09-01,13:30,14:00,0,30
340,4,2026-09-13,13:00,13:30,1,30
341,4,2026-09-29,16:00,16:30,0,30
342,4,2026-09-07,11:00,11:30,1,30
343,4,2026-09-11,16:30,17:00,0,30
344,4,2026-09-12,12:30,13:00,0,30
345,4,2026-09-02,13:00,13:30,1,30
346,4,2026-09-23,15:30,16:00,0,30
347,4,2026-09-10,16:00,16:30,0,30
348,4,2026-09-29,14:00,14:30,1,30
349,4,2026-09-01,16:00,16:30,0,30
350,4,2026-09-23,13:00,13:30,1,30
351,4,2026-09-17,13:00,13:30,1,30
352,4,2026-09-08,16:00,16:30,1,30
353,4,2026-09-12,12:30,13:00,1,30
354,4,2026-09-14,12:00,12:30,1,30
355,4,2026-09-10,16:00,16:30,1,30
356,4,2026-09-07,14:00,14:30,0,30
357,4,2026-09-05,16:00,16:30,1,30
358,4,2026-09-08,16:00,16:30,1,30
359,4,2026-09-19,10:30,11:00,0,30
360,4,2026-09-04,10:00,10:30,1,30
361,4,2026-09-25,12:00,12:30,1,30
362,4,2026-09-01,11:30,12:00,0,30
363,4,2026-09-26,09:00,09:30,1,30
364,4,2026-09-24,09:00,09:30,0,30
365,4,2026-09-11,11:30,12:00,1,30
366,4,2026-09-23,11:30,12:00,1,30
367,4,2026-09-19,18:30,19:00,1,30
368,4,2026-09-13,15:30,16:00,0,30
369,4,2026-09-02,18:00,18:30,0,30
370,4,2026-09-13,12:00,12:30,1,30
371,4,2026-09-08,11:30,12:00,1,30
372,4,2026-09-17,14:30,15:00,1,30
373,4,2026-09-22,13:30,14:00,0,30
374,4,2026-09-07,14:30,15:00,1,30
375,4,2026-09-14,14:30,15:00,1,30
376,4,2026-09-14,14:00,14:30,1,30
377,4,2026-09-16,16:30,17:00,1,30
378,4,2026-09-02,17:30,18:00,1,30
379,4,2026-09-15,08:30,09:00,1,30
380,4,2026-09-06,08:30,09:00,1,30
381,4,2026-09-01,18:30,19:00,0,30
382,4,2026-09-22,18:30,19:00,1,30
383,4,2026-09-24,11:00,11:30,1,30
384,4,2026-09-22,18:30,19:00,1,30
385,4,2026-09-18,16:00,16:30,0,30
386,4,2026-09-26,14:30,15:00,1,30
387,4,2026-09-15,10:00,10:30,1,30
388,4,2026-09-26,15:00,15:30,1,30
389,4,2026-09-17,13:00,13:30,0,30
390,4,2026-09-23,18:00,18:30,0,30
391,4,2026-09-02,09:00,09:30,1,30
392,4,2026-09-09,09:30,10:00,1,30
393,4,2026-09-08,15:00,15:30,0,30
394,4,2026-09-12,15:30,16:00,1,30
395,4,2026-09-05,16:00,16:30,0,30
396,4,2026-09-10,12:00,12:30,0,30
397,4,2026-09-07,12:00,12:30,1,30
398,4,2026-09-28,17:00,17:30,0,30
399,4,2026-09-22,13:00,13:30,0,30
400,4,2026-09-06,08:00,08:30,0,30
401,5,2026-09-21,14:00,14:30,1,30
402,5,2026-09-13,12:30,13:00,1,30
403,5,2026-09-13,18:30,19:00,1,30
404,5,2026-09-04,18:00,18:30,1,30
405,5,2026-09-21,15:00,15:30,1,30
406,5,2026-10-01,10:00,10:30,1,30
407,5,2026-09-19,18:00,18:30,0,30
408,5,2026-09-06,13:30,14:00,1,30
409,5,2026-09-17,14:30,15:00,1,30
410,5,2026-09-16,16:00,16:30,1,30
411,5,2026-09-09,16:00,16:30,1,30
412,5,2026-09-11,08:00,08:30,1,30
413,5,2026-09-17,18:00,18:30,0,30
414,5,2026-09-26,08:30,09:00,1,30
415,5,2026-09-10,11:00,11:30,0,30
416,5,2026-09-01,11:00,11:30,1,30
417,5,2026-09-15,13:00,13:30,0,30
418,5,2026-09-07,12:00,12:30,0,30
419,5,2026-09-02,09:30,10:00,1,30
420,5,2026-09-21,12:00,12:30,1,30
421,5,2026-09-16,10:00,10:30,0,30
422,5,2026-09-04,12:30,13:00,1,30
423,5,2026-09-22,16:30,17:00,1,30
424,5,2026-09-24,17:30,18:00,0,30
425,5,2026-09-30,16:00,16:30,1,30
426,5,2026-09-18,09:00,09:30,1,30
427,5,2026-09-02,16:30,17:00,1,30
428,5,2026-09-16,17:30,18:00,0,30
429,5,2026-09-05,15:00,15:30,0,30
430,5,2026-09-18,16:00,16:30,1,30
431,5,2026-09-10,15:30,16:00,1,30
432,5,2026-09-22,08:00,08:30,0,30
433,5,2026-09-09,18:30,19:00,1,30
434,5,2026-09-04,18:00,18:30,1,30
435,5,2026-09-19,13:00,13:30,1,30
436,5,2026-09-27,16:30,17:00,0,30
437,5,2026-09-27,09:00,09:30,1,30
438,5,2026-09-01,08:00,08:30,0,30
439,5,2026-09-06,09:00,09:30,0,30
440,5,2026-09-27,10:30,11:00,1,30
441,5,2026-09-03,14:30,15:00,1,30
442,5,2026-09-23,18:00,18:30,1,30
443,5,2026-09-08,14:00,14:30,1,30
444,5,2026-09-05,11:30,12:00,1,30
445,5,2026-09-01,17:30,18:00,0,30
446,5,2026-10-01,18:00,18:30,1,30
447,5,2026-09-20,14:00,14:30,1,30
448,5,2026-09-19,08:30,09:00,0,30
449,5,2026-09-26,13:30,14:00,1,30
450,5,2026-09-04,18:00,18:30,0,30
451,5,2026-09-19,11:00,11:30,1,30
452,5,2026-09-26,12:30,13:00,0,30
453,5,2026-09-23,10:00,10:30,1,30
454,5,2026-09-06,17:00,17:30,1,30
455,5,2026-09-27,08:00,08:30,1,30
456,5,2026-10-01,09:00,09:30,1,30
457,5,2026-09-25,15:30,16:00,0,30
458,5,2026-09-17,16:30,17:00,0,30
459,5,2026-09-26,15:30,16:00,0,30
460,5,2026-09-04,18:00,18:30,0,30
461,5,2026-09-30,09:00,09:30,0,30
462,5,2026-09-24,15:00,15:30,1,30
463,5,2026-09-01,10:30,11:00,1,30
464,5,2026-09-20,12:30,13:00,1,30
465,5,2026-09-24,18:30,19:00,1,30
466,5,2026-09-29,16:30,17:00,1,30
467,5,2026-09-23,15:30,16:00,1,30
468,5,2026-09-30,09:30,10:00,1,30
469,5,2026-09-25,09:30,10:00,1,30
470,5,2026-09-21,12:00,12:30,1,30
471,5,2026-09-22,13:00,13:30,1,30
472,5,2026-09-13,14:00,14:30,0,30
473,5,2026-09-20,18:30,19:00,1,30
474,5,2026-09-26,18:30,19:00,1,30
475,5,2026-09-28,13:00,13:30,1,30
476,5,2026-09-30,09:30,10:00,1,30
477,5,2026-09-16,12:00,12:30,1,30
478,5,2026-09-15,08:30,09:00,0,30
479,5,2026-09-29,16:00,16:30,1,30
480,5,2026-09-19,08:00,08:30,1,30
481,5,2026-09-12,16:00,16:30,1,30
482,5,2026-09-19,16:30,17:00,1,30
483,5,2026-09-10,08:30,09:00,1,30
484,5,2026-09-07,13:30,14:00,0,30
485,5,2026-09-05,11:00,11:30,1,30
486,5,2026-09-01,13:30,14:00,1,30
487,5,2026-09-09,09:30,10:00,1,30
488,5,2026-09-27,11:30,12:00,1,30
489,5,2026-09-24,09:30,10:00,0,30
490,5,2026-09-07,09:00,09:30,0,30
491,5,2026-10-01,12:00,12:30,1,30
492,5,2026-09-19,14:00,14:30,0,30
493,5,2026-09-13,09:00,09:30,1,30
494,5,2026-09-03,10:30,11:00,0,30
495,5,2026-09-27,17:30,18:00,1,30
496,5,2026-09-21,12:30,13:00,1,30
497,5,2026-09-04,09:30,10:00,1,30
498,5,2026-09-17,11:30,12:00,1,30
499,5,2026-09-08,14:30,15:00,0,30
500,5,2026-09-24,12:30,13:00,1,30
501,6,2026-09-09,13:00,13:30,0,30
502,6,2026-09-12,16:30,17:00,1,30
503,6,2026-09-26,17:30,18:00,0,30
504,6,2026-09-06,10:30,11:00,1,30
505,6,2026-09-29,11:00,11:30,1,30
506,6,2026-10-01,16:30,17:00,1,30
507,6,2026-09-22,18:00,18:30,1,30
508,6,2026-09-02,12:00,12:30,0,30
509,6,2026-09-07,15:00,15:30,0,30
510,6,2026-09-20,17:00,17:30,1,30
511,6,2026-09-19,18:30,19:00,1,30
512,6,2026-09-10,18:00,18:30,0,30
513,6,2026-09-28,17:30,18:00,0,30
514,6,2026-09-28,13:00,13:30,1,30
515,6,2026-09-23,13:30,14:00,1,30
516,6,2026-09-20,13:30,14:00,1,30
517,6,2026-09-08,08:00,08:30,0,30
518,6,2026-09-04,12:00,12:30,1,30
519,6,2026-09-19,08:00,08:30,1,30
520,6,2026-09-15,15:00,15:30,0,30
521,6,2026-09-23,08:00,08:30,1,30
522,6,2026-09-29,12:00,12:30,1,30
523,6,2026-09-13,08:00,08:30,0,30
524,6,2026-09-14,14:00,14:30,1,30
525,6,2026-09-18,13:00,13:30,1,30
526,6,2026-09-11,12:30,13:00,0,30
527,6,2026-09-21,17:00,17:30,1,30
528,6,2026-09-02,10:30,11:00,1,30
529,6,2026-09-22,17:30,18:00,1,30
530,6,2026-09-07,10:00,10:30,0,30
531,6,2026-09-15,11:30,12:00,1,30
532,6,2026-09-12,12:30,13:00,0,30
533,6,2026-09-13,15:00,15:30,1,30
534,6,2026-09-15,09:00,09:30,0,30
535,6,2026-09-08,09:00,09:30,0,30
536,6,2026-09-25,13:30,14:00,0,30
537,6,2026-09-12,13:00,13:30,1,30
538,6,2026-09-18,13:00,13:30,1,30
539,6,2026-09-26,14:00,14:30,1,30
540,6,2026-09-11,17:30,18:00,1,30
541,6,2026-09-12,10:00,10:30,1,30
542,6,2026-09-21,10:00,10:30,0,30
543,6,2026-09-09,11:30,12:00,1,30
544,6,2026-09-10,15:00,15:30,1,30
545,6,2026-09-06,11:30,12:00,1,30
546,6,2026-09-05,15:00,15:30,0,30
547,6,2026-09-01,17:30,18:00,1,30
548,6,2026-09-11,10:00,10:30,1,30
549,6,2026-09-29,16:00,16:30,1,30
550,6,2026-09-15,08:30,09:00,1,30
551,6,2026-09-09,18:30,19:00,1,30
552,6,2026-09-03,08:00,08:30,1,30
553,6,2026-09-08,11:00,11:30,1,30
554,6,2026-09-08,11:30,12:00,1,30
555,6,2026-09-10,12:30,13:00,1,30
556,6,2026-09-28,17:30,18:00,1,30
557,6,2026-09-12,14:30,15:00,1,30
558,6,2026-09-10,10:30,11:00,1,30
559,6,2026-09-14,08:30,09:00,1,30
560,6,2026-09-05,17:30,18:00,0,30
561,6,2026-09-22,12:30,13:00,1,30
562,6,2026-09-26,08:30,09:00,0,30
563,6,2026-09-07,12:00,12:30,1,30
564,6,2026-09-18,09:30,10:00,1,30
565,6,2026-09-25,16:30,17:00,1,30
566,6,2026-09-09,18:00,18:30,1,30
567,6,2026-09-12,13:30,14:00,1,30
568,6,2026-09-30,16:00,16:30,0,30
569,6,2026-09-09,15:30,16:00,1,30
570,6,2026-09-24,09:30,10:00,1,30
571,6,2026-09-28,08:30,09:00,0,30
572,6,2026-09-01,16:00,16:30,1,30
573,6,2026-09-26,13:30,14:00,0,30
574,6,2026-09-01,13:30,14:00,0,30
575,6,2026-09-25,12:00,12:30,1,30
576,6,2026-09-04,18:00,18:30,0,30
577,6,2026-09-15,16:00,16:30,1,30
578,6,2026-09-05,08:30,09:00,1,30
579,6,2026-09-16,08:00,08:30,1,30
580,6,2026-09-29,10:00,10:30,1,30
581,6,2026-10-01,18:30,19:00,0,30
582,6,2026-09-30,14:00,14:30,1,30
583,6,2026-10-01,10:00,10:30,1,30
584,6,2026-09-17,17:30,18:00,1,30
585,6,2026-09-09,11:00,11:30,1,30
586,6,2026-09-11,10:00,10:30,1,30
587,6,2026-10-01,09:00,09:30,1,30
588,6,2026-09-21,18:30,19:00,1,30
589,6,2026-09-30,13:30,14:00,1,30
590,6,2026-09-07,11:30,12:00,0,30
591,6,2026-09-21,15:30,16:00,1,30
592,6,2026-09-23,10:30,11:00,1,30
593,6,2026-09-27,15:30,16:00,1,30
594,6,2026-09-03,12:00,12:30,1,30
595,6,2026-09-04,11:30,12:00,1,30
596,6,2026-09-10,13:00,13:30,0,30
597,6,2026-09-05,08:30,09:00,1,30
598,6,2026-09-19,11:00,11:30,1,30
599,6,2026-09-05,14:00,14:30,1,30
600,6,2026-09-11,10:30,11:00,1,30
601,7,2026-09-25,10:00,10:30,1,30
602,7,2026-09-01,10:00,10:30,0,30
603,7,2026-09-03,16:00,16:30,1,30
604,7,2026-09-19,08:00,08:30,0,30
605,7,2026-09-27,11:00,11:30,0,30
606,7,2026-09-28,17:00,17:30,1,30
607,7,2026-09-01,10:00,10:30,1,30
608,7,2026-09-05,08:00,08:30,0,30
609,7,2026-09-17,12:00,12:30,0,30
610,7,2026-09-07,16:00,16:30,0,30
611,7,2026-09-05,11:30,12:00,1,30
612,7,2026-09-02,13:30,14:00,1,30
613,7,2026-09-14,16:30,17:00,1,30
614,7,2026-09-30,16:30,17:00,1,30
615,7,2026-09-19,12:30,13:00,1,30
616,7,2026-09-13,12:00,12:30,1,30
617,7,2026-09-13,17:00,17:30,1,30
618,7,2026-09-23,13:00,13:30,1,30
619,7,2026-09-11,16:00,16:30,1,30
620,7,2026-09-16,17:30,18:00,0,30
621,7,2026-09-05,14:00,14:30,0,30
622,7,2026-09-07,16:30,17:00,1,30
623,7,2026-09-30,11:30,12:00,1,30
624,7,2026-09-17,12:00,12:30,0,30
625,7,2026-09-23,08:30,09:00,1,30
626,7,2026-09-25,10:30,11:00,1,30
627,7,2026-09-16,13:30,14:00,1,30
628,7,2026-09-04,13:30,14:00,0,30
629,7,2026-09-12,16:00,16:30,1,30
630,7,2026-09-12,13:30,14:00,1,30
631,7,2026-09-28,15:30,16:00,1,30
632,7,2026-09-26,13:00,13:30,0,30
633,7,2026-09-20,12:30,13:00,1,30
634,7,2026-09-22,16:30,17:00,0,30
635,7,2026-09-25,12:00,12:30,1,30
636,7,2026-09-01,15:30,16:00,1,30
637,7,2026-09-07,15:30,16:00,1,30
638,7,2026-09-05,13:00,13:30,1,30
639,7,2026-09-13,09:00,09:30,1,30
640,7,2026-09-23,16:30,17:00,0,30
641,7,2026-09-27,14:00,14:30,0,30
642,7,2026-09-16,11:00,11:30,0,30
643,7,2026-09-30,09:00,09:30,1,30
644,7,2026-09-14,12:30,13:00,0,30
645,7,2026-09-15,10:30,11:00,0,30
646,7,2026-09-17,13:30,14:00,0,30
647,7,2026-09-16,15:00,15:30,0,30
648,7,2026-09-23,17:00,17:30,1,30
649,7,2026-09-26,10:00,10:30,1,30
650,7,2026-09-18,10:00,10:30,0,30
651,7,2026-09-13,18:30,19:00,1,30
652,7,2026-09-20,13:00,13:30,0,30
653,7,2026-09-22,15:30,16:00,1,30
654,7,2026-09-05,12:00,12:30,1,30
655,7,2026-09-19,15:00,15:30,0,30
656,7,2026-09-29,11:30,12:00,1,30
657,7,2026-09-18,08:00,08:30,0,30
658,7,2026-09-27,15:30,16:00,1,30
659,7,2026-09-12,13:00,13:30,1,30
660,7,2026-09-29,15:00,15:30,1,30
661,7,2026-09-06,10:00,10:30,1,30
662,7,2026-09-04,14:00,14:30,1,30
663,7,2026-09-05,15:00,15:30,1,30
664,7,2026-09-07,09:30,10:00,1,30
665,7,2026-09-14,09:30,10:00,1,30
666,7,2026-09-05,18:30,19:00,0,30
667,7,2026-09-23,15:00,15:30,0,30
668,7,2026-09-30,10:00,10:30,0,30
669,7,2026-09-03,16:00,16:30,1,30
670,7,2026-09-14,13:30,14:00,0,30
671,7,2026-09-28,15:30,16:00,0,30
672,7,2026-09-27,11:30,12:00,1,30
673,7,2026-09-13,14:00,14:30,1,30
674,7,2026-09-27,10:30,11:00,1,30
675,7,2026-09-25,09:00,09:30,0,30
676,7,2026-09-02,18:30,19:00,1,30
677,7,2026-09-18,12:30,13:00,1,30
678,7,2026-09-08,13:30,14:00,1,30
679,7,2026-09-19,10:00,10:30,0,30
680,7,2026-09-20,10:00,10:30,0,30
681,7,2026-09-27,10:30,11:00,1,30
682,7,2026-09-11,09:30,10:00,1,30
683,7,2026-09-02,18:30,19:00,1,30
684,7,2026-10-01,13:00,13:30,1,30
685,7,2026-09-09,16:00,16:30,1,30
686,7,2026-09-30,15:00,15:30,1,30
687,7,2026-09-27,10:00,10:30,1,30
688,7,2026-09-30,16:30,17:00,0,30
689,7,2026-09-22,15:00,15:30,1,30
690,7,2026-09-22,11:00,11:30,1,30
691,7,2026-09-20,18:00,18:30,1,30
692,7,2026-09-01,17:00,17:30,0,30
693,7,2026-09-01,12:00,12:30,1,30
694,7,2026-09-16,10:00,10:30,1,30
695,7,2026-09-23,08:30,09:00,1,30
696,7,2026-09-09,11:30,12:00,1,30
697,7,2026-09-06,15:00,15:30,0,30
698,7,2026-09-01,12:00,12:30,1,30
699,7,2026-09-13,18:30,19:00,0,30
700,7,2026-09-17,18:30,19:00,1,30
701,8,2026-09-14,09:00,09:30,1,30
702,8,2026-09-02,14:30,15:00,1,30
703,8,2026-09-12,10:00,10:30,0,30
704,8,2026-09-06,13:00,13:30,1,30
705,8,2026-09-20,17:00,17:30,0,30
706,8,2026-10-01,16:00,16:30,1,30
707,8,2026-09-17,13:00,13:30,1,30
708,8,2026-09-14,13:30,14:00,1,30
709,8,2026-09-23,10:00,10:30,1,30
710,8,2026-09-11,14:30,15:00,0,30
711,8,2026-09-30,11:00,11:30,0,30
712,8,2026-09-19,09:30,10:00,1,30
713,8,2026-09-01,10:00,10:30,1,30
714,8,2026-09-10,10:00,10:30,1,30
715,8,2026-09-07,09:00,09:30,1,30
716,8,2026-09-19,14:30,15:00,1,30
717,8,2026-09-19,18:00,18:30,0,30
718,8,2026-09-03,14:30,15:00,1,30
719,8,2026-09-24,14:30,15:00,1,30
720,8,2026-09-10,11:30,12:00,0,30
721,8,2026-09-19,16:30,17:00,1,30
722,8,2026-09-25,17:30,18:00,1,30
723,8,2026-09-17,16:30,17:00,0,30
724,8,2026-09-02,09:00,09:30,1,30
725,8,2026-09-30,13:30,14:00,0,30
726,8,2026-09-06,13:00,13:30,0,30
727,8,2026-09-22,17:30,18:00,0,30
728,8,2026-09-12,10:30,11:00,0,30
729,8,2026-09-30,08:00,08:30,0,30
730,8,2026-09-01,10:00,10:30,1,30
731,8,2026-09-16,11:00,11:30,0,30
732,8,2026-09-19,10:00,10:30,0,30
733,8,2026-09-23,16:00,16:30,0,30
734,8,2026-09-15,17:00,17:30,0,30
735,8,2026-09-22,15:30,16:00,1,30
736,8,2026-09-08,17:00,17:30,1,30
737,8,2026-09-13,09:30,10:00,1,30
738,8,2026-09-07,14:30,15:00,1,30
739,8,2026-09-22,11:30,12:00,1,30
740,8,2026-09-13,12:30,13:00,1,30
741,8,2026-09-05,17:00,17:30,1,30
742,8,2026-09-10,18:00,18:30,1,30
743,8,2026-09-19,08:30,09:00,1,30
744,8,2026-09-16,16:30,17:00,1,30
745,8,2026-09-20,09:30,10:00,1,30
746,8,2026-09-04,08:30,09:00,1,30
747,8,2026-09-20,18:30,19:00,1,30
748,8,2026-09-17,11:30,12:00,0,30
749,8,2026-09-19,13:00,13:30,1,30
750,8,2026-09-05,09:30,10:00,1,30
751,8,2026-09-12,12:30,13:00,0,30
752,8,2026-09-04,15:00,15:30,1,30
753,8,2026-09-29,09:30,10:00,0,30
754,8,2026-09-11,18:30,19:00,1,30
755,8,2026-09-20,18:00,18:30,1,30
756,8,2026-09-29,16:30,17:00,1,30
757,8,2026-09-21,13:30,14:00,1,30
758,8,2026-09-30,10:00,10:30,0,30
759,8,2026-09-30,13:30,14:00,1,30
760,8,2026-09-14,12:30,13:00,1,30
761,8,2026-09-04,18:30,19:00,1,30
762,8,2026-09-21,17:30,18:00,1,30
763,8,2026-09-26,15:00,15:30,0,30
764,8,2026-09-05,14:00,14:30,1,30
765,8,2026-09-15,13:30,14:00,1,30
766,8,2026-09-01,11:30,12:00,1,30
767,8,2026-09-06,14:00,14:30,0,30
768,8,2026-09-14,17:00,17:30,0,30
769,8,2026-09-14,16:00,16:30,1,30
770,8,2026-09-23,15:00,15:30,1,30
771,8,2026-09-21,09:30,10:00,1,30
772,8,2026-09-07,15:00,15:30,1,30
773,8,2026-09-05,18:30,19:00,1,30
774,8,2026-09-21,09:30,10:00,0,30
775,8,2026-09-08,14:30,15:00,1,30
776,8,2026-09-22,17:30,18:00,0,30
777,8,2026-09-03,16:30,17:00,1,30
778,8,2026-09-12,11:30,12:00,1,30
779,8,2026-09-03,14:30,15:00,1,30
780,8,2026-09-23,18:00,18:30,1,30
781,8,2026-09-16,13:30,14:00,0,30
782,8,2026-09-22,14:30,15:00,0,30
783,8,2026-09-20,11:30,12:00,1,30
784,8,2026-09-30,18:00,18:30,1,30
785,8,2026-09-21,18:00,18:30,1,30
786,8,2026-09-19,18:00,18:30,1,30
787,8,2026-09-18,13:30,14:00,1,30
788,8,2026-09-21,16:00,16:30,1,30
789,8,2026-09-17,09:30,10:00,0,30
790,8,2026-09-02,17:30,18:00,0,30
791,8,2026-09-27,13:00,13:30,1,30
792,8,2026-09-15,14:00,14:30,1,30
793,8,2026-09-28,15:00,15:30,1,30
794,8,2026-09-15,12:30,13:00,1,30
795,8,2026-09-19,14:30,15:00,1,30
796,8,2026-09-25,16:30,17:00,1,30
797,8,2026-09-19,09:30,10:00,1,30
798,8,2026-09-27,17:00,17:30,1,30
799,8,2026-09-11,14:30,15:00,1,30
800,8,2026-09-04,13:30,14:00,0,30
801,9,2026-09-14,15:00,15:30,1,30
802,9,2026-09-10,12:00,12:30,0,30
803,9,2026-09-14,18:30,19:00,0,30
804,9,2026-09-21,16:30,17:00,0,30
805,9,2026-09-16,16:30,17:00,1,30
806,9,2026-09-09,10:00,10:30,1,30
807,9,2026-09-10,17:00,17:30,0,30
808,9,2026-09-04,11:30,12:00,1,30
809,9,2026-09-29,15:30,16:00,1,30
810,9,2026-09-09,17:00,17:30,1,30
811,9,2026-09-08,09:00,09:30,1,30
812,9,2026-09-29,12:00,12:30,1,30
813,9,2026-09-16,12:00,12:30,1,30
814,9,2026-09-13,09:00,09:30,1,30
815,9,2026-09-02,14:00,14:30,1,30
816,9,2026-09-05,18:00,18:30,1,30
817,9,2026-09-15,08:30,09:00,1,30
818,9,2026-09-30,14:00,14:30,0,30
819,9,2026-09-19,16:30,17:00,1,30
820,9,2026-10-01,14:00,14:30,1,30
821,9,2026-09-26,13:00,13:30,1,30
822,9,2026-09-08,18:30,19:00,1,30
823,9,2026-09-18,16:30,17:00,1,30
824,9,2026-10-01,13:00,13:30,1,30
825,9,2026-09-08,11:30,12:00,0,30
826,9,2026-09-19,16:30,17:00,1,30
827,9,2026-09-02,18:30,19:00,1,30
828,9,2026-09-30,16:30,17:00,1,30
829,9,2026-09-30,08:30,09:00,1,30
830,9,2026-09-13,11:00,11:30,0,30
831,9,2026-09-04,17:30,18:00,0,30
832,9,2026-09-29,09:30,10:00,1,30
833,9,2026-09-07,10:00,10:30,1,30
834,9,2026-09-05,13:00,13:30,1,30
835,9,2026-10-01,13:30,14:00,1,30
836,9,2026-09-02,15:00,15:30,1,30
837,9,2026-09-05,18:00,18:30,0,30
838,9,2026-09-30,14:30,15:00,1,30
839,9,2026-09-23,18:30,19:00,1,30
840,9,2026-09-15,16:00,16:30,1,30
841,9,2026-09-29,09:30,10:00,0,30
842,9,2026-09-19,12:00,12:30,0,30
843,9,2026-09-08,09:30,10:00,1,30
844,9,2026-09-12,11:00,11:30,0,30
845,9,2026-09-07,14:00,14:30,1,30
846,9,2026-09-25,14:30,15:00,1,30
847,9,2026-09-17,18:00,18:30,1,30
848,9,2026-09-11,16:00,16:30,0,30
849,9,2026-09-22,16:00,16:30,0,30
850,9,2026-09-07,11:30,12:00,1,30
851,9,2026-09-09,16:00,16:30,1,30
852,9,2026-09-13,16:30,17:00,1,30
853,9,2026-09-29,15:00,15:30,1,30
854,9,2026-09-27,18:30,19:00,1,30
855,9,2026-09-02,17:00,17:30,1,30
856,9,2026-09-03,10:00,10:30,1,30
857,9,2026-10-01,12:30,13:00,0,30
858,9,2026-09-28,14:00,14:30,1,30
859,9,2026-09-24,17:30,18:00,1,30
860,9,2026-09-06,14:30,15:00,1,30
861,9,2026-09-24,16:00,16:30,1,30
862,9,2026-09-02,12:00,12:30,1,30
863,9,2026-09-24,12:30,13:00,1,30
864,9,2026-09-23,14:30,15:00,1,30
865,9,2026-09-24,10:00,10:30,1,30
866,9,2026-09-24,10:00,10:30,0,30
867,9,2026-09-11,14:30,15:00,1,30
868,9,2026-09-02,12:30,13:00,1,30
869,9,2026-09-07,13:30,14:00,1,30
870,9,2026-09-20,09:00,09:30,1,30
871,9,2026-09-27,09:30,10:00,1,30
872,9,2026-09-02,09:30,10:00,1,30
873,9,2026-09-20,10:00,10:30,1,30
874,9,2026-09-15,10:30,11:00,0,30
875,9,2026-10-01,09:00,09:30,1,30
876,9,2026-09-16,09:30,10:00,0,30
877,9,2026-09-10,14:00,14:30,0,30
878,9,2026-09-07,13:00,13:30,1,30
879,9,2026-09-01,09:30,10:00,1,30
880,9,2026-09-14,11:00,11:30,0,30
881,9,2026-09-08,10:30,11:00,1,30
882,9,2026-09-24,17:30,18:00,0,30
883,9,2026-09-09,16:30,17:00,0,30
884,9,2026-09-28,17:30,18:00,1,30
885,9,2026-09-08,12:30,13:00,1,30
886,9,2026-09-05,13:00,13:30,1,30
887,9,2026-09-23,09:00,09:30,1,30
888,9,2026-09-20,08:00,08:30,1,30
889,9,2026-10-01,11:00,11:30,1,30
890,9,2026-09-28,15:30,16:00,1,30
891,9,2026-09-08,18:00,18:30,0,30
892,9,2026-09-13,15:30,16:00,0,30
893,9,2026-09-22,09:00,09:30,0,30
894,9,2026-09-02,13:30,14:00,0,30
895,9,2026-09-25,17:00,17:30,1,30
896,9,2026-09-07,18:00,18:30,1,30
897,9,2026-09-15,16:00,16:30,0,30
898,9,2026-09-23,14:00,14:30,1,30
899,9,2026-09-23,11:00,11:30,1,30
900,9,2026-09-27,16:00,16:30,1,30
901,10,2026-09-14,17:30,18:00,1,30
902,10,2026-09-13,12:00,12:30,1,30
903,10,2026-09-12,17:00,17:30,1,30
904,10,2026-09-21,14:30,15:00,1,30
905,10,2026-10-01,09:00,09:30,0,30
906,10,2026-09-07,17:30,18:00,0,30
907,10,2026-09-19,12:00,12:30,0,30
908,10,2026-09-12,17:00,17:30,1,30
909,10,2026-09-19,10:00,10:30,1,30
910,10,2026-09-22,13:00,13:30,0,30
911,10,2026-09-20,12:30,13:00,1,30
912,10,2026-09-04,12:30,13:00,1,30
913,10,2026-09-29,14:30,15:00,1,30
914,10,2026-09-26,11:00,11:30,0,30
915,10,2026-09-28,14:30,15:00,1,30
916,10,2026-09-21,13:00,13:30,1,30
917,10,2026-09-26,09:00,09:30,1,30
918,10,2026-09-22,08:00,08:30,1,30
919,10,2026-09-06,11:00,11:30,1,30
920,10,2026-09-06,14:00,14:30,0,30
921,10,2026-09-03,17:30,18:00,1,30
922,10,2026-09-01,11:30,12:00,1,30
923,10,2026-09-24,16:30,17:00,0,30
924,10,2026-09-02,13:30,14:00,0,30
925,10,2026-09-12,10:00,10:30,1,30
926,10,2026-09-10,11:30,12:00,0,30
927,10,2026-09-13,16:00,16:30,1,30
928,10,2026-09-19,11:00,11:30,1,30
929,10,2026-09-18,13:30,14:00,0,30
930,10,2026-09-02,08:00,08:30,0,30
931,10,2026-09-01,12:00,12:30,1,30
932,10,2026-09-01,12:00,12:30,1,30
933,10,2026-09-07,11:00,11:30,1,30
934,10,2026-09-27,14:30,15:00,1,30
935,10,2026-09-23,16:00,16:30,0,30
936,10,2026-09-12,11:00,11:30,1,30
937,10,2026-09-22,08:00,08:30,1,30
938,10,2026-09-17,10:30,11:00,0,30
939,10,2026-09-20,13:30,14:00,1,30
940,10,2026-09-30,15:00,15:30,1,30
941,10,2026-09-30,16:30,17:00,0,30
942,10,2026-09-26,14:30,15:00,0,30
943,10,2026-09-11,17:00,17:30,1,30
944,10,2026-09-17,17:30,18:00,0,30
945,10,2026-09-01,18:00,18:30,1,30
946,10,2026-09-13,17:00,17:30,0,30
947,10,2026-09-14,12:30,13:00,0,30
948,10,2026-09-27,09:00,09:30,0,30
949,10,2026-09-02,16:30,17:00,1,30
950,10,2026-09-13,11:30,12:00,0,30
951,10,2026-09-06,12:00,12:30,1,30
952,10,2026-09-03,17:00,17:30,1,30
953,10,2026-10-01,17:00,17:30,1,30
954,10,2026-09-13,08:00,08:30,1,30
955,10,2026-10-01,13:00,13:30,0,30
956,10,2026-09-30,17:30,18:00,1,30
957,10,2026-09-30,13:30,14:00,1,30
958,10,2026-09-27,16:00,16:30,0,30
959,10,2026-09-30,11:00,11:30,0,30
960,10,2026-09-06,15:00,15:30,1,30
961,10,2026-09-14,15:30,16:00,1,30
962,10,2026-09-04,08:30,09:00,1,30
963,10,2026-09-01,13:30,14:00,1,30
964,10,2026-09-11,08:00,08:30,1,30
965,10,2026-09-19,11:00,11:30,0,30
966,10,2026-09-24,13:30,14:00,0,30
967,10,2026-09-12,16:30,17:00,1,30
968,10,2026-09-26,13:30,14:00,1,30
969,10,2026-09-28,15:30,16:00,1,30
970,10,2026-09-30,09:00,09:30,1,30
971,10,2026-09-02,12:00,12:30,1,30
972,10,2026-09-27,15:00,15:30,1,30
973,10,2026-09-20,18:00,18:30,0,30
974,10,2026-09-29,09:00,09:30,0,30
975,10,2026-09-29,09:00,09:30,1,30
976,10,2026-09-02,11:30,12:00,0,30
977,10,2026-09-24,11:00,11:30,1,30
978,10,2026-09-04,18:30,19:00,1,30
979,10,2026-09-14,12:00,12:30,1,30
980,10,2026-09-27,17:00,17:30,1,30
981,10,2026-09-08,10:30,11:00,1,30
982,10,2026-10-01,08:30,09:00,1,30
983,10,2026-09-15,13:00,13:30,1,30
984,10,2026-09-12,16:00,16:30,1,30
985,10,2026-09-08,09:00,09:30,1,30
986,10,2026-09-14,11:30,12:00,0,30
987,10,2026-09-25,08:30,09:00,1,30
988,10,2026-09-12,11:30,12:00,0,30
989,10,2026-09-11,15:30,16:00,0,30
990,10,2026-09-06,16:30,17:00,1,30
991,10,2026-09-16,12:30,13:00,1,30
992,10,2026-09-18,12:00,12:30,1,30
993,10,2026-09-13,13:30,14:00,0,30
994,10,2026-10-01,08:30,09:00,1,30
995,10,2026-09-03,11:30,12:00,0,30
996,10,2026-09-26,15:00,15:30,1,30
997,10,2026-09-28,18:00,18:30,0,30
998,10,2026-09-17,11:30,12:00,0,30
999,10,2026-09-12,09:30,10:00,0,30
1000,10,2026-09-04,11:00,11:30,1,30
1001,11,2026-09-29,12:30,13:00,0,30
1002,11,2026-09-20,12:00,12:30,0,30
1003,11,2026-09-26,08:00,08:30,0,30
1004,11,2026-09-05,09:30,10:00,1,30
1005,11,2026-09-06,16:30,17:00,0,30
1006,11,2026-09-02,15:30,16:00,1,30
1007,11,2026-09-16,18:00,18:30,1,30
1008,11,2026-09-15,13:00,13:30,1,30
1009,11,2026-09-08,16:30,17:00,0,30
1010,11,2026-09-26,08:30,09:00,1,30
1011,11,2026-09-28,16:00,16:30,1,30
1012,11,2026-09-21,11:30,12:00,1,30
1013,11,2026-09-24,12:30,13:00,1,30
1014,11,2026-09-02,12:00,12:30,1,30
1015,11,2026-09-05,12:30,13:00,1,30
1016,11,2026-09-25,10:30,11:00,1,30
1017,11,2026-09-10,08:00,08:30,1,30
1018,11,2026-09-13,08:00,08:30,0,30
1019,11,2026-09-23,12:00,12:30,0,30
1020,11,2026-09-14,13:00,13:30,1,30
1021,11,2026-09-07,08:30,09:00,1,30
1022,11,2026-09-15,14:30,15:00,1,30
1023,11,2026-09-26,18:30,19:00,1,30
1024,11,2026-09-22,09:30,10:00,1,30
1025,11,2026-09-01,12:00,12:30,0,30
1026,11,2026-09-05,14:30,15:00,1,30
1027,11,2026-09-18,08:00,08:30,1,30
1028,11,2026-09-11,13:30,14:00,0,30
1029,11,2026-09-03,14:30,15:00,0,30
1030,11,2026-09-24,11:00,11:30,1,30
1031,11,2026-09-04,09:30,10:00,1,30
1032,11,2026-09-01,11:30,12:00,1,30
1033,11,2026-09-07,10:30,11:00,0,30
1034,11,2026-09-28,16:30,17:00,1,30
1035,11,2026-09-12,13:30,14:00,1,30
1036,11,2026-09-28,08:30,09:00,0,30
1037,11,2026-09-20,09:30,10:00,1,30
1038,11,2026-09-07,09:30,10:00,1,30
1039,11,2026-09-06,11:00,11:30,1,30
1040,11,2026-09-20,13:00,13:30,1,30
1041,11,2026-09-11,10:00,10:30,1,30
1042,11,2026-09-15,16:00,16:30,0,30
1043,11,2026-09-20,16:00,16:30,1,30
1044,11,2026-09-20,18:30,19:00,1,30
1045,11,2026-09-26,11:30,12:00,1,30
1046,11,2026-09-15,18:30,19:00,0,30
1047,11,2026-09-18,16:30,17:00,1,30
1048,11,2026-09-24,09:00,09:30,1,30
1049,11,2026-09-06,16:30,17:00,1,30
1050,11,2026-09-28,09:30,10:00,1,30
1051,11,2026-10-01,11:30,12:00,1,30
1052,11,2026-09-27,18:30,19:00,1,30
1053,11,2026-09-05,16:30,17:00,0,30
1054,11,2026-09-26,16:30,17:00,1,30
1055,11,2026-09-15,08:00,08:30,1,30
1056,11,2026-09-15,14:30,15:00,0,30
1057,11,2026-09-04,11:00,11:30,1,30
1058,11,2026-09-06,12:30,13:00,1,30
1059,11,2026-09-04,11:00,11:30,1,30
1060,11,2026-09-25,11:30,12:00,0,30
1061,11,2026-09-24,10:30,11:00,0,30
1062,11,2026-09-03,11:30,12:00,0,30
1063,11,2026-09-24,09:00,09:30,1,30
1064,11,2026-09-13,18:30,19:00,0,30
1065,11,2026-09-19,12:00,12:30,0,30
1066,11,2026-09-12,09:00,09:30,1,30
1067,11,2026-09-15,14:00,14:30,1,30
1068,11,2026-09-08,08:30,09:00,1,30
1069,11,2026-09-21,15:30,16:00,1,30
1070,11,2026-09-17,11:00,11:30,0,30
1071,11,2026-09-25,15:30,16:00,1,30
1072,11,2026-09-07,08:30,09:00,1,30
1073,11,2026-09-26,18:30,19:00,1,30
1074,11,2026-09-18,08:30,09:00,1,30
1075,11,2026-09-24,15:00,15:30,0,30
1076,11,2026-09-14,11:30,12:00,1,30
1077,11,2026-09-04,12:00,12:30,1,30
1078,11,2026-09-26,18:30,19:00,0,30
1079,11,2026-09-08,09:30,10:00,1,30
1080,11,2026-09-16,08:00,08:30,0,30
1081,11,2026-09-21,13:00,13:30,1,30
1082,11,2026-09-02,13:00,13:30,1,30
1083,11,2026-09-03,11:00,11:30,0,30
1084,11,2026-09-01,17:30,18:00,1,30
1085,11,2026-09-10,08:00,08:30,1,30
1086,11,2026-09-14,08:30,09:00,1,30
1087,11,2026-09-15,13:00,13:30,1,30
1088,11,2026-09-27,13:00,13:30,0,30
1089,11,2026-09-03,18:00,18:30,0,30
1090,11,2026-09-19,15:00,15:30,0,30
1091,11,2026-09-08,13:30,14:00,1,30
1092,11,2026-09-22,14:30,15:00,0,30
1093,11,2026-09-11,18:30,19:00,1,30
1094,11,2026-09-18,15:30,16:00,0,30
1095,11,2026-09-11,14:30,15:00,1,30
1096,11,2026-09-24,17:30,18:00,1,30
1097,11,2026-09-20,12:00,12:30,0,30
1098,11,2026-09-23,14:30,15:00,0,30
1099,11,2026-09-13,11:30,12:00,0,30
1100,11,2026-09-02,16:00,16:30,1,30
1101,12,2026-09-10,13:00,13:30,1,30
1102,12,2026-09-26,16:00,16:30,0,30
1103,12,2026-09-14,16:00,16:30,1,30
1104,12,2026-09-23,18:00,18:30,0,30
1105,12,2026-09-26,11:30,12:00,1,30
1106,12,2026-09-01,14:00,14:30,1,30
1107,12,2026-09-13,12:30,13:00,1,30
1108,12,2026-09-03,14:30,15:00,1,30
1109,12,2026-09-17,13:30,14:00,1,30
1110,12,2026-09-16,15:00,15:30,1,30
1111,12,2026-09-16,16:30,17:00,1,30
1112,12,2026-09-04,16:30,17:00,1,30
1113,12,2026-09-11,18:00,18:30,1,30
1114,12,2026-09-03,17:00,17:30,1,30
1115,12,2026-09-19,13:30,14:00,1,30
1116,12,2026-09-22,09:00,09:30,1,30
1117,12,2026-09-10,11:30,12:00,1,30
1118,12,2026-09-18,10:00,10:30,1,30
1119,12,2026-09-07,12:00,12:30,1,30
1120,12,2026-09-23,16:30,17:00,1,30
1121,12,2026-09-28,16:00,16:30,1,30
1122,12,2026-09-21,09:00,09:30,1,30
1123,12,2026-09-18,10:00,10:30,0,30
1124,12,2026-09-20,16:00,16:30,1,30
1125,12,2026-09-11,15:30,16:00,0,30
1126,12,2026-09-12,16:00,16:30,1,30
1127,12,2026-09-08,15:00,15:30,1,30
1128,12,2026-10-01,18:00,18:30,1,30
1129,12,2026-09-28,16:30,17:00,1,30
1130,12,2026-09-08,12:00,12:30,0,30
1131,12,2026-09-08,09:30,10:00,0,30
1132,12,2026-09-10,17:00,17:30,0,30
1133,12,2026-09-18,17:00,17:30,1,30
1134,12,2026-09-13,13:00,13:30,1,30
1135,12,2026-09-10,16:00,16:30,1,30
1136,12,2026-09-17,12:00,12:30,1,30
1137,12,2026-09-27,14:00,14:30,1,30
1138,12,2026-09-22,11:30,12:00,1,30
1139,12,2026-09-04,14:30,15:00,1,30
1140,12,2026-09-09,10:30,11:00,0,30
1141,12,2026-09-08,15:00,15:30,1,30
1142,12,2026-09-17,08:00,08:30,1,30
1143,12,2026-09-29,08:30,09:00,1,30
1144,12,2026-09-14,08:00,08:30,0,30
1145,12,2026-09-11,13:00,13:30,1,30
1146,12,2026-09-13,11:00,11:30,1,30
1147,12,2026-09-01,09:00,09:30,1,30
1148,12,2026-09-27,09:30,10:00,0,30
1149,12,2026-09-20,08:00,08:30,1,30
1150,12,2026-09-28,13:30,14:00,1,30
1151,12,2026-09-03,11:00,11:30,0,30
1152,12,2026-09-07,08:00,08:30,1,30
1153,12,2026-09-27,14:30,15:00,0,30
1154,12,2026-09-08,11:00,11:30,1,30
1155,12,2026-09-17,08:00,08:30,0,30
1156,12,2026-09-15,14:00,14:30,0,30
1157,12,2026-09-26,16:00,16:30,1,30
1158,12,2026-09-07,16:00,16:30,1,30
1159,12,2026-09-27,15:30,16:00,0,30
1160,12,2026-09-02,14:00,14:30,1,30
1161,12,2026-09-12,13:30,14:00,1,30
1162,12,2026-09-25,15:00,15:30,1,30
1163,12,2026-09-29,09:00,09:30,1,30
1164,12,2026-09-02,18:00,18:30,1,30
1165,12,2026-09-08,15:30,16:00,1,30
1166,12,2026-09-09,15:00,15:30,1,30
1167,12,2026-09-01,11:00,11:30,0,30
1168,12,2026-09-22,08:30,09:00,1,30
1169,12,2026-09-07,08:30,09:00,1,30
1170,12,2026-09-12,14:00,14:30,1,30
1171,12,2026-09-10,15:30,16:00,0,30
1172,12,2026-09-26,10:00,10:30,0,30
1173,12,2026-09-11,11:00,11:30,1,30
1174,12,2026-09-08,12:30,13:00,1,30
1175,12,2026-10-01,15:30,16:00,1,30
1176,12,2026-09-06,11:00,11:30,1,30
1177,12,2026-09-09,18:00,18:30,1,30
1178,12,2026-09-18,09:00,09:30,1,30
1179,12,2026-09-12,09:30,10:00,1,30
1180,12,2026-09-05,13:30,14:00,0,30
1181,12,2026-09-04,18:30,19:00,1,30
1182,12,2026-09-24,18:00,18:30,1,30
1183,12,2026-09-25,12:30,13:00,1,30
1184,12,2026-09-03,13:00,13:30,0,30
1185,12,2026-09-19,08:00,08:30,1,30
1186,12,2026-09-13,11:00,11:30,1,30
1187,12,2026-09-10,15:30,16:00,1,30
1188,12,2026-09-10,10:00,10:30,1,30
1189,12,2026-09-12,08:00,08:30,1,30
1190,12,2026-09-06,12:30,13:00,1,30
1191,12,2026-09-21,09:30,10:00,0,30
1192,12,2026-09-20,13:30,14:00,1,30
1193,12,2026-09-19,14:30,15:00,1,30
1194,12,2026-09-30,08:30,09:00,1,30
1195,12,2026-09-22,16:30,17:00,1,30
1196,12,2026-09-13,14:30,15:00,1,30
1197,12,2026-09-07,17:00,17:30,1,30
1198,12,2026-09-15,16:30,17:00,1,30
1199,12,2026-09-08,15:30,16:00,1,30
1200,12,2026-09-13,11:00,11:30,1,30
1201,13,2026-09-10,15:00,15:30,1,30
1202,13,2026-09-16,08:00,08:30,1,30
1203,13,2026-09-09,09:30,10:00,1,30
1204,13,2026-09-04,11:00,11:30,1,30
1205,13,2026-09-28,14:00,14:30,1,30
1206,13,2026-09-21,10:30,11:00,1,30
1207,13,2026-09-29,12:00,12:30,1,30
1208,13,2026-09-27,12:30,13:00,1,30
1209,13,2026-09-20,11:00,11:30,1,30
1210,13,2026-10-01,11:30,12:00,1,30
1211,13,2026-09-12,13:00,13:30,1,30
1212,13,2026-09-25,14:30,15:00,0,30
1213,13,2026-09-23,12:30,13:00,0,30
1214,13,2026-09-16,17:30,18:00,1,30
1215,13,2026-09-22,17:00,17:30,1,30
1216,13,2026-09-04,10:00,10:30,1,30
1217,13,2026-09-30,08:30,09:00,1,30
1218,13,2026-09-17,16:30,17:00,1,30
1219,13,2026-10-01,13:00,13:30,1,30
1220,13,2026-09-22,15:00,15:30,0,30
1221,13,2026-09-29,17:00,17:30,1,30
1222,13,2026-09-19,10:30,11:00,1,30
1223,13,2026-09-10,15:00,15:30,0,30
1224,13,2026-09-25,13:00,13:30,0,30
1225,13,2026-09-11,15:30,16:00,1,30
1226,13,2026-09-08,13:00,13:30,0,30
1227,13,2026-09-15,10:00,10:30,0,30
1228,13,2026-09-18,11:00,11:30,0,30
1229,13,2026-09-13,11:00,11:30,1,30
1230,13,2026-09-15,12:00,12:30,0,30
1231,13,2026-09-10,16:00,16:30,1,30
1232,13,2026-09-12,16:00,16:30,0,30
1233,13,2026-09-09,14:30,15:00,1,30
1234,13,2026-09-05,09:30,10:00,0,30
1235,13,2026-09-26,17:30,18:00,0,30
1236,13,2026-09-02,16:30,17:00,1,30
1237,13,2026-09-03,09:00,09:30,0,30
1238,13,2026-09-24,10:30,11:00,1,30
1239,13,2026-09-10,16:00,16:30,1,30
1240,13,2026-09-13,16:00,16:30,1,30
1241,13,2026-09-24,16:30,17:00,1,30
1242,13,2026-09-06,16:00,16:30,0,30
1243,13,2026-09-08,10:30,11:00,0,30
1244,13,2026-09-08,10:00,10:30,1,30
1245,13,2026-09-02,13:00,13:30,0,30
1246,13,2026-09-01,16:00,16:30,1,30
1247,13,2026-09-02,09:00,09:30,1,30
1248,13,2026-09-29,12:00,12:30,1,30
1249,13,2026-09-21,10:30,11:00,1,30
1250,13,2026-09-09,17:00,17:30,0,30
1251,13,2026-09-30,13:30,14:00,1,30
1252,13,2026-09-18,18:30,19:00,1,30
1253,13,2026-09-01,13:00,13:30,1,30
1254,13,2026-09-28,18:30,19:00,0,30
1255,13,2026-09-26,11:30,12:00,0,30
1256,13,2026-09-07,12:00,12:30,1,30
1257,13,2026-10-01,10:00,10:30,1,30
1258,13,2026-09-01,16:30,17:00,0,30
1259,13,2026-09-26,17:00,17:30,0,30
1260,13,2026-09-09,17:00,17:30,1,30
1261,13,2026-09-30,15:00,15:30,1,30
1262,13,2026-09-02,17:00,17:30,1,30
1263,13,2026-09-25,14:00,14:30,1,30
1264,13,2026-09-23,14:30,15:00,0,30
1265,13,2026-10-01,15:00,15:30,1,30
1266,13,2026-09-28,08:30,09:00,0,30
1267,13,2026-09-14,11:30,12:00,0,30
1268,13,2026-09-02,09:30,10:00,1,30
1269,13,2026-09-26,10:30,11:00,1,30
1270,13,2026-09-07,13:00,13:30,0,30
1271,13,2026-09-13,10:00,10:30,1,30
1272,13,2026-09-23,10:00,10:30,1,30
1273,13,2026-09-08,13:00,13:30,1,30
1274,13,2026-09-30,14:00,14:30,1,30
1275,13,2026-09-17,09:00,09:30,1,30
1276,13,2026-09-11,16:00,16:30,0,30
1277,13,2026-09-17,17:30,18:00,0,30
1278,13,2026-09-20,14:00,14:30,1,30
1279,13,2026-09-18,10:30,11:00,1,30
1280,13,2026-09-10,10:30,11:00,0,30
1281,13,2026-09-05,12:30,13:00,0,30
1282,13,2026-09-20,09:00,09:30,0,30
1283,13,2026-09-15,13:00,13:30,1,30
1284,13,2026-09-15,09:30,10:00,0,30
1285,13,2026-09-13,10:30,11:00,1,30
1286,13,2026-09-15,10:00,10:30,1,30
1287,13,2026-09-09,12:30,13:00,1,30
1288,13,2026-09-21,12:00,12:30,1,30
1289,13,2026-09-22,17:00,17:30,1,30
1290,13,2026-09-09,10:00,10:30,1,30
1291,13,2026-09-13,15:00,15:30,0,30
1292,13,2026-09-07,16:00,16:30,0,30
1293,13,2026-09-18,10:30,11:00,1,30
1294,13,2026-09-27,18:30,19:00,0,30
1295,13,2026-09-04,18:30,19:00,1,30
1296,13,2026-09-02,10:30,11:00,1,30
1297,13,2026-09-16,10:30,11:00,1,30
1298,13,2026-09-09,16:00,16:30,1,30
1299,13,2026-09-19,13:00,13:30,1,30
1300,13,2026-09-27,13:30,14:00,1,30
1301,14,2026-09-17,11:30,12:00,1,30
1302,14,2026-09-24,09:30,10:00,0,30
1303,14,2026-09-17,15:00,15:30,1,30
1304,14,2026-09-10,12:30,13:00,1,30
1305,14,2026-09-25,14:30,15:00,1,30
1306,14,2026-10-01,11:00,11:30,1,30
1307,14,2026-09-04,08:30,09:00,1,30
1308,14,2026-09-09,16:00,16:30,1,30
1309,14,2026-09-06,18:30,19:00,0,30
1310,14,2026-09-14,11:00,11:30,1,30
1311,14,2026-09-04,08:00,08:30,1,30
1312,14,2026-09-24,15:00,15:30,1,30
1313,14,2026-09-21,11:30,12:00,1,30
1314,14,2026-09-18,18:00,18:30,0,30
1315,14,2026-09-08,18:00,18:30,0,30
1316,14,2026-09-16,14:00,14:30,0,30
1317,14,2026-10-01,12:30,13:00,0,30
1318,14,2026-09-02,15:30,16:00,0,30
1319,14,2026-09-06,12:00,12:30,1,30
1320,14,2026-09-18,10:30,11:00,1,30
1321,14,2026-09-12,13:30,14:00,0,30
1322,14,2026-09-29,15:00,15:30,0,30
1323,14,2026-09-02,17:30,18:00,0,30
1324,14,2026-09-27,18:00,18:30,1,30
1325,14,2026-09-17,11:00,11:30,1,30
1326,14,2026-09-28,12:30,13:00,1,30
1327,14,2026-09-01,12:30,13:00,1,30
1328,14,2026-09-18,09:30,10:00,1,30
1329,14,2026-09-29,08:00,08:30,1,30
1330,14,2026-09-04,18:30,19:00,0,30
1331,14,2026-09-04,15:30,16:00,0,30
1332,14,2026-09-28,17:30,18:00,0,30
1333,14,2026-09-06,15:00,15:30,1,30
1334,14,2026-09-15,08:00,08:30,1,30
1335,14,2026-09-14,08:30,09:00,0,30
1336,14,2026-09-18,08:00,08:30,0,30
1337,14,2026-09-03,10:00,10:30,0,30
1338,14,2026-09-04,14:00,14:30,1,30
1339,14,2026-09-23,14:00,14:30,1,30
1340,14,2026-09-05,09:00,09:30,1,30
1341,14,2026-09-06,08:00,08:30,0,30
1342,14,2026-09-09,12:00,12:30,1,30
1343,14,2026-09-12,18:30,19:00,1,30
1344,14,2026-09-03,13:30,14:00,0,30
1345,14,2026-09-04,17:00,17:30,1,30
1346,14,2026-09-03,08:00,08:30,0,30
1347,14,2026-09-27,14:00,14:30,0,30
1348,14,2026-09-07,13:30,14:00,0,30
1349,14,2026-09-25,10:00,10:30,0,30
1350,14,2026-09-17,10:00,10:30,1,30
1351,14,2026-09-24,10:00,10:30,0,30
1352,14,2026-09-05,17:30,18:00,1,30
1353,14,2026-09-07,16:00,16:30,0,30
1354,14,2026-09-28,17:00,17:30,1,30
1355,14,2026-09-02,14:30,15:00,1,30
1356,14,2026-09-12,14:30,15:00,1,30
1357,14,2026-09-03,15:00,15:30,0,30
1358,14,2026-09-30,15:00,15:30,0,30
1359,14,2026-09-11,09:30,10:00,1,30
1360,14,2026-09-20,12:30,13:00,0,30
1361,14,2026-09-03,11:30,12:00,0,30
1362,14,2026-09-28,14:00,14:30,1,30
1363,14,2026-09-13,18:30,19:00,1,30
1364,14,2026-09-30,18:30,19:00,1,30
1365,14,2026-09-29,11:30,12:00,1,30
1366,14,2026-09-25,10:00,10:30,0,30
1367,14,2026-09-12,10:30,11:00,1,30
1368,14,2026-09-02,15:00,15:30,1,30
1369,14,2026-09-30,11:00,11:30,1,30
1370,14,2026-09-22,12:00,12:30,1,30
1371,14,2026-09-03,17:00,17:30,1,30
1372,14,2026-09-08,11:30,12:00,0,30
1373,14,2026-09-14,08:30,09:00,0,30
1374,14,2026-09-16,15:00,15:30,1,30
1375,14,2026-09-16,15:30,16:00,0,30
1376,14,2026-09-01,14:00,14:30,1,30
1377,14,2026-09-02,18:00,18:30,0,30
1378,14,2026-09-10,10:00,10:30,1,30
1379,14,2026-10-01,10:00,10:30,1,30
1380,14,2026-09-24,17:30,18:00,1,30
1381,14,2026-09-26,11:30,12:00,1,30
1382,14,2026-09-28,14:00,14:30,0,30
1383,14,2026-09-09,16:30,17:00,1,30
1384,14,2026-09-27,12:00,12:30,0,30
1385,14,2026-09-23,08:30,09:00,1,30
1386,14,2026-09-17,15:30,16:00,1,30
1387,14,2026-09-29,14:30,15:00,1,30
1388,14,2026-09-12,08:00,08:30,1,30
1389,14,2026-09-26,14:30,15:00,1,30
1390,14,2026-09-03,08:00,08:30,0,30
1391,14,2026-09-05,15:00,15:30,1,30
1392,14,2026-09-02,10:00,10:30,1,30
1393,14,2026-09-15,08:00,08:30,0,30
1394,14,2026-09-21,16:30,17:00,0,30
1395,14,2026-09-17,12:00,12:30,1,30
1396,14,2026-09-27,14:00,14:30,1,30
1397,14,2026-09-05,11:30,12:00,0,30
1398,14,2026-09-20,09:30,10:00,1,30
1399,14,2026-09-10,18:00,18:30,0,30
1400,14,2026-09-30,14:00,14:30,1,30
1401,15,2026-09-03,09:30,10:00,1,30
1402,15,2026-10-01,11:30,12:00,1,30
1403,15,2026-09-07,15:30,16:00,1,30
1404,15,2026-09-17,11:00,11:30,1,30
1405,15,2026-09-18,10:00,10:30,1,30
1406,15,2026-10-01,13:30,14:00,1,30
1407,15,2026-09-08,08:30,09:00,1,30
1408,15,2026-09-06,17:30,18:00,0,30
1409,15,2026-09-11,12:30,13:00,0,30
1410,15,2026-09-24,17:30,18:00,1,30
1411,15,2026-09-11,10:30,11:00,0,30
1412,15,2026-09-03,17:00,17:30,0,30
1413,15,2026-09-08,12:00,12:30,1,30
1414,15,2026-09-18,18:00,18:30,1,30
1415,15,2026-09-14,13:30,14:00,0,30
1416,15,2026-09-16,09:30,10:00,0,30
1417,15,2026-09-05,08:30,09:00,1,30
1418,15,2026-09-08,15:00,15:30,1,30
1419,15,2026-09-07,17:00,17:30,0,30
1420,15,2026-09-10,14:00,14:30,0,30
1421,15,2026-09-29,15:30,16:00,1,30
1422,15,2026-09-01,09:30,10:00,1,30
1423,15,2026-09-02,17:00,17:30,1,30
1424,15,2026-09-17,13:00,13:30,1,30
1425,15,2026-09-28,10:00,10:30,0,30
1426,15,2026-09-13,12:30,13:00,0,30
1427,15,2026-09-16,11:00,11:30,0,30
1428,15,2026-09-03,08:00,08:30,0,30
1429,15,2026-09-08,13:30,14:00,1,30
1430,15,2026-10-01,13:00,13:30,1,30
1431,15,2026-09-02,14:00,14:30,0,30
1432,15,2026-09-28,16:30,17:00,0,30
1433,15,2026-09-12,13:30,14:00,1,30
1434,15,2026-09-06,09:00,09:30,1,30
1435,15,2026-09-25,09:00,09:30,1,30
1436,15,2026-09-07,17:00,17:30,1,30
1437,15,2026-09-19,15:00,15:30,0,30
1438,15,2026-09-10,10:30,11:00,1,30
1439,15,2026-09-05,15:00,15:30,0,30
1440,15,2026-09-02,14:00,14:30,1,30
1441,15,2026-09-15,17:00,17:30,0,30
1442,15,2026-09-11,12:30,13:00,1,30
1443,15,2026-09-02,10:00,10:30,1,30
1444,15,2026-09-23,13:00,13:30,0,30
1445,15,2026-09-14,13:00,13:30,1,30
1446,15,2026-09-29,10:00,10:30,1,30
1447,15,2026-09-04,16:30,17:00,1,30
1448,15,2026-09-18,15:00,15:30,0,30
1449,15,2026-09-27,08:00,08:30,1,30
1450,15,2026-09-10,11:30,12:00,1,30
1451,15,2026-09-28,17:30,18:00,1,30
1452,15,2026-09-20,14:30,15:00,1,30
1453,15,2026-09-05,11:00,11:30,0,30
1454,15,2026-09-10,13:00,13:30,1,30
1455,15,2026-09-02,13:30,14:00,1,30
1456,15,2026-09-20,18:00,18:30,1,30
1457,15,2026-09-02,11:30,12:00,1,30
1458,15,2026-09-15,11:30,12:00,0,30
1459,15,2026-09-14,13:00,13:30,1,30
1460,15,2026-09-23,09:30,10:00,0,30
1461,15,2026-09-28,10:00,10:30,1,30
1462,15,2026-09-18,12:30,13:00,1,30
1463,15,2026-09-22,11:00,11:30,1,30
1464,15,2026-09-05,10:00,10:30,0,30
1465,15,2026-09-15,14:30,15:00,0,30
1466,15,2026-09-27,18:30,19:00,0,30
1467,15,2026-09-26,13:00,13:30,1,30
1468,15,2026-09-02,09:00,09:30,1,30
1469,15,2026-09-30,08:30,09:00,0,30
1470,15,2026-09-10,12:30,13:00,1,30
1471,15,2026-09-03,15:30,16:00,1,30
1472,15,2026-09-17,08:30,09:00,1,30
1473,15,2026-09-03,13:30,14:00,1,30
1474,15,2026-09-05,10:00,10:30,1,30
1475,15,2026-09-10,18:00,18:30,0,30
1476,15,2026-09-16,13:00,13:30,0,30
1477,15,2026-09-08,15:30,16:00,1,30
1478,15,2026-09-19,14:00,14:30,1,30
1479,15,2026-09-10,14:30,15:00,0,30
1480,15,2026-09-13,09:00,09:30,1,30
1481,15,2026-09-30,18:30,19:00,0,30
1482,15,2026-09-19,14:00,14:30,0,30
1483,15,2026-09-22,09:30,10:00,1,30
1484,15,2026-09-05,10:30,11:00,1,30
1485,15,2026-09-16,12:00,12:30,1,30
1486,15,2026-09-07,09:30,10:00,0,30
1487,15,2026-09-20,17:30,18:00,0,30
1488,15,2026-09-29,14:00,14:30,1,30
1489,15,2026-09-30,17:00,17:30,0,30
1490,15,2026-09-06,18:00,18:30,1,30
1491,15,2026-09-11,08:30,09:00,0,30
1492,15,2026-09-21,09:00,09:30,1,30
1493,15,2026-09-29,11:30,12:00,0,30
1494,15,2026-09-04,17:00,17:30,1,30
1495,15,2026-09-22,17:00,17:30,1,30
1496,15,2026-09-09,09:30,10:00,0,30
1497,15,2026-09-07,12:30,13:00,1,30
1498,15,2026-09-27,08:00,08:30,0,30
1499,15,2026-09-05,11:00,11:30,1,30
1500,15,2026-09-23,17:30,18:00,0,30
1501,16,2026-10-01,14:30,15:00,1,30
1502,16,2026-09-20,17:30,18:00,1,30
1503,16,2026-09-09,14:30,15:00,1,30
1504,16,2026-09-18,09:00,09:30,1,30
1505,16,2026-09-21,16:30,17:00,1,30
1506,16,2026-09-25,09:30,10:00,1,30
1507,16,2026-09-12,14:00,14:30,1,30
1508,16,2026-09-11,08:00,08:30,1,30
1509,16,2026-09-19,13:00,13:30,1,30
1510,16,2026-09-16,11:30,12:00,1,30
1511,16,2026-09-14,10:00,10:30,1,30
1512,16,2026-09-08,16:30,17:00,1,30
1513,16,2026-09-23,11:00,11:30,1,30
1514,16,2026-09-08,13:00,13:30,1,30
1515,16,2026-09-17,11:30,12:00,1,30
1516,16,2026-09-09,10:00,10:30,1,30
1517,16,2026-09-09,09:30,10:00,1,30
1518,16,2026-09-11,16:00,16:30,0,30
1519,16,2026-09-08,11:30,12:00,1,30
1520,16,2026-09-18,15:00,15:30,1,30
1521,16,2026-09-29,14:30,15:00,1,30
1522,16,2026-09-25,18:00,18:30,1,30
1523,16,2026-09-20,11:30,12:00,1,30
1524,16,2026-09-26,08:30,09:00,1,30
1525,16,2026-09-01,12:30,13:00,1,30
1526,16,2026-09-29,14:00,14:30,1,30
1527,16,2026-09-13,10:30,11:00,1,30
1528,16,2026-09-13,17:30,18:00,1,30
1529,16,2026-09-10,11:00,11:30,0,30
1530,16,2026-09-02,15:30,16:00,1,30
1531,16,2026-09-16,10:00,10:30,0,30
1532,16,2026-09-06,17:00,17:30,1,30
1533,16,2026-09-27,16:30,17:00,1,30
1534,16,2026-09-20,14:00,14:30,1,30
1535,16,2026-09-24,15:30,16:00,0,30
1536,16,2026-09-10,16:30,17:00,1,30
1537,16,2026-09-24,13:30,14:00,1,30
1538,16,2026-09-29,08:00,08:30,0,30
1539,16,2026-09-01,14:00,14:30,0,30
1540,16,2026-09-03,17:00,17:30,1,30
1541,16,2026-09-17,12:30,13:00,1,30
1542,16,2026-09-30,09:30,10:00,0,30
1543,16,2026-09-01,15:30,16:00,1,30
1544,16,2026-09-02,11:00,11:30,0,30
1545,16,2026-09-04,09:00,09:30,1,30
1546,16,2026-09-24,08:30,09:00,0,30
1547,16,2026-09-29,13:30,14:00,1,30
1548,16,2026-09-02,17:30,18:00,1,30
1549,16,2026-09-14,17:00,17:30,0,30
1550,16,2026-09-16,11:00,11:30,1,30
1551,16,2026-09-13,09:30,10:00,1,30
1552,16,2026-09-22,14:00,14:30,1,30
1553,16,2026-09-05,12:00,12:30,1,30
1554,16,2026-09-25,17:00,17:30,1,30
1555,16,2026-09-09,09:30,10:00,1,30
1556,16,2026-09-05,10:00,10:30,1,30
1557,16,2026-09-15,16:30,17:00,0,30
1558,16,2026-09-20,14:30,15:00,1,30
1559,16,2026-09-11,10:30,11:00,1,30
1560,16,2026-09-21,09:30,10:00,1,30
1561,16,2026-09-24,08:30,09:00,1,30
1562,16,2026-09-01,09:00,09:30,1,30
1563,16,2026-09-08,11:00,11:30,1,30
1564,16,2026-09-16,10:00,10:30,0,30
1565,16,2026-09-28,08:00,08:30,0,30
1566,16,2026-09-30,16:30,17:00,0,30
1567,16,2026-09-22,09:00,09:30,0,30
1568,16,2026-09-18,14:30,15:00,0,30
1569,16,2026-09-23,14:00,14:30,0,30
1570,16,2026-09-10,11:00,11:30,1,30
1571,16,2026-09-21,09:30,10:00,1,30
1572,16,2026-09-03,11:00,11:30,0,30
1573,16,2026-09-24,08:00,08:30,1,30
1574,16,2026-09-13,14:30,15:00,1,30
1575,16,2026-09-12,12:00,12:30,0,30
1576,16,2026-09-09,16:00,16:30,0,30
1577,16,2026-09-01,17:30,18:00,1,30
1578,16,2026-09-08,08:00,08:30,1,30
1579,16,2026-09-23,13:00,13:30,0,30
1580,16,2026-09-16,09:30,10:00,1,30
1581,16,2026-09-07,16:00,16:30,0,30
1582,16,2026-09-05,13:30,14:00,1,30
1583,16,2026-09-04,14:00,14:30,0,30
1584,16,2026-09-24,15:30,16:00,1,30
1585,16,2026-09-14,10:00,10:30,1,30
1586,16,2026-09-12,10:00,10:30,1,30
1587,16,2026-09-16,08:30,09:00,0,30
1588,16,2026-09-17,15:30,16:00,1,30
1589,16,2026-09-21,17:00,17:30,1,30
1590,16,2026-09-14,13:30,14:00,1,30
1591,16,2026-09-12,09:00,09:30,1,30
1592,16,2026-09-06,13:30,14:00,1,30
1593,16,2026-09-13,15:30,16:00,1,30
1594,16,2026-09-25,10:00,10:30,1,30
1595,16,2026-09-30,08:00,08:30,1,30
1596,16,2026-09-13,10:00,10:30,1,30
1597,16,2026-09-15,17:00,17:30,1,30
1598,16,2026-09-30,11:00,11:30,0,30
1599,16,2026-09-15,09:00,09:30,1,30
1600,16,2026-09-15,15:30,16:00,1,30
1601,17,2026-09-07,12:30,13:00,0,30
1602,17,2026-09-21,14:00,14:30,1,30
1603,17,2026-09-27,18:00,18:30,0,30
1604,17,2026-09-19,12:30,13:00,1,30
1605,17,2026-09-13,12:00,12:30,0,30
1606,17,2026-09-15,11:00,11:30,1,30
1607,17,2026-09-03,11:30,12:00,0,30
1608,17,2026-09-05,11:00,11:30,1,30
1609,17,2026-09-05,11:30,12:00,0,30
1610,17,2026-09-23,13:30,14:00,1,30
1611,17,2026-09-30,17:30,18:00,1,30
1612,17,2026-09-17,11:30,12:00,1,30
1613,17,2026-09-09,18:30,19:00,0,30
1614,17,2026-09-15,17:30,18:00,1,30
1615,17,2026-09-10,09:00,09:30,1,30
1616,17,2026-09-06,16:00,16:30,1,30
1617,17,2026-09-13,11:00,11:30,1,30
1618,17,2026-09-28,13:00,13:30,1,30
1619,17,2026-09-19,15:30,16:00,1,30
1620,17,2026-09-13,15:30,16:00,0,30
1621,17,2026-09-02,18:30,19:00,1,30
1622,17,2026-09-29,08:00,08:30,1,30
1623,17,2026-09-27,13:00,13:30,0,30
1624,17,2026-09-18,15:00,15:30,1,30
1625,17,2026-09-11,12:30,13:00,1,30
1626,17,2026-09-04,15:30,16:00,1,30
1627,17,2026-10-01,16:00,16:30,1,30
1628,17,2026-09-12,08:30,09:00,0,30
1629,17,2026-09-15,18:00,18:30,1,30
1630,17,2026-09-22,16:00,16:30,1,30
1631,17,2026-09-07,18:30,19:00,1,30
1632,17,2026-09-19,16:00,16:30,1,30
1633,17,2026-09-26,14:30,15:00,1,30
1634,17,2026-09-11,10:00,10:30,0,30
1635,17,2026-09-17,16:30,17:00,1,30
1636,17,2026-09-17,10:00,10:30,1,30
1637,17,2026-09-18,09:00,09:30,1,30
1638,17,2026-09-03,08:00,08:30,1,30
1639,17,2026-09-06,14:00,14:30,1,30
1640,17,2026-09-21,12:00,12:30,0,30
1641,17,2026-10-01,08:00,08:30,0,30
1642,17,2026-09-04,12:00,12:30,1,30
1643,17,2026-09-22,10:30,11:00,1,30
1644,17,2026-09-28,18:00,18:30,1,30
1645,17,2026-10-01,08:00,08:30,1,30
1646,17,2026-09-19,13:00,13:30,0,30
1647,17,2026-09-25,11:00,11:30,1,30
1648,17,2026-09-24,15:00,15:30,1,30
1649,17,2026-09-12,08:30,09:00,1,30
1650,17,2026-09-11,12:30,13:00,0,30
1651,17,2026-10-01,11:30,12:00,1,30
1652,17,2026-09-21,13:30,14:00,1,30
1653,17,2026-09-13,14:30,15:00,0,30
1654,17,2026-09-17,08:30,09:00,1,30
1655,17,2026-09-16,12:30,13:00,1,30
1656,17,2026-09-24,09:30,10:00,1,30
1657,17,2026-09-01,12:30,13:00,1,30
1658,17,2026-09-29,09:30,10:00,1,30
1659,17,2026-09-08,16:00,16:30,0,30
1660,17,2026-09-29,13:00,13:30,1,30
1661,17,2026-09-10,08:30,09:00,0,30
1662,17,2026-09-25,13:30,14:00,0,30
1663,17,2026-09-05,18:00,18:30,0,30
1664,17,2026-09-02,16:30,17:00,0,30
1665,17,2026-09-10,14:30,15:00,1,30
1666,17,2026-09-14,14:00,14:30,1,30
1667,17,2026-09-22,10:30,11:00,0,30
1668,17,2026-09-10,16:30,17:00,1,30
1669,17,2026-09-20,14:30,15:00,0,30
1670,17,2026-09-09,14:30,15:00,1,30
1671,17,2026-10-01,18:30,19:00,1,30
1672,17,2026-09-02,13:00,13:30,1,30
1673,17,2026-09-28,12:30,13:00,0,30
1674,17,2026-09-28,13:30,14:00,1,30
1675,17,2026-09-19,11:30,12:00,1,30
1676,17,2026-09-28,16:00,16:30,1,30
1677,17,2026-09-19,15:00,15:30,0,30
1678,17,2026-09-29,09:00,09:30,1,30
1679,17,2026-10-01,11:00,11:30,1,30
1680,17,2026-09-26,10:30,11:00,1,30
1681,17,2026-09-22,18:30,19:00,1,30
1682,17,2026-09-04,18:30,19:00,1,30
1683,17,2026-09-28,14:00,14:30,0,30
1684,17,2026-09-15,16:30,17:00,1,30
1685,17,2026-09-12,16:00,16:30,1,30
1686,17,2026-09-13,11:00,11:30,1,30
1687,17,2026-09-17,15:00,15:30,1,30
1688,17,2026-09-26,17:00,17:30,1,30
1689,17,2026-09-14,12:30,13:00,0,30
1690,17,2026-09-24,13:00,13:30,1,30
1691,17,2026-09-03,08:00,08:30,1,30
1692,17,2026-09-30,14:00,14:30,1,30
1693,17,2026-09-17,16:00,16:30,1,30
1694,17,2026-09-28,14:00,14:30,1,30
1695,17,2026-09-13,14:30,15:00,1,30
1696,17,2026-09-04,18:30,19:00,1,30
1697,17,2026-09-19,12:30,13:00,1,30
1698,17,2026-09-26,11:30,12:00,0,30
1699,17,2026-09-10,09:00,09:30,0,30
1700,17,2026-10-01,14:30,15:00,1,30
1701,18,2026-10-01,18:30,19:00,1,30
1702,18,2026-09-14,10:00,10:30,1,30
1703,18,2026-09-09,17:00,17:30,1,30
1704,18,2026-09-24,11:30,12:00,1,30
1705,18,2026-09-19,08:00,08:30,1,30
1706,18,2026-09-30,17:30,18:00,1,30
1707,18,2026-09-27,11:00,11:30,0,30
1708,18,2026-09-21,15:00,15:30,0,30
1709,18,2026-09-24,13:30,14:00,0,30
1710,18,2026-09-20,10:00,10:30,1,30
1711,18,2026-09-12,10:30,11:00,0,30
1712,18,2026-09-12,17:30,18:00,0,30
1713,18,2026-09-14,18:00,18:30,1,30
1714,18,2026-09-02,15:30,16:00,0,30
1715,18,2026-09-22,11:00,11:30,1,30
1716,18,2026-09-14,10:00,10:30,0,30
1717,18,2026-09-15,12:00,12:30,1,30
1718,18,2026-09-09,13:00,13:30,1,30
1719,18,2026-09-03,16:00,16:30,1,30
1720,18,2026-09-20,18:00,18:30,1,30
1721,18,2026-09-15,13:00,13:30,1,30
1722,18,2026-09-07,09:30,10:00,1,30
1723,18,2026-09-15,15:30,16:00,1,30
1724,18,2026-09-09,11:30,12:00,1,30
1725,18,2026-09-08,08:00,08:30,1,30
1726,18,2026-09-12,11:00,11:30,1,30
1727,18,2026-09-19,17:30,18:00,1,30
1728,18,2026-09-20,11:00,11:30,1,30
1729,18,2026-10-01,15:30,16:00,0,30
1730,18,2026-09-04,18:30,19:00,0,30
1731,18,2026-09-20,15:30,16:00,0,30
1732,18,2026-09-28,10:00,10:30,0,30
1733,18,2026-09-05,12:00,12:30,0,30
1734,18,2026-09-08,15:00,15:30,1,30
1735,18,2026-09-02,18:00,18:30,1,30
1736,18,2026-09-14,18:00,18:30,1,30
1737,18,2026-09-18,18:00,18:30,1,30
1738,18,2026-09-28,15:30,16:00,1,30
1739,18,2026-09-07,18:30,19:00,1,30
1740,18,2026-10-01,11:00,11:30,1,30
1741,18,2026-09-25,18:30,19:00,1,30
1742,18,2026-09-13,18:30,19:00,1,30
1743,18,2026-09-14,11:30,12:00,1,30
1744,18,2026-09-10,17:00,17:30,1,30
1745,18,2026-09-08,12:00,12:30,1,30
1746,18,2026-09-02,08:30,09:00,0,30
1747,18,2026-09-03,09:00,09:30,0,30
1748,18,2026-09-05,18:30,19:00,1,30
1749,18,2026-09-04,15:30,16:00,0,30
1750,18,2026-09-04,11:30,12:00,1,30
1751,18,2026-09-28,08:00,08:30,1,30
1752,18,2026-09-16,08:30,09:00,1,30
1753,18,2026-09-25,08:30,09:00,0,30
1754,18,2026-09-28,09:00,09:30,1,30
1755,18,2026-09-28,09:00,09:30,1,30
1756,18,2026-09-08,18:00,18:30,1,30
1757,18,2026-09-12,14:30,15:00,1,30
1758,18,2026-09-18,16:00,16:30,1,30
1759,18,2026-09-15,18:00,18:30,1,30
1760,18,2026-09-03,12:00,12:30,1,30
1761,18,2026-09-07,17:00,17:30,1,30
1762,18,2026-09-20,10:00,10:30,0,30
1763,18,2026-09-29,13:00,13:30,1,30
1764,18,2026-09-27,18:30,19:00,1,30
1765,18,2026-09-22,13:30,14:00,0,30
1766,18,2026-09-16,17:00,17:30,0,30
1767,18,2026-09-25,17:30,18:00,0,30
1768,18,2026-09-10,14:00,14:30,0,30
1769,18,2026-09-18,17:00,17:30,1,30
1770,18,2026-09-11,18:00,18:30,0,30
1771,18,2026-09-22,16:30,17:00,1,30
1772,18,2026-09-07,08:30,09:00,1,30
1773,18,2026-09-08,09:30,10:00,1,30
1774,18,2026-09-11,15:00,15:30,1,30
1775,18,2026-09-10,12:00,12:30,1,30
1776,18,2026-09-03,15:30,16:00,1,30
1777,18,2026-09-27,09:00,09:30,0,30
1778,18,2026-09-22,18:00,18:30,0,30
1779,18,2026-09-22,09:00,09:30,0,30
1780,18,2026-09-30,17:30,18:00,1,30
1781,18,2026-09-16,18:30,19:00,1,30
1782,18,2026-09-30,12:00,12:30,1,30
1783,18,2026-09-07,16:30,17:00,1,30
1784,18,2026-09-24,12:30,13:00,1,30
1785,18,2026-09-17,10:00,10:30,1,30
1786,18,2026-09-02,10:30,11:00,0,30
1787,18,2026-09-03,08:00,08:30,0,30
1788,18,2026-09-06,17:30,18:00,0,30
1789,18,2026-09-18,10:30,11:00,0,30
1790,18,2026-09-28,11:30,12:00,0,30
1791,18,2026-09-12,12:00,12:30,1,30
1792,18,2026-09-02,16:30,17:00,1,30
1793,18,2026-09-25,13:00,13:30,1,30
1794,18,2026-09-23,10:00,10:30,0,30
1795,18,2026-09-08,12:00,12:30,1,30
1796,18,2026-09-15,18:00,18:30,0,30
1797,18,2026-09-19,18:00,18:30,1,30
1798,18,2026-09-11,09:00,09:30,0,30
1799,18,2026-09-11,12:30,13:00,0,30
1800,18,2026-09-24,14:00,14:30,0,30
1801,19,2026-09-12,13:30,14:00,1,30
1802,19,2026-09-04,16:00,16:30,1,30
1803,19,2026-09-30,08:30,09:00,1,30
1804,19,2026-09-11,18:30,19:00,1,30
1805,19,2026-09-19,13:30,14:00,0,30
1806,19,2026-09-08,15:00,15:30,1,30
1807,19,2026-09-19,14:30,15:00,1,30
1808,19,2026-09-09,17:00,17:30,0,30
1809,19,2026-09-12,08:00,08:30,1,30
1810,19,2026-09-20,17:00,17:30,0,30
1811,19,2026-09-17,12:30,13:00,0,30
1812,19,2026-09-22,13:00,13:30,1,30
1813,19,2026-09-24,12:00,12:30,1,30
1814,19,2026-09-27,12:00,12:30,0,30
1815,19,2026-09-27,13:30,14:00,1,30
1816,19,2026-09-29,12:00,12:30,0,30
1817,19,2026-09-26,16:30,17:00,1,30
1818,19,2026-09-11,14:30,15:00,0,30
1819,19,2026-09-25,10:00,10:30,1,30
1820,19,2026-09-29,18:30,19:00,1,30
1821,19,2026-09-15,15:00,15:30,1,30
1822,19,2026-09-29,10:30,11:00,1,30
1823,19,2026-09-25,17:30,18:00,1,30
1824,19,2026-09-11,14:30,15:00,1,30
1825,19,2026-09-16,09:00,09:30,1,30
1826,19,2026-09-09,08:00,08:30,1,30
1827,19,2026-09-26,13:00,13:30,0,30
1828,19,2026-09-27,16:00,16:30,1,30
1829,19,2026-09-19,18:00,18:30,1,30
1830,19,2026-10-01,14:00,14:30,0,30
1831,19,2026-09-14,14:30,15:00,1,30
1832,19,2026-09-24,08:30,09:00,0,30
1833,19,2026-09-10,08:30,09:00,1,30
1834,19,2026-09-19,16:30,17:00,1,30
1835,19,2026-09-05,14:30,15:00,1,30
1836,19,2026-09-26,16:00,16:30,1,30
1837,19,2026-09-10,08:30,09:00,1,30
1838,19,2026-09-20,18:30,19:00,1,30
1839,19,2026-09-07,11:00,11:30,1,30
1840,19,2026-09-14,14:00,14:30,1,30
1841,19,2026-09-10,13:00,13:30,0,30
1842,19,2026-09-16,12:00,12:30,0,30
1843,19,2026-09-22,10:00,10:30,0,30
1844,19,2026-09-21,15:30,16:00,0,30
1845,19,2026-09-17,13:00,13:30,1,30
1846,19,2026-09-04,09:00,09:30,1,30
1847,19,2026-09-21,11:30,12:00,1,30
1848,19,2026-09-20,12:00,12:30,1,30
1849,19,2026-09-19,12:30,13:00,1,30
1850,19,2026-09-11,16:30,17:00,1,30
1851,19,2026-09-10,17:00,17:30,0,30
1852,19,2026-09-10,09:00,09:30,0,30
1853,19,2026-09-15,17:30,18:00,0,30
1854,19,2026-09-20,16:30,17:00,1,30
1855,19,2026-09-17,09:30,10:00,1,30
1856,19,2026-09-04,15:30,16:00,0,30
1857,19,2026-09-16,14:00,14:30,1,30
1858,19,2026-09-25,17:30,18:00,1,30
1859,19,2026-09-23,10:30,11:00,1,30
1860,19,2026-09-03,12:30,13:00,1,30
1861,19,2026-09-23,18:30,19:00,1,30
1862,19,2026-09-21,10:30,11:00,1,30
1863,19,2026-09-20,09:30,10:00,0,30
1864,19,2026-09-05,16:30,17:00,1,30
1865,19,2026-09-19,16:00,16:30,1,30
1866,19,2026-09-25,14:30,15:00,1,30
1867,19,2026-09-24,13:00,13:30,1,30
1868,19,2026-09-04,13:30,14:00,1,30
1869,19,2026-09-22,16:00,16:30,1,30
1870,19,2026-09-04,12:30,13:00,0,30
1871,19,2026-09-30,14:00,14:30,1,30
1872,19,2026-09-20,10:30,11:00,0,30
1873,19,2026-09-11,08:30,09:00,0,30
1874,19,2026-09-11,14:30,15:00,1,30
1875,19,2026-09-15,10:00,10:30,1,30
1876,19,2026-09-27,15:30,16:00,1,30
1877,19,2026-09-10,13:00,13:30,1,30
1878,19,2026-09-17,11:00,11:30,0,30
1879,19,2026-09-04,09:00,09:30,1,30
1880,19,2026-09-25,13:00,13:30,0,30
1881,19,2026-09-06,17:00,17:30,0,30
1882,19,2026-09-18,13:30,14:00,0,30
1883,19,2026-09-07,16:30,17:00,1,30
1884,19,2026-09-17,17:00,17:30,1,30
1885,19,2026-09-13,16:30,17:00,1,30
1886,19,2026-09-22,17:30,18:00,1,30
1887,19,2026-09-07,15:00,15:30,1,30
1888,19,2026-09-14,11:30,12:00,1,30
1889,19,2026-09-18,11:00,11:30,1,30
1890,19,2026-09-28,12:00,12:30,1,30
1891,19,2026-09-20,14:00,14:30,0,30
1892,19,2026-10-01,14:00,14:30,0,30
1893,19,2026-09-24,14:30,15:00,0,30
1894,19,2026-09-10,15:30,16:00,1,30
1895,19,2026-09-21,10:00,10:30,0,30
1896,19,2026-09-07,08:00,08:30,1,30
1897,19,2026-09-04,15:30,16:00,1,30
1898,19,2026-09-24,12:00,12:30,0,30
1899,19,2026-09-30,18:00,18:30,1,30
1900,19,2026-09-23,10:00,10:30,0,30
1901,20,2026-09-24,18:00,18:30,0,30
1902,20,2026-09-05,08:30,09:00,0,30
1903,20,2026-09-07,10:00,10:30,0,30
1904,20,2026-09-22,08:30,09:00,1,30
1905,20,2026-09-07,09:00,09:30,1,30
1906,20,2026-09-22,13:00,13:30,1,30
1907,20,2026-09-24,11:00,11:30,1,30
1908,20,2026-09-10,12:30,13:00,0,30
1909,20,2026-09-22,17:00,17:30,1,30
1910,20,2026-09-02,16:30,17:00,1,30
1911,20,2026-09-15,18:30,19:00,0,30
1912,20,2026-09-02,17:30,18:00,1,30
1913,20,2026-09-25,17:00,17:30,1,30
1914,20,2026-09-05,10:30,11:00,0,30
1915,20,2026-09-20,08:30,09:00,1,30
1916,20,2026-10-01,09:30,10:00,1,30
1917,20,2026-09-22,14:00,14:30,0,30
1918,20,2026-09-23,10:30,11:00,1,30
1919,20,2026-09-06,14:00,14:30,0,30
1920,20,2026-09-27,09:30,10:00,1,30
1921,20,2026-09-28,13:00,13:30,0,30
1922,20,2026-09-02,16:00,16:30,0,30
1923,20,2026-09-24,14:00,14:30,1,30
1924,20,2026-09-24,10:30,11:00,1,30
1925,20,2026-09-22,14:30,15:00,0,30
1926,20,2026-09-05,16:30,17:00,0,30
1927,20,2026-09-14,08:30,09:00,1,30
1928,20,2026-09-10,15:30,16:00,1,30
1929,20,2026-09-24,10:00,10:30,1,30
1930,20,2026-09-19,11:00,11:30,0,30
1931,20,2026-09-23,15:00,15:30,1,30
1932,20,2026-09-19,17:00,17:30,1,30
1933,20,2026-09-09,14:30,15:00,1,30
1934,20,2026-09-02,10:00,10:30,1,30
1935,20,2026-09-15,13:30,14:00,0,30
1936,20,2026-09-07,16:30,17:00,1,30
1937,20,2026-09-06,12:00,12:30,0,30
1938,20,2026-09-05,09:30,10:00,1,30
1939,20,2026-09-27,14:00,14:30,1,30
1940,20,2026-09-12,09:30,10:00,0,30
1941,20,2026-09-03,14:00,14:30,1,30
1942,20,2026-09-29,08:00,08:30,0,30
1943,20,2026-09-28,11:00,11:30,0,30
1944,20,2026-09-22,12:00,12:30,0,30
1945,20,2026-09-14,18:00,18:30,1,30
1946,20,2026-09-29,15:00,15:30,1,30
1947,20,2026-09-28,18:30,19:00,1,30
1948,20,2026-09-20,09:00,09:30,1,30
1949,20,2026-09-06,15:00,15:30,1,30
1950,20,2026-09-19,18:00,18:30,1,30
1951,20,2026-09-11,15:00,15:30,1,30
1952,20,2026-09-10,08:00,08:30,1,30
1953,20,2026-09-04,12:00,12:30,0,30
1954,20,2026-09-30,18:00,18:30,1,30
1955,20,2026-09-16,12:00,12:30,1,30
1956,20,2026-09-22,18:30,19:00,1,30
1957,20,2026-09-04,10:30,11:00,1,30
1958,20,2026-10-01,18:00,18:30,1,30
1959,20,2026-09-23,10:30,11:00,1,30
1960,20,2026-09-04,13:30,14:00,0,30
1961,20,2026-09-15,08:00,08:30,1,30
1962,20,2026-09-24,18:00,18:30,1,30
1963,20,2026-09-28,12:30,13:00,1,30
1964,20,2026-09-29,17:00,17:30,0,30
1965,20,2026-09-28,10:30,11:00,0,30
1966,20,2026-09-27,13:00,13:30,0,30
1967,20,2026-09-17,09:30,10:00,1,30
1968,20,2026-09-07,10:30,11:00,1,30
1969,20,2026-09-14,18:00,18:30,1,30
1970,20,2026-09-27,10:00,10:30,0,30
1971,20,2026-09-04,14:00,14:30,1,30
1972,20,2026-09-15,15:30,16:00,1,30
1973,20,2026-09-26,08:00,08:30,1,30
1974,20,2026-09-01,15:00,15:30,1,30
1975,20,2026-09-10,14:00,14:30,1,30
1976,20,2026-09-13,10:30,11:00,1,30
1977,20,2026-09-12,10:30,11:00,1,30
1978,20,2026-09-15,14:00,14:30,1,30
1979,20,2026-09-20,14:30,15:00,0,30
1980,20,2026-09-20,08:30,09:00,1,30
1981,20,2026-09-19,17:00,17:30,1,30
1982,20,2026-09-11,17:30,18:00,1,30
1983,20,2026-09-11,12:30,13:00,0,30
1984,20,2026-09-07,16:30,17:00,1,30
1985,20,2026-09-30,14:30,15:00,1,30
1986,20,2026-09-26,09:00,09:30,1,30
1987,20,2026-09-26,14:30,15:00,1,30
1988,20,2026-09-24,13:00,13:30,1,30
1989,20,2026-09-16,09:30,10:00,1,30
1990,20,2026-09-14,13:00,13:30,0,30
1991,20,2026-09-09,13:00,13:30,1,30
1992,20,2026-09-02,14:30,15:00,1,30
1993,20,2026-09-13,13:00,13:30,1,30
1994,20,2026-09-20,13:30,14:00,1,30
1995,20,2026-09-02,17:30,18:00,1,30
1996,20,2026-09-08,16:30,17:00,1,30
1997,20,2026-09-19,15:30,16:00,1,30
1998,20,2026-09-07,10:30,11:00,1,30
1999,20,2026-09-19,18:30,19:00,1,30
2000,20,2026-09-11,10:30,11:00,1,30
2001,21,2026-09-12,18:30,19:00,1,30
2002,21,2026-09-25,13:00,13:30,1,30
2003,21,2026-09-28,17:30,18:00,1,30
2004,21,2026-09-27,11:00,11:30,0,30
2005,21,2026-09-02,08:30,09:00,1,30
2006,21,2026-09-24,17:00,17:30,0,30
2007,21,2026-09-12,09:00,09:30,1,30
2008,21,2026-09-07,11:00,11:30,0,30
2009,21,2026-09-23,10:00,10:30,1,30
2010,21,2026-09-24,09:00,09:30,0,30
2011,21,2026-09-27,15:30,16:00,1,30
2012,21,2026-09-22,16:00,16:30,1,30
2013,21,2026-09-29,10:30,11:00,0,30
2014,21,2026-09-24,13:30,14:00,0,30
2015,21,2026-09-12,08:30,09:00,1,30
2016,21,2026-09-22,18:00,18:30,0,30
2017,21,2026-09-28,15:00,15:30,1,30
2018,21,2026-09-07,09:30,10:00,1,30
2019,21,2026-09-01,11:00,11:30,1,30
2020,21,2026-09-29,08:30,09:00,1,30
2021,21,2026-09-06,10:30,11:00,0,30
2022,21,2026-09-12,13:30,14:00,1,30
2023,21,2026-09-05,08:30,09:00,0,30
2024,21,2026-09-18,12:00,12:30,1,30
2025,21,2026-09-07,11:00,11:30,1,30
2026,21,2026-09-23,15:30,16:00,1,30
2027,21,2026-09-01,11:30,12:00,1,30
2028,21,2026-09-26,08:00,08:30,0,30
2029,21,2026-09-13,18:00,18:30,1,30
2030,21,2026-09-24,18:30,19:00,0,30
2031,21,2026-09-16,18:00,18:30,1,30
2032,21,2026-09-15,17:00,17:30,0,30
2033,21,2026-09-10,13:00,13:30,1,30
2034,21,2026-09-19,15:30,16:00,1,30
2035,21,2026-09-29,12:00,12:30,1,30
2036,21,2026-09-20,09:30,10:00,1,30
2037,21,2026-09-17,14:00,14:30,1,30
2038,21,2026-09-27,12:30,13:00,1,30
2039,21,2026-09-22,11:00,11:30,1,30
2040,21,2026-09-25,11:00,11:30,1,30
2041,21,2026-09-29,15:30,16:00,1,30
2042,21,2026-09-26,09:30,10:00,1,30
2043,21,2026-09-30,14:30,15:00,0,30
2044,21,2026-09-09,09:00,09:30,0,30
2045,21,2026-09-21,08:00,08:30,1,30
2046,21,2026-09-03,17:30,18:00,1,30
2047,21,2026-09-05,13:00,13:30,1,30
2048,21,2026-09-07,17:30,18:00,1,30
2049,21,2026-09-18,12:30,13:00,1,30
2050,21,2026-09-30,10:30,11:00,0,30
2051,21,2026-09-28,14:00,14:30,1,30
2052,21,2026-09-07,09:30,10:00,1,30
2053,21,2026-09-19,14:30,15:00,0,30
2054,21,2026-09-03,08:00,08:30,1,30
2055,21,2026-09-10,09:30,10:00,1,30
2056,21,2026-09-12,14:00,14:30,0,30
2057,21,2026-09-29,15:30,16:00,0,30
2058,21,2026-09-04,10:30,11:00,0,30
2059,21,2026-09-01,14:30,15:00,0,30
2060,21,2026-09-08,10:30,11:00,1,30
2061,21,2026-09-19,11:30,12:00,1,30
2062,21,2026-09-06,11:00,11:30,1,30
2063,21,2026-09-04,18:30,19:00,0,30
2064,21,2026-09-07,16:30,17:00,0,30
2065,21,2026-09-30,11:00,11:30,1,30
2066,21,2026-09-09,14:30,15:00,0,30
2067,21,2026-09-16,15:30,16:00,0,30
2068,21,2026-09-20,13:30,14:00,1,30
2069,21,2026-09-28,09:00,09:30,0,30
2070,21,2026-09-30,08:00,08:30,1,30
2071,21,2026-09-22,16:00,16:30,0,30
2072,21,2026-09-22,10:30,11:00,0,30
2073,21,2026-10-01,14:30,15:00,1,30
2074,21,2026-09-08,11:00,11:30,0,30
2075,21,2026-09-17,13:00,13:30,1,30
2076,21,2026-09-26,17:30,18:00,1,30
2077,21,2026-09-16,09:00,09:30,0,30
2078,21,2026-09-27,08:30,09:00,0,30
2079,21,2026-10-01,18:00,18:30,0,30
2080,21,2026-09-05,09:00,09:30,1,30
2081,21,2026-09-21,15:30,16:00,0,30
2082,21,2026-09-08,17:00,17:30,1,30
2083,21,2026-09-09,10:00,10:30,0,30
2084,21,2026-09-07,17:30,18:00,1,30
2085,21,2026-09-13,18:30,19:00,1,30
2086,21,2026-09-05,10:30,11:00,0,30
2087,21,2026-09-21,08:00,08:30,0,30
2088,21,2026-09-19,13:30,14:00,1,30
2089,21,2026-09-30,16:30,17:00,0,30
2090,21,2026-09-03,18:30,19:00,1,30
2091,21,2026-09-11,14:00,14:30,1,30
2092,21,2026-09-02,10:30,11:00,1,30
2093,21,2026-09-12,17:00,17:30,0,30
2094,21,2026-09-27,16:00,16:30,1,30
2095,21,2026-09-23,18:30,19:00,1,30
2096,21,2026-09-07,13:00,13:30,1,30
2097,21,2026-09-17,14:30,15:00,0,30
2098,21,2026-09-03,08:00,08:30,0,30
2099,21,2026-09-20,18:30,19:00,1,30
2100,21,2026-09-15,08:30,09:00,1,30
2101,22,2026-09-21,14:00,14:30,1,30
2102,22,2026-09-24,09:30,10:00,1,30
2103,22,2026-09-28,16:00,16:30,1,30
2104,22,2026-09-12,13:30,14:00,1,30
2105,22,2026-09-24,10:30,11:00,1,30
2106,22,2026-09-20,11:00,11:30,1,30
2107,22,2026-09-11,11:30,12:00,1,30
2108,22,2026-10-01,08:30,09:00,1,30
2109,22,2026-09-01,13:00,13:30,1,30
2110,22,2026-09-02,14:00,14:30,1,30
2111,22,2026-09-12,17:30,18:00,1,30
2112,22,2026-09-15,17:00,17:30,0,30
2113,22,2026-09-27,14:30,15:00,0,30
2114,22,2026-09-12,13:30,14:00,1,30
2115,22,2026-09-29,11:30,12:00,0,30
2116,22,2026-09-28,13:30,14:00,0,30
2117,22,2026-09-07,17:00,17:30,1,30
2118,22,2026-09-06,18:00,18:30,1,30
2119,22,2026-09-15,11:30,12:00,1,30
2120,22,2026-09-28,08:30,09:00,0,30
2121,22,2026-09-02,09:30,10:00,0,30
2122,22,2026-09-29,13:00,13:30,1,30
2123,22,2026-09-05,17:30,18:00,1,30
2124,22,2026-09-26,09:30,10:00,1,30
2125,22,2026-09-23,18:00,18:30,1,30
2126,22,2026-09-05,14:00,14:30,1,30
2127,22,2026-09-09,12:30,13:00,1,30
2128,22,2026-09-09,16:30,17:00,0,30
2129,22,2026-09-29,11:30,12:00,1,30
2130,22,2026-09-23,08:00,08:30,1,30
2131,22,2026-09-11,12:30,13:00,0,30
2132,22,2026-09-08,13:00,13:30,1,30
2133,22,2026-09-24,18:00,18:30,1,30
2134,22,2026-09-06,12:00,12:30,1,30
2135,22,2026-09-01,10:30,11:00,1,30
2136,22,2026-09-14,08:00,08:30,1,30
2137,22,2026-09-29,14:30,15:00,1,30
2138,22,2026-09-24,11:30,12:00,1,30
2139,22,2026-09-24,18:30,19:00,1,30
2140,22,2026-09-10,10:00,10:30,1,30
2141,22,2026-09-15,12:30,13:00,1,30
2142,22,2026-09-19,08:00,08:30,1,30
2143,22,2026-09-11,09:30,10:00,1,30
2144,22,2026-09-27,17:00,17:30,0,30
2145,22,2026-09-13,14:30,15:00,0,30
2146,22,2026-09-05,11:00,11:30,1,30
2147,22,2026-09-23,15:00,15:30,0,30
2148,22,2026-09-16,14:00,14:30,1,30
2149,22,2026-09-29,11:00,11:30,1,30
2150,22,2026-09-12,09:00,09:30,1,30
2151,22,2026-09-06,14:30,15:00,1,30
2152,22,2026-09-05,15:30,16:00,1,30
2153,22,2026-09-22,13:00,13:30,0,30
2154,22,2026-09-13,09:30,10:00,1,30
2155,22,2026-09-26,16:00,16:30,1,30
2156,22,2026-09-07,13:00,13:30,1,30
2157,22,2026-09-06,18:30,19:00,0,30
2158,22,2026-09-16,11:00,11:30,1,30
2159,22,2026-09-13,11:30,12:00,0,30
2160,22,2026-09-14,11:30,12:00,1,30
2161,22,2026-09-04,08:30,09:00,1,30
2162,22,2026-09-27,18:00,18:30,1,30
2163,22,2026-09-03,09:30,10:00,0,30
2164,22,2026-09-12,08:00,08:30,0,30
2165,22,2026-09-15,13:30,14:00,0,30
2166,22,2026-09-24,09:30,10:00,0,30
2167,22,2026-10-01,12:30,13:00,1,30
2168,22,2026-09-03,09:00,09:30,1,30
2169,22,2026-09-11,15:00,15:30,1,30
2170,22,2026-10-01,11:00,11:30,1,30
2171,22,2026-09-23,12:00,12:30,1,30
2172,22,2026-09-06,11:30,12:00,1,30
2173,22,2026-09-25,18:30,19:00,1,30
2174,22,2026-09-13,15:30,16:00,1,30
2175,22,2026-09-10,08:30,09:00,0,30
2176,22,2026-09-25,16:30,17:00,0,30
2177,22,2026-09-13,13:00,13:30,0,30
2178,22,2026-09-27,17:00,17:30,0,30
2179,22,2026-09-21,12:00,12:30,1,30
2180,22,2026-09-25,12:00,12:30,1,30
2181,22,2026-09-14,15:30,16:00,1,30
2182,22,2026-09-05,10:00,10:30,1,30
2183,22,2026-09-11,11:00,11:30,1,30
2184,22,2026-09-19,16:30,17:00,1,30
2185,22,2026-09-11,16:30,17:00,1,30
2186,22,2026-09-12,13:00,13:30,1,30
2187,22,2026-09-08,15:30,16:00,1,30
2188,22,2026-09-17,18:30,19:00,1,30
2189,22,2026-09-01,14:00,14:30,1,30
2190,22,2026-09-22,18:00,18:30,1,30
2191,22,2026-09-17,15:00,15:30,1,30
2192,22,2026-09-10,09:30,10:00,0,30
2193,22,2026-09-21,13:30,14:00,0,30
2194,22,2026-09-19,10:00,10:30,0,30
2195,22,2026-09-29,10:30,11:00,0,30
2196,22,2026-09-03,12:30,13:00,0,30
2197,22,2026-09-30,10:00,10:30,1,30
2198,22,2026-09-22,11:00,11:30,1,30
2199,22,2026-09-09,15:30,16:00,0,30
2200,22,2026-09-27,08:30,09:00,0,30
2201,23,2026-09-24,11:00,11:30,0,30
2202,23,2026-09-30,13:30,14:00,0,30
2203,23,2026-09-18,15:30,16:00,0,30
2204,23,2026-09-20,17:30,18:00,0,30
2205,23,2026-09-21,17:00,17:30,1,30
2206,23,2026-09-11,11:00,11:30,0,30
2207,23,2026-10-01,17:00,17:30,1,30
2208,23,2026-09-23,08:30,09:00,0,30
2209,23,2026-09-09,14:00,14:30,0,30
2210,23,2026-09-19,08:30,09:00,0,30
2211,23,2026-09-03,13:00,13:30,1,30
2212,23,2026-09-30,14:00,14:30,1,30
2213,23,2026-10-01,17:00,17:30,1,30
2214,23,2026-09-22,10:30,11:00,1,30
2215,23,2026-09-07,17:30,18:00,1,30
2216,23,2026-09-02,11:00,11:30,0,30
2217,23,2026-09-08,15:00,15:30,0,30
2218,23,2026-09-17,14:30,15:00,1,30
2219,23,2026-09-20,08:30,09:00,1,30
2220,23,2026-09-23,08:30,09:00,1,30
2221,23,2026-10-01,17:00,17:30,1,30
2222,23,2026-09-09,17:30,18:00,1,30
2223,23,2026-10-01,11:30,12:00,1,30
2224,23,2026-09-26,11:30,12:00,1,30
2225,23,2026-09-20,15:30,16:00,1,30
2226,23,2026-09-10,17:30,18:00,0,30
2227,23,2026-09-24,10:00,10:30,1,30
2228,23,2026-09-14,12:00,12:30,1,30
2229,23,2026-09-28,11:30,12:00,0,30
2230,23,2026-09-04,18:00,18:30,0,30
2231,23,2026-09-21,15:00,15:30,1,30
2232,23,2026-09-22,09:00,09:30,0,30
2233,23,2026-09-21,18:30,19:00,0,30
2234,23,2026-09-15,17:00,17:30,1,30
2235,23,2026-09-30,15:30,16:00,0,30
2236,23,2026-10-01,11:30,12:00,1,30
2237,23,2026-10-01,08:00,08:30,0,30
2238,23,2026-09-11,12:00,12:30,0,30
2239,23,2026-09-20,13:30,14:00,1,30
2240,23,2026-09-14,16:30,17:00,1,30
2241,23,2026-09-14,08:00,08:30,1,30
2242,23,2026-09-08,18:00,18:30,0,30
2243,23,2026-09-06,17:30,18:00,0,30
2244,23,2026-09-06,11:30,12:00,1,30
2245,23,2026-09-19,17:00,17:30,1,30
2246,23,2026-09-12,10:30,11:00,1,30
2247,23,2026-09-08,09:00,09:30,1,30
2248,23,2026-09-20,11:00,11:30,1,30
2249,23,2026-09-23,08:00,08:30,1,30
2250,23,2026-09-28,12:00,12:30,1,30
2251,23,2026-09-08,08:00,08:30,1,30
2252,23,2026-09-07,15:00,15:30,0,30
2253,23,2026-09-22,13:00,13:30,0,30
2254,23,2026-09-08,14:30,15:00,1,30
2255,23,2026-09-04,18:30,19:00,0,30
2256,23,2026-09-26,17:30,18:00,1,30
2257,23,2026-09-03,18:30,19:00,1,30
2258,23,2026-09-14,16:00,16:30,1,30
2259,23,2026-09-01,16:30,17:00,1,30
2260,23,2026-09-07,12:00,12:30,0,30
2261,23,2026-09-08,09:00,09:30,1,30
2262,23,2026-09-24,16:00,16:30,1,30
2263,23,2026-09-17,08:00,08:30,0,30
2264,23,2026-09-13,15:00,15:30,0,30
2265,23,2026-10-01,11:00,11:30,0,30
2266,23,2026-09-25,14:00,14:30,1,30
2267,23,2026-09-06,09:30,10:00,0,30
2268,23,2026-09-02,09:30,10:00,1,30
2269,23,2026-09-13,15:00,15:30,1,30
2270,23,2026-09-03,08:30,09:00,1,30
2271,23,2026-09-10,15:30,16:00,0,30
2272,23,2026-09-28,15:30,16:00,0,30
2273,23,2026-09-14,09:30,10:00,0,30
2274,23,2026-10-01,17:30,18:00,1,30
2275,23,2026-09-03,12:00,12:30,1,30
2276,23,2026-09-09,16:30,17:00,0,30
2277,23,2026-09-20,13:30,14:00,1,30
2278,23,2026-09-24,17:00,17:30,1,30
2279,23,2026-09-07,18:00,18:30,1,30
2280,23,2026-09-25,18:30,19:00,1,30
2281,23,2026-09-26,10:00,10:30,1,30
2282,23,2026-09-12,16:00,16:30,1,30
2283,23,2026-09-10,12:30,13:00,1,30
2284,23,2026-09-07,16:00,16:30,1,30
2285,23,2026-09-22,16:00,16:30,0,30
2286,23,2026-09-26,17:30,18:00,1,30
2287,23,2026-09-02,13:00,13:30,0,30
2288,23,2026-09-03,16:00,16:30,1,30
2289,23,2026-09-09,08:30,09:00,1,30
2290,23,2026-09-09,10:00,10:30,1,30
2291,23,2026-09-14,13:00,13:30,1,30
2292,23,2026-09-22,10:00,10:30,0,30
2293,23,2026-09-06,08:00,08:30,0,30
2294,23,2026-09-17,15:00,15:30,1,30
2295,23,2026-09-14,11:30,12:00,0,30
2296,23,2026-09-03,16:30,17:00,1,30
2297,23,2026-09-24,14:00,14:30,1,30
2298,23,2026-09-13,17:00,17:30,1,30
2299,23,2026-09-16,11:30,12:00,1,30
2300,23,2026-09-07,12:30,13:00,1,30
2301,24,2026-09-01,13:00,13:30,1,30
2302,24,2026-09-06,14:00,14:30,1,30
2303,24,2026-09-13,18:00,18:30,1,30
2304,24,2026-09-11,15:30,16:00,1,30
2305,24,2026-09-14,12:00,12:30,1,30
2306,24,2026-09-01,13:00,13:30,1,30
2307,24,2026-09-06,12:00,12:30,1,30
2308,24,2026-09-02,12:00,12:30,1,30
2309,24,2026-09-26,11:00,11:30,1,30
2310,24,2026-09-30,12:30,13:00,1,30
2311,24,2026-09-21,16:00,16:30,1,30
2312,24,2026-09-02,14:30,15:00,1,30
2313,24,2026-09-28,10:30,11:00,1,30
2314,24,2026-09-29,17:30,18:00,1,30
2315,24,2026-09-25,08:00,08:30,0,30
2316,24,2026-09-17,08:30,09:00,0,30
2317,24,2026-09-17,16:30,17:00,1,30
2318,24,2026-09-12,15:30,16:00,1,30
2319,24,2026-09-10,09:00,09:30,0,30
2320,24,2026-09-20,12:30,13:00,1,30
2321,24,2026-09-11,14:30,15:00,1,30
2322,24,2026-09-04,12:30,13:00,1,30
2323,24,2026-09-07,10:00,10:30,1,30
2324,24,2026-09-17,12:30,13:00,1,30
2325,24,2026-09-24,16:30,17:00,0,30
2326,24,2026-09-12,18:30,19:00,1,30
2327,24,2026-09-20,08:30,09:00,1,30
2328,24,2026-09-02,12:00,12:30,0,30
2329,24,2026-09-28,08:30,09:00,1,30
2330,24,2026-09-16,18:30,19:00,1,30
2331,24,2026-09-29,14:00,14:30,0,30
2332,24,2026-09-06,09:30,10:00,0,30
2333,24,2026-09-07,17:00,17:30,1,30
2334,24,2026-09-30,18:00,18:30,1,30
2335,24,2026-09-28,10:30,11:00,0,30
2336,24,2026-09-15,12:30,13:00,0,30
2337,24,2026-09-13,14:30,15:00,0,30
2338,24,2026-09-14,17:30,18:00,1,30
2339,24,2026-09-24,12:30,13:00,1,30
2340,24,2026-09-19,09:30,10:00,1,30
2341,24,2026-09-26,11:30,12:00,0,30
2342,24,2026-09-24,18:00,18:30,1,30
2343,24,2026-09-23,16:00,16:30,1,30
2344,24,2026-09-08,15:00,15:30,1,30
2345,24,2026-09-11,12:30,13:00,0,30
2346,24,2026-09-29,14:30,15:00,1,30
2347,24,2026-09-09,18:00,18:30,1,30
2348,24,2026-10-01,14:00,14:30,0,30
2349,24,2026-09-01,17:30,18:00,1,30
2350,24,2026-09-12,16:00,16:30,1,30
2351,24,2026-09-24,14:00,14:30,0,30
2352,24,2026-09-03,18:00,18:30,1,30
2353,24,2026-09-11,18:30,19:00,1,30
2354,24,2026-09-16,09:00,09:30,1,30
2355,24,2026-09-11,08:30,09:00,1,30
2356,24,2026-09-21,16:30,17:00,1,30
2357,24,2026-09-09,08:30,09:00,1,30
2358,24,2026-09-10,13:00,13:30,1,30
2359,24,2026-09-17,08:00,08:30,1,30
2360,24,2026-09-18,10:00,10:30,1,30
2361,24,2026-09-05,16:00,16:30,1,30
2362,24,2026-09-25,18:30,19:00,1,30
2363,24,2026-09-29,12:00,12:30,0,30
2364,24,2026-09-20,10:30,11:00,0,30
2365,24,2026-09-02,08:00,08:30,1,30
2366,24,2026-09-24,09:00,09:30,1,30
2367,24,2026-09-29,09:30,10:00,0,30
2368,24,2026-09-16,08:00,08:30,0,30
2369,24,2026-09-10,18:30,19:00,1,30
2370,24,2026-09-04,13:00,13:30,1,30
2371,24,2026-09-19,09:00,09:30,0,30
2372,24,2026-09-20,18:00,18:30,1,30
2373,24,2026-09-13,11:00,11:30,1,30
2374,24,2026-09-06,16:00,16:30,1,30
2375,24,2026-09-13,08:30,09:00,1,30
2376,24,2026-09-15,17:00,17:30,0,30
2377,24,2026-09-05,11:00,11:30,1,30
2378,24,2026-09-25,09:00,09:30,1,30
2379,24,2026-09-12,18:00,18:30,1,30
2380,24,2026-09-30,11:00,11:30,1,30
2381,24,2026-09-30,11:00,11:30,1,30
2382,24,2026-09-21,14:30,15:00,1,30
2383,24,2026-09-18,17:00,17:30,1,30
2384,24,2026-10-01,16:00,16:30,1,30
2385,24,2026-09-29,08:00,08:30,0,30
2386,24,2026-09-22,12:00,12:30,1,30
2387,24,2026-09-15,13:30,14:00,0,30
2388,24,2026-09-07,15:00,15:30,1,30
2389,24,2026-09-04,16:00,16:30,0,30
2390,24,2026-09-17,18:30,19:00,0,30
2391,24,2026-09-02,10:00,10:30,1,30
2392,24,2026-09-02,10:00,10:30,0,30
2393,24,2026-09-06,18:30,19:00,1,30
2394,24,2026-09-22,18:00,18:30,0,30
2395,24,2026-09-22,12:30,13:00,1,30
2396,24,2026-09-19,08:30,09:00,1,30
2397,24,2026-09-27,16:30,17:00,1,30
2398,24,2026-09-07,16:30,17:00,1,30
2399,24,2026-09-08,17:30,18:00,0,30
2400,24,2026-09-08,13:00,13:30,1,30
2401,25,2026-09-13,16:00,16:30,1,30
2402,25,2026-09-29,18:30,19:00,0,30
2403,25,2026-09-16,15:30,16:00,1,30
2404,25,2026-09-11,11:00,11:30,1,30
2405,25,2026-09-03,11:30,12:00,1,30
2406,25,2026-09-11,11:00,11:30,1,30
2407,25,2026-09-09,14:30,15:00,0,30
2408,25,2026-09-01,12:00,12:30,1,30
2409,25,2026-09-15,14:00,14:30,1,30
2410,25,2026-09-20,11:30,12:00,1,30
2411,25,2026-09-16,17:30,18:00,0,30
2412,25,2026-09-05,12:00,12:30,1,30
2413,25,2026-09-15,09:00,09:30,1,30
2414,25,2026-09-05,17:30,18:00,1,30
2415,25,2026-09-09,11:00,11:30,1,30
2416,25,2026-09-19,16:00,16:30,0,30
2417,25,2026-09-09,15:00,15:30,1,30
2418,25,2026-09-25,12:00,12:30,1,30
2419,25,2026-09-28,12:00,12:30,1,30
2420,25,2026-09-17,11:30,12:00,1,30
2421,25,2026-09-09,12:00,12:30,0,30
2422,25,2026-09-14,12:00,12:30,1,30
2423,25,2026-09-14,11:00,11:30,0,30
2424,25,2026-09-07,10:00,10:30,1,30
2425,25,2026-09-25,14:00,14:30,1,30
2426,25,2026-09-26,17:30,18:00,1,30
2427,25,2026-09-19,09:00,09:30,1,30
2428,25,2026-09-18,12:30,13:00,1,30
2429,25,2026-09-12,13:00,13:30,1,30
2430,25,2026-10-01,08:00,08:30,1,30
2431,25,2026-09-29,14:30,15:00,0,30
2432,25,2026-09-08,11:00,11:30,1,30
2433,25,2026-09-10,09:00,09:30,1,30
2434,25,2026-09-03,14:00,14:30,1,30
2435,25,2026-09-24,13:30,14:00,1,30
2436,25,2026-09-14,18:00,18:30,1,30
2437,25,2026-09-05,17:30,18:00,1,30
2438,25,2026-09-13,12:30,13:00,1,30
2439,25,2026-09-12,12:00,12:30,1,30
2440,25,2026-09-23,15:30,16:00,1,30
2441,25,2026-09-23,10:30,11:00,1,30
2442,25,2026-09-13,13:00,13:30,1,30
2443,25,2026-09-17,08:00,08:30,1,30
2444,25,2026-09-23,15:00,15:30,0,30
2445,25,2026-09-21,16:00,16:30,0,30
2446,25,2026-09-18,18:30,19:00,1,30
2447,25,2026-09-22,10:00,10:30,0,30
2448,25,2026-09-02,13:00,13:30,0,30
2449,25,2026-09-06,09:00,09:30,1,30
2450,25,2026-09-15,11:00,11:30,1,30
2451,25,2026-10-01,16:30,17:00,1,30
2452,25,2026-09-24,08:00,08:30,1,30
2453,25,2026-09-29,15:00,15:30,0,30
2454,25,2026-09-20,17:30,18:00,1,30
2455,25,2026-09-21,14:30,15:00,1,30
2456,25,2026-09-17,18:00,18:30,0,30
2457,25,2026-09-03,18:00,18:30,1,30
2458,25,2026-09-23,14:30,15:00,0,30
2459,25,2026-09-13,17:00,17:30,1,30
2460,25,2026-09-25,10:00,10:30,1,30
2461,25,2026-09-09,13:00,13:30,1,30
2462,25,2026-09-12,16:30,17:00,1,30
2463,25,2026-09-12,18:30,19:00,1,30
2464,25,2026-09-17,13:30,14:00,1,30
2465,25,2026-09-14,09:30,10:00,1,30
2466,25,2026-09-12,15:00,15:30,1,30
2467,25,2026-09-19,12:00,12:30,1,30
2468,25,2026-09-12,09:30,10:00,1,30
2469,25,2026-09-17,08:00,08:30,0,30
2470,25,2026-09-05,14:30,15:00,1,30
2471,25,2026-09-19,17:00,17:30,0,30
2472,25,2026-09-30,15:30,16:00,1,30
2473,25,2026-09-07,14:00,14:30,0,30
2474,25,2026-09-27,17:30,18:00,1,30
2475,25,2026-09-14,13:00,13:30,1,30
2476,25,2026-09-01,12:00,12:30,1,30
2477,25,2026-09-05,15:00,15:30,1,30
2478,25,2026-09-25,14:30,15:00,1,30
2479,25,2026-09-14,11:00,11:30,1,30
2480,25,2026-09-06,11:30,12:00,0,30
2481,25,2026-09-26,14:00,14:30,1,30
2482,25,2026-09-14,18:30,19:00,0,30
2483,25,2026-09-15,09:00,09:30,1,30
2484,25,2026-09-24,08:30,09:00,1,30
2485,25,2026-09-16,10:00,10:30,0,30
2486,25,2026-09-05,10:30,11:00,0,30
2487,25,2026-09-20,14:30,15:00,0,30
2488,25,2026-09-12,18:30,19:00,1,30
2489,25,2026-09-04,18:30,19:00,0,30
2490,25,2026-09-28,10:30,11:00,1,30
2491,25,2026-09-04,13:30,14:00,0,30
2492,25,2026-09-11,09:00,09:30,1,30
2493,25,2026-09-25,11:00,11:30,0,30
2494,25,2026-09-12,13:00,13:30,1,30
2495,25,2026-09-04,18:00,18:30,0,30
2496,25,2026-09-08,09:30,10:00,0,30
2497,25,2026-09-16,15:30,16:00,0,30
2498,25,2026-09-11,13:00,13:30,1,30
2499,25,2026-09-17,14:30,15:00,1,30
2500,25,2026-10-01,08:00,08:30,1,30
2501,26,2026-09-12,13:00,13:30,1,30
2502,26,2026-09-17,08:00,08:30,1,30
2503,26,2026-09-25,18:00,18:30,1,30
2504,26,2026-09-20,15:30,16:00,0,30
2505,26,2026-09-01,16:30,17:00,1,30
2506,26,2026-09-19,17:30,18:00,0,30
2507,26,2026-09-17,15:30,16:00,1,30
2508,26,2026-09-05,13:00,13:30,0,30
2509,26,2026-09-22,10:00,10:30,1,30
2510,26,2026-09-14,13:00,13:30,1,30
2511,26,2026-09-28,13:00,13:30,1,30
2512,26,2026-09-28,14:00,14:30,1,30
2513,26,2026-09-08,10:30,11:00,1,30
2514,26,2026-09-15,12:30,13:00,1,30
2515,26,2026-09-04,12:00,12:30,1,30
2516,26,2026-09-21,08:30,09:00,0,30
2517,26,2026-09-28,12:00,12:30,1,30
2518,26,2026-09-19,11:30,12:00,1,30
2519,26,2026-09-13,12:30,13:00,0,30
2520,26,2026-09-25,12:30,13:00,0,30
2521,26,2026-09-04,18:30,19:00,1,30
2522,26,2026-09-25,13:00,13:30,1,30
2523,26,2026-09-20,10:30,11:00,1,30
2524,26,2026-09-26,11:00,11:30,1,30
2525,26,2026-09-22,14:00,14:30,1,30
2526,26,2026-09-10,09:30,10:00,1,30
2527,26,2026-09-05,17:00,17:30,1,30
2528,26,2026-09-07,10:00,10:30,1,30
2529,26,2026-09-08,17:00,17:30,1,30
2530,26,2026-09-10,09:30,10:00,0,30
2531,26,2026-09-17,09:00,09:30,1,30
2532,26,2026-09-21,18:30,19:00,0,30
2533,26,2026-09-16,18:00,18:30,1,30
2534,26,2026-09-23,14:00,14:30,1,30
2535,26,2026-09-27,08:00,08:30,1,30
2536,26,2026-09-28,10:00,10:30,1,30
2537,26,2026-09-11,13:00,13:30,1,30
2538,26,2026-09-22,08:00,08:30,0,30
2539,26,2026-09-23,18:30,19:00,1,30
2540,26,2026-09-21,09:00,09:30,1,30
2541,26,2026-09-24,11:00,11:30,0,30
2542,26,2026-09-22,16:30,17:00,1,30
2543,26,2026-09-29,10:30,11:00,0,30
2544,26,2026-09-07,17:00,17:30,1,30
2545,26,2026-09-23,10:00,10:30,1,30
2546,26,2026-09-21,14:30,15:00,1,30
2547,26,2026-09-11,15:00,15:30,1,30
2548,26,2026-09-17,08:30,09:00,0,30
2549,26,2026-09-24,16:00,16:30,0,30
2550,26,2026-09-27,09:00,09:30,1,30
2551,26,2026-09-02,10:00,10:30,1,30
2552,26,2026-09-29,15:30,16:00,1,30
2553,26,2026-09-12,12:30,13:00,0,30
2554,26,2026-09-25,11:30,12:00,1,30
2555,26,2026-09-18,12:30,13:00,1,30
2556,26,2026-09-09,15:00,15:30,1,30
2557,26,2026-09-14,16:30,17:00,0,30
2558,26,2026-09-24,09:30,10:00,1,30
2559,26,2026-09-28,11:00,11:30,1,30
2560,26,2026-09-02,12:30,13:00,0,30
2561,26,2026-10-01,11:30,12:00,1,30
2562,26,2026-09-28,18:30,19:00,1,30
2563,26,2026-09-14,11:30,12:00,1,30
2564,26,2026-09-08,13:30,14:00,1,30
2565,26,2026-09-29,14:30,15:00,0,30
2566,26,2026-09-02,09:30,10:00,1,30
2567,26,2026-09-21,11:00,11:30,1,30
2568,26,2026-10-01,14:30,15:00,0,30
2569,26,2026-09-11,16:30,17:00,0,30
2570,26,2026-09-14,09:30,10:00,1,30
2571,26,2026-09-23,16:30,17:00,0,30
2572,26,2026-09-04,18:00,18:30,1,30
2573,26,2026-09-12,08:00,08:30,1,30
2574,26,2026-09-13,09:30,10:00,1,30
2575,26,2026-09-22,14:30,15:00,1,30
2576,26,2026-09-29,14:30,15:00,1,30
2577,26,2026-09-19,16:30,17:00,0,30
2578,26,2026-09-04,14:00,14:30,1,30
2579,26,2026-09-20,11:00,11:30,1,30
2580,26,2026-09-16,14:00,14:30,0,30
2581,26,2026-09-08,15:00,15:30,1,30
2582,26,2026-09-17,08:30,09:00,1,30
2583,26,2026-09-12,16:00,16:30,0,30
2584,26,2026-09-04,15:00,15:30,0,30
2585,26,2026-10-01,10:00,10:30,1,30
2586,26,2026-09-09,12:30,13:00,1,30
2587,26,2026-09-12,15:30,16:00,1,30
2588,26,2026-09-29,10:00,10:30,0,30
2589,26,2026-09-16,08:00,08:30,0,30
2590,26,2026-09-20,09:30,10:00,1,30
2591,26,2026-09-05,09:00,09:30,0,30
2592,26,2026-09-08,16:00,16:30,1,30
2593,26,2026-09-15,18:30,19:00,1,30
2594,26,2026-09-30,15:00,15:30,1,30
2595,26,2026-09-02,14:30,15:00,1,30
2596,26,2026-09-12,09:30,10:00,1,30
2597,26,2026-09-04,13:30,14:00,1,30
2598,26,2026-09-30,14:30,15:00,0,30
2599,26,2026-09-03,17:30,18:00,1,30
2600,26,2026-09-15,18:30,19:00,1,30
2601,27,2026-09-28,18:00,18:30,0,30
2602,27,2026-09-07,15:30,16:00,1,30
2603,27,2026-09-10,18:00,18:30,1,30
2604,27,2026-09-19,12:30,13:00,0,30
2605,27,2026-09-17,08:00,08:30,1,30
2606,27,2026-09-29,15:30,16:00,1,30
2607,27,2026-09-14,16:30,17:00,1,30
2608,27,2026-09-25,13:00,13:30,1,30
2609,27,2026-09-11,14:00,14:30,1,30
2610,27,2026-09-29,14:00,14:30,1,30
2611,27,2026-09-23,08:30,09:00,1,30
2612,27,2026-10-01,11:30,12:00,1,30
2613,27,2026-09-01,12:30,13:00,1,30
2614,27,2026-09-03,18:30,19:00,1,30
2615,27,2026-09-26,11:00,11:30,1,30
2616,27,2026-09-17,13:00,13:30,1,30
2617,27,2026-10-01,17:00,17:30,1,30
2618,27,2026-09-09,12:30,13:00,1,30
2619,27,2026-09-14,18:30,19:00,1,30
2620,27,2026-09-15,15:00,15:30,0,30
2621,27,2026-09-23,10:00,10:30,1,30
2622,27,2026-09-05,10:30,11:00,1,30
2623,27,2026-09-28,15:00,15:30,1,30
2624,27,2026-09-16,11:30,12:00,0,30
2625,27,2026-09-15,16:30,17:00,1,30
2626,27,2026-09-08,13:00,13:30,1,30
2627,27,2026-09-14,13:00,13:30,0,30
2628,27,2026-09-20,18:00,18:30,1,30
2629,27,2026-09-30,17:00,17:30,1,30
2630,27,2026-09-27,12:00,12:30,0,30
2631,27,2026-09-09,09:30,10:00,1,30
2632,27,2026-09-10,10:00,10:30,1,30
2633,27,2026-09-22,10:30,11:00,1,30
2634,27,2026-09-21,18:00,18:30,1,30
2635,27,2026-09-12,12:00,12:30,0,30
2636,27,2026-09-27,13:00,13:30,1,30
2637,27,2026-09-14,10:30,11:00,1,30
2638,27,2026-09-30,18:00,18:30,0,30
2639,27,2026-10-01,12:30,13:00,0,30
2640,27,2026-09-17,15:00,15:30,0,30
2641,27,2026-09-12,09:00,09:30,1,30
2642,27,2026-09-08,16:30,17:00,1,30
2643,27,2026-09-29,16:00,16:30,1,30
2644,27,2026-09-03,14:00,14:30,1,30
2645,27,2026-09-29,17:30,18:00,1,30
2646,27,2026-09-05,13:00,13:30,1,30
2647,27,2026-09-29,16:30,17:00,1,30
2648,27,2026-09-28,17:00,17:30,1,30
2649,27,2026-09-05,15:00,15:30,1,30
2650,27,2026-09-05,10:00,10:30,1,30
2651,27,2026-09-01,15:30,16:00,1,30
2652,27,2026-09-07,09:00,09:30,0,30
2653,27,2026-09-20,17:00,17:30,0,30
2654,27,2026-09-11,13:00,13:30,1,30
2655,27,2026-09-03,14:00,14:30,1,30
2656,27,2026-09-24,18:30,19:00,1,30
2657,27,2026-09-11,12:30,13:00,1,30
2658,27,2026-09-04,13:30,14:00,1,30
2659,27,2026-09-05,14:30,15:00,1,30
2660,27,2026-09-15,10:00,10:30,1,30
2661,27,2026-09-10,10:30,11:00,1,30
2662,27,2026-09-01,13:30,14:00,0,30
2663,27,2026-09-15,12:00,12:30,1,30
2664,27,2026-09-13,11:00,11:30,1,30
2665,27,2026-09-17,12:00,12:30,0,30
2666,27,2026-09-10,10:00,10:30,1,30
2667,27,2026-09-09,11:00,11:30,1,30
2668,27,2026-09-20,09:00,09:30,1,30
2669,27,2026-09-18,10:00,10:30,0,30
2670,27,2026-09-04,10:00,10:30,1,30
2671,27,2026-09-18,18:00,18:30,0,30
2672,27,2026-09-16,17:00,17:30,1,30
2673,27,2026-09-30,17:30,18:00,1,30
2674,27,2026-09-19,09:00,09:30,0,30
2675,27,2026-09-08,18:00,18:30,1,30
2676,27,2026-09-21,13:30,14:00,1,30
2677,27,2026-09-29,14:00,14:30,0,30
2678,27,2026-09-13,10:00,10:30,1,30
2679,27,2026-09-03,17:00,17:30,1,30
2680,27,2026-09-01,18:00,18:30,1,30
2681,27,2026-09-07,17:30,18:00,1,30
2682,27,2026-09-26,18:30,19:00,1,30
2683,27,2026-09-13,12:30,13:00,1,30
2684,27,2026-09-22,14:00,14:30,1,30
2685,27,2026-09-06,08:30,09:00,1,30
2686,27,2026-09-18,09:00,09:30,0,30
2687,27,2026-09-12,13:30,14:00,1,30
2688,27,2026-09-18,16:00,16:30,1,30
2689,27,2026-09-02,13:00,13:30,1,30
2690,27,2026-09-19,18:30,19:00,1,30
2691,27,2026-09-05,15:00,15:30,1,30
2692,27,2026-09-05,11:00,11:30,1,30
2693,27,2026-09-06,10:00,10:30,0,30
2694,27,2026-09-19,10:30,11:00,1,30
2695,27,2026-09-04,15:30,16:00,0,30
2696,27,2026-09-14,12:30,13:00,0,30
2697,27,2026-09-10,12:00,12:30,0,30
2698,27,2026-09-08,08:00,08:30,1,30
2699,27,2026-09-16,09:00,09:30,0,30
2700,27,2026-09-19,17:00,17:30,1,30
2701,28,2026-09-13,11:30,12:00,1,30
2702,28,2026-09-17,16:00,16:30,1,30
2703,28,2026-10-01,09:00,09:30,1,30
2704,28,2026-09-09,08:30,09:00,1,30
2705,28,2026-09-09,13:30,14:00,0,30
2706,28,2026-09-24,12:30,13:00,1,30
2707,28,2026-09-17,14:30,15:00,1,30
2708,28,2026-09-01,18:30,19:00,0,30
2709,28,2026-09-15,15:00,15:30,0,30
2710,28,2026-09-08,09:30,10:00,1,30
2711,28,2026-09-08,10:00,10:30,1,30
2712,28,2026-09-04,11:00,11:30,0,30
2713,28,2026-09-20,08:30,09:00,1,30
2714,28,2026-09-24,12:30,13:00,1,30
2715,28,2026-09-03,09:00,09:30,1,30
2716,28,2026-09-06,11:00,11:30,1,30
2717,28,2026-09-24,12:30,13:00,1,30
2718,28,2026-09-08,18:00,18:30,1,30
2719,28,2026-09-29,16:00,16:30,0,30
2720,28,2026-09-03,18:30,19:00,1,30
2721,28,2026-09-24,14:00,14:30,1,30
2722,28,2026-09-09,10:00,10:30,0,30
2723,28,2026-09-16,10:30,11:00,1,30
2724,28,2026-09-08,13:00,13:30,0,30
2725,28,2026-09-18,17:00,17:30,1,30
2726,28,2026-09-23,10:30,11:00,1,30
2727,28,2026-09-08,11:30,12:00,1,30
2728,28,2026-09-07,10:00,10:30,0,30
2729,28,2026-09-09,10:00,10:30,1,30
2730,28,2026-09-14,14:00,14:30,0,30
2731,28,2026-09-21,14:00,14:30,0,30
2732,28,2026-09-05,09:00,09:30,1,30
2733,28,2026-09-02,12:30,13:00,1,30
2734,28,2026-09-26,11:30,12:00,0,30
2735,28,2026-09-09,17:00,17:30,1,30
2736,28,2026-09-08,16:30,17:00,0,30
2737,28,2026-09-14,17:30,18:00,1,30
2738,28,2026-09-13,08:00,08:30,1,30
2739,28,2026-09-26,17:30,18:00,1,30
2740,28,2026-09-11,18:30,19:00,0,30
2741,28,2026-09-19,08:00,08:30,0,30
2742,28,2026-09-25,10:30,11:00,0,30
2743,28,2026-09-23,14:30,15:00,1,30
2744,28,2026-09-05,12:30,13:00,1,30
2745,28,2026-09-11,12:30,13:00,1,30
2746,28,2026-09-10,14:00,14:30,1,30
2747,28,2026-09-27,13:30,14:00,1,30
2748,28,2026-09-15,14:30,15:00,0,30
2749,28,2026-09-07,17:30,18:00,1,30
2750,28,2026-09-13,17:00,17:30,1,30
2751,28,2026-09-16,15:00,15:30,1,30
2752,28,2026-09-19,18:30,19:00,1,30
2753,28,2026-09-22,10:30,11:00,0,30
2754,28,2026-09-03,10:30,11:00,0,30
2755,28,2026-09-30,12:00,12:30,1,30
2756,28,2026-09-06,09:30,10:00,0,30
2757,28,2026-09-11,13:30,14:00,0,30
2758,28,2026-09-07,11:30,12:00,1,30
2759,28,2026-09-08,16:00,16:30,1,30
2760,28,2026-09-06,13:00,13:30,1,30
2761,28,2026-09-19,09:00,09:30,1,30
2762,28,2026-09-16,13:30,14:00,0,30
2763,28,2026-09-10,15:00,15:30,1,30
2764,28,2026-09-27,13:00,13:30,1,30
2765,28,2026-09-06,13:00,13:30,1,30
2766,28,2026-10-01,15:30,16:00,0,30
2767,28,2026-09-18,18:00,18:30,1,30
2768,28,2026-09-07,09:00,09:30,1,30
2769,28,2026-10-01,14:30,15:00,1,30
2770,28,2026-09-19,15:00,15:30,1,30
2771,28,2026-09-22,17:30,18:00,1,30
2772,28,2026-10-01,10:30,11:00,1,30
2773,28,2026-09-19,10:00,10:30,1,30
2774,28,2026-09-06,12:30,13:00,1,30
2775,28,2026-09-10,14:00,14:30,1,30
2776,28,2026-09-18,15:30,16:00,0,30
2777,28,2026-09-09,08:30,09:00,1,30
2778,28,2026-09-05,08:30,09:00,1,30
2779,28,2026-09-05,14:00,14:30,1,30
2780,28,2026-09-08,08:00,08:30,1,30
2781,28,2026-09-20,18:30,19:00,0,30
2782,28,2026-09-06,10:30,11:00,1,30
2783,28,2026-09-15,11:30,12:00,0,30
2784,28,2026-09-27,16:00,16:30,0,30
2785,28,2026-09-30,08:30,09:00,1,30
2786,28,2026-09-23,17:30,18:00,1,30
2787,28,2026-09-12,18:00,18:30,1,30
2788,28,2026-09-08,12:30,13:00,0,30
2789,28,2026-09-18,15:30,16:00,1,30
2790,28,2026-09-30,16:00,16:30,1,30
2791,28,2026-09-14,16:00,16:30,1,30
2792,28,2026-09-29,09:00,09:30,0,30
2793,28,2026-09-22,11:30,12:00,0,30
2794,28,2026-09-12,18:30,19:00,1,30
2795,28,2026-09-24,12:30,13:00,1,30
2796,28,2026-09-29,14:00,14:30,1,30
2797,28,2026-09-20,13:00,13:30,1,30
2798,28,2026-09-04,13:00,13:30,1,30
2799,28,2026-09-11,08:00,08:30,0,30
2800,28,2026-09-02,16:00,16:30,0,30
2801,29,2026-09-02,18:00,18:30,1,30
2802,29,2026-09-04,08:30,09:00,1,30
2803,29,2026-09-03,11:30,12:00,0,30
2804,29,2026-09-24,15:30,16:00,1,30
2805,29,2026-09-03,14:30,15:00,0,30
2806,29,2026-09-22,12:30,13:00,1,30
2807,29,2026-09-22,16:00,16:30,1,30
2808,29,2026-09-13,16:30,17:00,1,30
2809,29,2026-09-12,18:00,18:30,1,30
2810,29,2026-09-12,17:30,18:00,1,30
2811,29,2026-09-13,08:00,08:30,1,30
2812,29,2026-09-13,13:00,13:30,0,30
2813,29,2026-09-24,16:30,17:00,0,30
2814,29,2026-09-21,10:00,10:30,1,30
2815,29,2026-09-23,18:30,19:00,0,30
2816,29,2026-09-10,09:30,10:00,0,30
2817,29,2026-09-11,13:00,13:30,0,30
2818,29,2026-09-25,15:30,16:00,0,30
2819,29,2026-09-27,12:30,13:00,1,30
2820,29,2026-09-28,09:00,09:30,1,30
2821,29,2026-09-16,18:00,18:30,0,30
2822,29,2026-09-06,10:00,10:30,1,30
2823,29,2026-09-19,13:30,14:00,0,30
2824,29,2026-09-04,14:30,15:00,0,30
2825,29,2026-09-11,08:00,08:30,1,30
2826,29,2026-09-28,13:30,14:00,0,30
2827,29,2026-09-03,15:00,15:30,1,30
2828,29,2026-09-28,17:30,18:00,1,30
2829,29,2026-09-12,08:00,08:30,1,30
2830,29,2026-09-23,12:30,13:00,1,30
2831,29,2026-09-12,08:30,09:00,1,30
2832,29,2026-10-01,18:00,18:30,0,30
2833,29,2026-09-29,10:30,11:00,1,30
2834,29,2026-09-17,13:00,13:30,1,30
2835,29,2026-09-07,16:30,17:00,0,30
2836,29,2026-09-30,11:00,11:30,1,30
2837,29,2026-09-24,12:00,12:30,1,30
2838,29,2026-09-14,12:30,13:00,1,30
2839,29,2026-09-17,08:00,08:30,1,30
2840,29,2026-09-27,09:00,09:30,1,30
2841,29,2026-09-08,11:30,12:00,1,30
2842,29,2026-09-01,10:00,10:30,1,30
2843,29,2026-09-15,18:30,19:00,1,30
2844,29,2026-09-20,16:00,16:30,0,30
2845,29,2026-09-19,08:30,09:00,0,30
2846,29,2026-09-27,12:00,12:30,1,30
2847,29,2026-09-05,11:30,12:00,1,30
2848,29,2026-09-02,13:30,14:00,0,30
2849,29,2026-09-12,08:30,09:00,0,30
2850,29,2026-09-04,17:30,18:00,1,30
2851,29,2026-09-26,09:00,09:30,1,30
2852,29,2026-09-15,10:00,10:30,1,30
2853,29,2026-09-17,08:30,09:00,1,30
2854,29,2026-09-03,12:00,12:30,1,30
2855,29,2026-09-13,14:30,15:00,1,30
2856,29,2026-09-14,11:00,11:30,0,30
2857,29,2026-09-14,15:30,16:00,1,30
2858,29,2026-09-10,16:00,16:30,0,30
2859,29,2026-09-10,15:00,15:30,1,30
2860,29,2026-09-12,08:00,08:30,1,30
2861,29,2026-09-17,12:00,12:30,1,30
2862,29,2026-09-10,12:30,13:00,0,30
2863,29,2026-09-21,13:00,13:30,0,30
2864,29,2026-09-28,08:00,08:30,1,30
2865,29,2026-09-24,10:00,10:30,1,30
2866,29,2026-09-02,16:30,17:00,1,30
2867,29,2026-09-04,10:00,10:30,1,30
2868,29,2026-09-28,18:00,18:30,0,30
2869,29,2026-09-08,13:00,13:30,0,30
2870,29,2026-09-26,17:00,17:30,0,30
2871,29,2026-09-06,17:00,17:30,0,30
2872,29,2026-09-05,10:30,11:00,0,30
2873,29,2026-09-08,11:30,12:00,1,30
2874,29,2026-09-09,11:30,12:00,1,30
2875,29,2026-09-08,12:00,12:30,1,30
2876,29,2026-09-08,09:00,09:30,0,30
2877,29,2026-09-23,15:00,15:30,0,30
2878,29,2026-09-07,11:30,12:00,0,30
2879,29,2026-09-11,13:30,14:00,1,30
2880,29,2026-09-21,10:30,11:00,1,30
2881,29,2026-09-04,11:30,12:00,1,30
2882,29,2026-09-09,15:00,15:30,1,30
2883,29,2026-09-30,08:30,09:00,0,30
2884,29,2026-09-17,15:00,15:30,1,30
2885,29,2026-09-18,14:00,14:30,1,30
2886,29,2026-09-10,10:00,10:30,1,30
2887,29,2026-09-01,16:30,17:00,1,30
2888,29,2026-09-29,12:30,13:00,0,30
2889,29,2026-09-18,11:00,11:30,0,30
2890,29,2026-09-03,11:30,12:00,1,30
2891,29,2026-09-03,10:30,11:00,1,30
2892,29,2026-09-18,14:30,15:00,1,30
2893,29,2026-09-02,08:00,08:30,0,30
2894,29,2026-09-03,13:30,14:00,1,30
2895,29,2026-09-26,08:00,08:30,0,30
2896,29,2026-09-28,10:00,10:30,0,30
2897,29,2026-09-06,17:30,18:00,1,30
2898,29,2026-09-08,12:00,12:30,1,30
2899,29,2026-09-18,15:00,15:30,0,30
2900,29,2026-09-12,12:00,12:30,1,30
2901,30,2026-09-23,14:30,15:00,1,30
2902,30,2026-09-22,15:00,15:30,1,30
2903,30,2026-09-18,17:00,17:30,1,30
2904,30,2026-09-17,13:30,14:00,1,30
2905,30,2026-09-10,09:30,10:00,1,30
2906,30,2026-09-28,15:00,15:30,1,30
2907,30,2026-09-22,14:30,15:00,1,30
2908,30,2026-09-09,12:30,13:00,0,30
2909,30,2026-09-05,14:00,14:30,1,30
2910,30,2026-09-19,09:00,09:30,1,30
2911,30,2026-09-12,11:00,11:30,0,30
2912,30,2026-09-15,08:00,08:30,1,30
2913,30,2026-09-29,11:00,11:30,0,30
2914,30,2026-09-13,14:30,15:00,1,30
2915,30,2026-09-27,08:00,08:30,0,30
2916,30,2026-10-01,09:00,09:30,1,30
2917,30,2026-09-29,16:30,17:00,1,30
2918,30,2026-09-15,13:00,13:30,0,30
2919,30,2026-09-06,16:00,16:30,1,30
2920,30,2026-09-26,10:30,11:00,1,30
2921,30,2026-09-04,14:00,14:30,1,30
2922,30,2026-09-22,12:30,13:00,0,30
2923,30,2026-09-27,18:00,18:30,0,30
2924,30,2026-09-22,10:30,11:00,1,30
2925,30,2026-09-20,18:30,19:00,1,30
2926,30,2026-09-22,14:00,14:30,0,30
2927,30,2026-09-25,13:00,13:30,0,30
2928,30,2026-09-30,16:30,17:00,1,30
2929,30,2026-09-19,13:30,14:00,1,30
2930,30,2026-09-08,12:30,13:00,1,30
2931,30,2026-09-18,08:30,09:00,1,30
2932,30,2026-09-01,09:30,10:00,1,30
2933,30,2026-09-28,10:00,10:30,0,30
2934,30,2026-09-21,15:30,16:00,1,30
2935,30,2026-09-06,10:30,11:00,1,30
2936,30,2026-09-11,15:00,15:30,0,30
2937,30,2026-09-27,15:00,15:30,0,30
2938,30,2026-09-04,13:00,13:30,1,30
2939,30,2026-09-24,18:00,18:30,1,30
2940,30,2026-09-04,17:30,18:00,1,30
2941,30,2026-09-18,09:30,10:00,1,30
2942,30,2026-09-21,14:30,15:00,1,30
2943,30,2026-09-28,09:30,10:00,1,30
2944,30,2026-09-16,15:30,16:00,0,30
2945,30,2026-10-01,08:00,08:30,0,30
2946,30,2026-09-30,09:30,10:00,1,30
2947,30,2026-09-23,10:30,11:00,1,30
2948,30,2026-09-25,12:30,13:00,1,30
2949,30,2026-09-01,18:00,18:30,0,30
2950,30,2026-09-20,13:00,13:30,0,30
2951,30,2026-09-17,15:00,15:30,1,30
2952,30,2026-09-20,11:00,11:30,1,30
2953,30,2026-09-25,11:00,11:30,1,30
2954,30,2026-10-01,18:30,19:00,0,30
2955,30,2026-09-01,08:30,09:00,1,30
2956,30,2026-09-22,10:00,10:30,0,30
2957,30,2026-09-30,13:00,13:30,0,30
2958,30,2026-09-18,16:30,17:00,0,30
2959,30,2026-09-15,18:00,18:30,0,30
2960,30,2026-09-10,14:30,15:00,0,30
2961,30,2026-09-01,18:30,19:00,0,30
2962,30,2026-09-05,15:30,16:00,1,30
2963,30,2026-09-16,11:30,12:00,1,30
2964,30,2026-09-23,16:00,16:30,1,30
2965,30,2026-09-26,18:00,18:30,0,30
2966,30,2026-09-15,13:30,14:00,1,30
2967,30,2026-09-11,12:30,13:00,1,30
2968,30,2026-09-05,15:00,15:30,0,30
2969,30,2026-09-25,17:00,17:30,1,30
2970,30,2026-09-25,14:30,15:00,1,30
2971,30,2026-09-21,16:00,16:30,0,30
2972,30,2026-09-25,11:30,12:00,0,30
2973,30,2026-09-13,16:30,17:00,1,30
2974,30,2026-09-27,12:30,13:00,0,30
2975,30,2026-09-25,13:00,13:30,1,30
2976,30,2026-09-27,10:30,11:00,1,30
2977,30,2026-09-04,09:30,10:00,1,30
2978,30,2026-09-28,18:00,18:30,1,30
2979,30,2026-09-19,16:30,17:00,0,30
2980,30,2026-09-20,11:30,12:00,1,30
2981,30,2026-09-24,15:00,15:30,0,30
2982,30,2026-09-28,08:00,08:30,0,30
2983,30,2026-09-23,12:30,13:00,1,30
2984,30,2026-09-09,08:00,08:30,1,30
2985,30,2026-09-29,13:30,14:00,0,30
2986,30,2026-09-26,12:30,13:00,1,30
2987,30,2026-09-18,12:30,13:00,1,30
2988,30,2026-09-15,14:00,14:30,1,30
2989,30,2026-09-12,17:30,18:00,0,30
2990,30,2026-09-01,10:30,11:00,0,30
2991,30,2026-09-14,12:30,13:00,1,30
2992,30,2026-09-02,15:00,15:30,0,30
2993,30,2026-09-26,16:30,17:00,1,30
2994,30,2026-09-20,16:30,17:00,1,30
2995,30,2026-09-07,11:00,11:30,1,30
2996,30,2026-09-14,16:30,17:00,1,30
2997,30,2026-09-09,15:30,16:00,1,30
2998,30,2026-09-27,10:00,10:30,0,30
2999,30,2026-09-05,09:30,10:00,1,30
3000,30,2026-09-08,15:30,16:00,0,30
3001,31,2026-09-29,16:00,16:30,0,30
3002,31,2026-09-18,17:00,17:30,0,30
3003,31,2026-09-29,16:30,17:00,1,30
3004,31,2026-09-26,11:00,11:30,0,30
3005,31,2026-09-03,16:30,17:00,1,30
3006,31,2026-09-10,18:00,18:30,0,30
3007,31,2026-09-19,18:00,18:30,1,30
3008,31,2026-09-20,08:30,09:00,1,30
3009,31,2026-09-29,10:00,10:30,1,30
3010,31,2026-09-12,17:00,17:30,1,30
3011,31,2026-09-04,18:30,19:00,1,30
3012,31,2026-09-17,09:30,10:00,0,30
3013,31,2026-09-27,16:00,16:30,0,30
3014,31,2026-09-28,18:30,19:00,0,30
3015,31,2026-09-18,10:00,10:30,1,30
3016,31,2026-09-22,17:30,18:00,1,30
3017,31,2026-09-08,08:00,08:30,1,30
3018,31,2026-09-30,08:30,09:00,0,30
3019,31,2026-09-21,14:00,14:30,1,30
3020,31,2026-09-16,10:30,11:00,1,30
3021,31,2026-09-30,12:00,12:30,1,30
3022,31,2026-09-22,17:00,17:30,1,30
3023,31,2026-09-28,13:00,13:30,1,30
3024,31,2026-09-15,13:30,14:00,1,30
3025,31,2026-09-14,15:00,15:30,0,30
3026,31,2026-09-05,18:00,18:30,1,30
3027,31,2026-09-06,09:00,09:30,0,30
3028,31,2026-09-12,17:00,17:30,1,30
3029,31,2026-09-16,13:00,13:30,1,30
3030,31,2026-09-14,12:00,12:30,0,30
3031,31,2026-09-05,15:30,16:00,0,30
3032,31,2026-09-30,13:00,13:30,1,30
3033,31,2026-09-06,11:00,11:30,0,30
3034,31,2026-09-04,10:30,11:00,1,30
3035,31,2026-09-06,10:00,10:30,1,30
3036,31,2026-09-09,08:30,09:00,1,30
3037,31,2026-09-12,17:30,18:00,1,30
3038,31,2026-10-01,13:30,14:00,1,30
3039,31,2026-09-04,17:30,18:00,1,30
3040,31,2026-09-09,13:00,13:30,1,30
3041,31,2026-09-09,10:00,10:30,0,30
3042,31,2026-09-29,13:30,14:00,0,30
3043,31,2026-09-19,11:30,12:00,1,30
3044,31,2026-09-04,17:00,17:30,0,30
3045,31,2026-09-22,16:30,17:00,1,30
3046,31,2026-09-15,08:00,08:30,1,30
3047,31,2026-09-19,17:30,18:00,1,30
3048,31,2026-09-16,13:00,13:30,1,30
3049,31,2026-09-20,16:30,17:00,0,30
3050,31,2026-09-15,11:30,12:00,1,30
3051,31,2026-09-11,15:30,16:00,1,30
3052,31,2026-09-09,14:30,15:00,1,30
3053,31,2026-09-12,10:30,11:00,1,30
3054,31,2026-09-02,18:00,18:30,0,30
3055,31,2026-09-05,16:30,17:00,1,30
3056,31,2026-09-13,12:30,13:00,1,30
3057,31,2026-09-17,13:30,14:00,1,30
3058,31,2026-09-14,14:30,15:00,1,30
3059,31,2026-09-16,08:00,08:30,1,30
3060,31,2026-09-06,09:00,09:30,0,30
3061,31,2026-09-05,12:30,13:00,1,30
3062,31,2026-09-04,10:00,10:30,1,30
3063,31,2026-09-30,10:00,10:30,0,30
3064,31,2026-09-03,13:30,14:00,1,30
3065,31,2026-09-22,14:30,15:00,0,30
3066,31,2026-09-09,14:30,15:00,1,30
3067,31,2026-09-13,10:00,10:30,1,30
3068,31,2026-09-28,18:00,18:30,0,30
3069,31,2026-09-03,13:00,13:30,1,30
3070,31,2026-09-13,18:30,19:00,1,30
3071,31,2026-09-15,10:00,10:30,0,30
3072,31,2026-09-29,11:30,12:00,1,30
3073,31,2026-09-23,08:00,08:30,1,30
3074,31,2026-09-05,09:00,09:30,1,30
3075,31,2026-09-11,10:00,10:30,1,30
3076,31,2026-09-08,10:30,11:00,0,30
3077,31,2026-09-06,10:00,10:30,0,30
3078,31,2026-09-28,14:00,14:30,1,30
3079,31,2026-09-12,08:00,08:30,1,30
3080,31,2026-09-26,08:00,08:30,1,30
3081,31,2026-09-26,10:30,11:00,0,30
3082,31,2026-09-30,15:00,15:30,1,30
3083,31,2026-09-05,16:30,17:00,0,30
3084,31,2026-09-22,10:00,10:30,1,30
3085,31,2026-09-19,10:30,11:00,1,30
3086,31,2026-09-08,14:30,15:00,1,30
3087,31,2026-09-01,11:30,12:00,1,30
3088,31,2026-09-07,13:00,13:30,1,30
3089,31,2026-09-01,09:30,10:00,1,30
3090,31,2026-09-04,13:30,14:00,0,30
3091,31,2026-09-04,12:00,12:30,1,30
3092,31,2026-09-10,12:30,13:00,0,30
3093,31,2026-10-01,15:30,16:00,1,30
3094,31,2026-09-19,13:30,14:00,1,30
3095,31,2026-09-26,14:30,15:00,1,30
3096,31,2026-09-12,13:30,14:00,1,30
3097,31,2026-09-08,08:00,08:30,0,30
3098,31,2026-09-01,18:30,19:00,1,30
3099,31,2026-09-12,14:00,14:30,0,30
3100,31,2026-09-26,16:30,17:00,1,30
3101,32,2026-09-05,17:30,18:00,0,30
3102,32,2026-09-08,16:00,16:30,1,30
3103,32,2026-09-04,08:30,09:00,1,30
3104,32,2026-09-07,14:30,15:00,1,30
3105,32,2026-09-04,10:30,11:00,0,30
3106,32,2026-09-13,08:30,09:00,1,30
3107,32,2026-09-28,09:30,10:00,1,30
3108,32,2026-09-24,08:00,08:30,1,30
3109,32,2026-09-06,09:00,09:30,0,30
3110,32,2026-09-15,13:00,13:30,0,30
3111,32,2026-09-06,11:00,11:30,1,30
3112,32,2026-09-25,12:00,12:30,0,30
3113,32,2026-09-18,15:30,16:00,0,30
3114,32,2026-09-28,13:00,13:30,1,30
3115,32,2026-09-16,17:30,18:00,1,30
3116,32,2026-09-13,12:30,13:00,0,30
3117,32,2026-09-08,09:00,09:30,0,30
3118,32,2026-09-14,16:30,17:00,1,30
3119,32,2026-09-09,08:00,08:30,1,30
3120,32,2026-09-18,13:30,14:00,0,30
3121,32,2026-09-20,13:00,13:30,0,30
3122,32,2026-09-09,18:00,18:30,1,30
3123,32,2026-09-30,08:00,08:30,1,30
3124,32,2026-09-06,16:30,17:00,0,30
3125,32,2026-09-16,14:00,14:30,0,30
3126,32,2026-09-26,10:00,10:30,0,30
3127,32,2026-09-30,17:30,18:00,1,30
3128,32,2026-09-05,11:30,12:00,1,30
3129,32,2026-09-02,11:00,11:30,1,30
3130,32,2026-10-01,15:00,15:30,1,30
3131,32,2026-09-27,12:00,12:30,1,30
3132,32,2026-09-17,10:00,10:30,0,30
3133,32,2026-09-08,15:00,15:30,1,30
3134,32,2026-09-23,10:00,10:30,1,30
3135,32,2026-09-16,12:30,13:00,1,30
3136,32,2026-09-19,14:00,14:30,1,30
3137,32,2026-09-24,12:30,13:00,1,30
3138,32,2026-09-30,12:30,13:00,1,30
3139,32,2026-09-04,13:00,13:30,0,30
3140,32,2026-09-25,08:00,08:30,1,30
3141,32,2026-09-14,18:00,18:30,1,30
3142,32,2026-09-13,10:30,11:00,1,30
3143,32,2026-09-16,10:30,11:00,1,30
3144,32,2026-09-11,13:30,14:00,1,30
3145,32,2026-09-05,16:00,16:30,1,30
3146,32,2026-09-10,10:00,10:30,1,30
3147,32,2026-09-05,10:30,11:00,0,30
3148,32,2026-09-02,17:00,17:30,1,30
3149,32,2026-09-13,11:30,12:00,1,30
3150,32,2026-09-05,08:30,09:00,1,30
3151,32,2026-10-01,16:30,17:00,1,30
3152,32,2026-09-13,18:30,19:00,1,30
3153,32,2026-09-23,18:30,19:00,1,30
3154,32,2026-09-14,17:30,18:00,1,30
3155,32,2026-09-14,17:00,17:30,1,30
3156,32,2026-09-07,15:30,16:00,0,30
3157,32,2026-09-01,09:00,09:30,1,30
3158,32,2026-09-10,11:30,12:00,1,30
3159,32,2026-09-02,12:00,12:30,1,30
3160,32,2026-09-27,12:00,12:30,1,30
3161,32,2026-09-19,16:30,17:00,0,30
3162,32,2026-09-21,10:00,10:30,1,30
3163,32,2026-09-08,08:30,09:00,1,30
3164,32,2026-09-20,09:00,09:30,1,30
3165,32,2026-09-04,12:00,12:30,0,30
3166,32,2026-09-03,14:30,15:00,1,30
3167,32,2026-09-21,13:00,13:30,1,30
3168,32,2026-09-08,17:30,18:00,1,30
3169,32,2026-09-10,10:30,11:00,0,30
3170,32,2026-09-27,08:00,08:30,1,30
3171,32,2026-09-04,13:00,13:30,1,30
3172,32,2026-09-25,11:30,12:00,0,30
3173,32,2026-09-08,10:00,10:30,0,30
3174,32,2026-09-28,18:30,19:00,1,30
3175,32,2026-09-25,18:00,18:30,0,30
3176,32,2026-09-25,09:00,09:30,1,30
3177,32,2026-09-22,12:00,12:30,1,30
3178,32,2026-09-08,16:00,16:30,1,30
3179,32,2026-09-29,15:30,16:00,1,30
3180,32,2026-10-01,17:30,18:00,0,30
3181,32,2026-09-26,14:00,14:30,1,30
3182,32,2026-09-29,11:00,11:30,1,30
3183,32,2026-09-14,15:30,16:00,0,30
3184,32,2026-09-07,13:30,14:00,0,30
3185,32,2026-09-14,17:00,17:30,1,30
3186,32,2026-09-23,17:00,17:30,0,30
3187,32,2026-09-17,10:00,10:30,0,30
3188,32,2026-09-12,09:00,09:30,0,30
3189,32,2026-09-08,09:00,09:30,1,30
3190,32,2026-09-29,08:00,08:30,0,30
3191,32,2026-09-24,13:00,13:30,1,30
3192,32,2026-09-02,13:30,14:00,1,30
3193,32,2026-09-01,14:00,14:30,0,30
3194,32,2026-09-28,14:30,15:00,1,30
3195,32,2026-09-15,12:00,12:30,0,30
3196,32,2026-09-25,12:30,13:00,1,30
3197,32,2026-09-10,18:00,18:30,1,30
3198,32,2026-09-27,08:30,09:00,0,30
3199,32,2026-09-23,15:30,16:00,1,30
3200,32,2026-09-14,14:00,14:30,1,30
3201,33,2026-09-27,14:30,15:00,1,30
3202,33,2026-09-03,15:00,15:30,1,30
3203,33,2026-09-04,17:00,17:30,1,30
3204,33,2026-09-28,16:30,17:00,0,30
3205,33,2026-09-24,09:30,10:00,1,30
3206,33,2026-09-25,09:00,09:30,1,30
3207,33,2026-09-10,18:00,18:30,1,30
3208,33,2026-09-10,11:00,11:30,1,30
3209,33,2026-10-01,13:00,13:30,0,30
3210,33,2026-09-03,14:00,14:30,0,30
3211,33,2026-09-03,11:00,11:30,1,30
3212,33,2026-09-21,17:30,18:00,0,30
3213,33,2026-09-30,08:00,08:30,1,30
3214,33,2026-09-20,08:30,09:00,1,30
3215,33,2026-09-11,11:00,11:30,0,30
3216,33,2026-09-16,12:30,13:00,1,30
3217,33,2026-09-29,08:30,09:00,1,30
3218,33,2026-09-24,17:30,18:00,1,30
3219,33,2026-09-27,13:30,14:00,0,30
3220,33,2026-09-12,13:00,13:30,1,30
3221,33,2026-09-29,11:00,11:30,0,30
3222,33,2026-09-29,12:30,13:00,1,30
3223,33,2026-09-17,18:00,18:30,0,30
3224,33,2026-09-13,09:30,10:00,1,30
3225,33,2026-09-18,16:30,17:00,1,30
3226,33,2026-09-26,09:00,09:30,0,30
3227,33,2026-09-23,17:00,17:30,1,30
3228,33,2026-09-26,10:30,11:00,1,30
3229,33,2026-09-20,09:00,09:30,1,30
3230,33,2026-09-14,12:30,13:00,1,30
3231,33,2026-09-18,10:00,10:30,1,30
3232,33,2026-09-04,13:00,13:30,0,30
3233,33,2026-09-05,08:00,08:30,1,30
3234,33,2026-09-09,16:00,16:30,1,30
3235,33,2026-09-21,13:30,14:00,1,30
3236,33,2026-09-13,11:30,12:00,1,30
3237,33,2026-09-02,15:30,16:00,1,30
3238,33,2026-09-02,16:30,17:00,0,30
3239,33,2026-09-03,18:30,19:00,1,30
3240,33,2026-09-04,12:30,13:00,1,30
3241,33,2026-09-30,12:00,12:30,1,30
3242,33,2026-09-11,12:30,13:00,1,30
3243,33,2026-09-12,18:30,19:00,1,30
3244,33,2026-09-30,08:30,09:00,1,30
3245,33,2026-09-03,15:00,15:30,0,30
3246,33,2026-10-01,09:30,10:00,0,30
3247,33,2026-09-09,15:00,15:30,1,30
3248,33,2026-09-15,10:00,10:30,1,30
3249,33,2026-09-07,08:00,08:30,1,30
3250,33,2026-10-01,14:00,14:30,1,30
3251,33,2026-09-06,15:00,15:30,1,30
3252,33,2026-09-13,16:30,17:00,1,30
3253,33,2026-09-22,17:30,18:00,1,30
3254,33,2026-09-16,13:00,13:30,0,30
3255,33,2026-09-17,16:00,16:30,1,30
3256,33,2026-09-23,16:30,17:00,0,30
3257,33,2026-09-12,16:00,16:30,1,30
3258,33,2026-09-03,15:30,16:00,0,30
3259,33,2026-09-26,11:00,11:30,0,30
3260,33,2026-09-04,13:00,13:30,1,30
3261,33,2026-09-19,15:30,16:00,1,30
3262,33,2026-09-07,12:00,12:30,1,30
3263,33,2026-09-07,10:30,11:00,1,30
3264,33,2026-09-03,08:30,09:00,0,30
3265,33,2026-09-19,17:00,17:30,1,30
3266,33,2026-09-22,10:00,10:30,1,30
3267,33,2026-09-14,14:30,15:00,0,30
3268,33,2026-09-30,13:30,14:00,1,30
3269,33,2026-09-27,08:00,08:30,1,30
3270,33,2026-09-14,11:30,12:00,1,30
3271,33,2026-09-05,16:30,17:00,1,30
3272,33,2026-09-17,11:00,11:30,1,30
3273,33,2026-09-20,09:00,09:30,1,30
3274,33,2026-09-14,18:30,19:00,1,30
3275,33,2026-09-07,08:00,08:30,0,30
3276,33,2026-09-06,15:30,16:00,1,30
3277,33,2026-09-06,16:00,16:30,1,30
3278,33,2026-09-11,12:00,12:30,0,30
3279,33,2026-09-25,08:30,09:00,1,30
3280,33,2026-09-14,13:30,14:00,0,30
3281,33,2026-09-25,15:00,15:30,0,30
3282,33,2026-09-30,13:30,14:00,1,30
3283,33,2026-09-16,16:30,17:00,1,30
3284,33,2026-09-23,09:00,09:30,1,30
3285,33,2026-09-24,10:00,10:30,0,30
3286,33,2026-09-29,18:30,19:00,0,30
3287,33,2026-09-12,17:30,18:00,0,30
3288,33,2026-09-10,12:30,13:00,0,30
3289,33,2026-09-20,17:30,18:00,0,30
3290,33,2026-09-22,11:00,11:30,1,30
3291,33,2026-09-09,15:30,16:00,1,30
3292,33,2026-09-30,13:00,13:30,1,30
3293,33,2026-09-27,17:00,17:30,0,30
3294,33,2026-09-04,13:30,14:00,1,30
3295,33,2026-09-24,11:00,11:30,1,30
3296,33,2026-09-23,11:30,12:00,0,30
3297,33,2026-09-21,14:00,14:30,0,30
3298,33,2026-09-26,11:00,11:30,1,30
3299,33,2026-09-07,16:30,17:00,1,30
3300,33,2026-09-28,08:30,09:00,1,30
3301,34,2026-09-10,14:30,15:00,1,30
3302,34,2026-09-08,14:00,14:30,1,30
3303,34,2026-09-07,17:30,18:00,1,30
3304,34,2026-09-05,17:30,18:00,1,30
3305,34,2026-09-26,11:00,11:30,0,30
3306,34,2026-09-10,14:00,14:30,1,30
3307,34,2026-09-07,13:30,14:00,1,30
3308,34,2026-09-23,12:30,13:00,1,30
3309,34,2026-09-09,11:00,11:30,1,30
3310,34,2026-09-26,14:30,15:00,1,30
3311,34,2026-09-29,17:30,18:00,1,30
3312,34,2026-10-01,10:00,10:30,0,30
3313,34,2026-09-25,18:30,19:00,1,30
3314,34,2026-09-17,16:00,16:30,1,30
3315,34,2026-09-14,11:30,12:00,1,30
3316,34,2026-09-10,11:30,12:00,0,30
3317,34,2026-09-06,09:30,10:00,1,30
3318,34,2026-09-23,11:00,11:30,0,30
3319,34,2026-09-08,12:30,13:00,1,30
3320,34,2026-09-19,13:30,14:00,0,30
3321,34,2026-09-14,10:30,11:00,1,30
3322,34,2026-09-06,14:00,14:30,1,30
3323,34,2026-09-28,10:30,11:00,1,30
3324,34,2026-09-05,18:00,18:30,1,30
3325,34,2026-09-06,14:30,15:00,0,30
3326,34,2026-09-24,14:00,14:30,1,30
3327,34,2026-09-30,18:00,18:30,1,30
3328,34,2026-09-08,08:30,09:00,0,30
3329,34,2026-09-16,08:00,08:30,1,30
3330,34,2026-09-15,09:00,09:30,1,30
3331,34,2026-09-07,09:30,10:00,0,30
3332,34,2026-09-14,17:00,17:30,1,30
3333,34,2026-09-29,08:00,08:30,0,30
3334,34,2026-09-14,12:00,12:30,0,30
3335,34,2026-09-19,18:30,19:00,1,30
3336,34,2026-09-11,08:00,08:30,1,30
3337,34,2026-09-30,15:30,16:00,1,30
3338,34,2026-09-18,16:00,16:30,1,30
3339,34,2026-09-27,14:30,15:00,1,30
3340,34,2026-09-23,17:30,18:00,1,30
3341,34,2026-09-12,14:00,14:30,1,30
3342,34,2026-09-27,10:30,11:00,1,30
3343,34,2026-09-04,13:30,14:00,1,30
3344,34,2026-09-28,09:00,09:30,1,30
3345,34,2026-09-15,11:00,11:30,1,30
3346,34,2026-09-28,10:30,11:00,1,30
3347,34,2026-09-13,13:30,14:00,1,30
3348,34,2026-09-18,09:00,09:30,0,30
3349,34,2026-09-05,17:30,18:00,1,30
3350,34,2026-09-25,17:30,18:00,1,30
3351,34,2026-09-09,08:30,09:00,1,30
3352,34,2026-09-29,18:00,18:30,0,30
3353,34,2026-09-08,10:30,11:00,0,30
3354,34,2026-09-24,16:00,16:30,0,30
3355,34,2026-09-06,13:00,13:30,0,30
3356,34,2026-09-27,18:30,19:00,1,30
3357,34,2026-09-23,16:00,16:30,0,30
3358,34,2026-09-21,18:00,18:30,0,30
3359,34,2026-09-09,11:30,12:00,1,30
3360,34,2026-09-17,14:00,14:30,0,30
3361,34,2026-09-01,14:30,15:00,1,30
3362,34,2026-10-01,11:00,11:30,1,30
3363,34,2026-09-07,11:30,12:00,1,30
3364,34,2026-09-29,11:30,12:00,1,30
3365,34,2026-09-16,13:30,14:00,1,30
3366,34,2026-09-02,18:00,18:30,0,30
3367,34,2026-09-30,11:30,12:00,1,30
3368,34,2026-09-24,09:30,10:00,1,30
3369,34,2026-09-11,09:30,10:00,1,30
3370,34,2026-10-01,10:00,10:30,0,30
3371,34,2026-09-20,08:30,09:00,1,30
3372,34,2026-09-05,15:00,15:30,1,30
3373,34,2026-09-10,09:30,10:00,1,30
3374,34,2026-09-28,18:30,19:00,0,30
3375,34,2026-09-15,09:30,10:00,1,30
3376,34,2026-09-29,12:30,13:00,1,30
3377,34,2026-09-15,15:30,16:00,1,30
3378,34,2026-09-03,15:30,16:00,1,30
3379,34,2026-09-23,13:00,13:30,1,30
3380,34,2026-09-16,12:00,12:30,1,30
3381,34,2026-09-06,16:30,17:00,1,30
3382,34,2026-10-01,13:30,14:00,0,30
3383,34,2026-09-21,16:00,16:30,1,30
3384,34,2026-09-09,13:00,13:30,1,30
3385,34,2026-09-05,08:00,08:30,1,30
3386,34,2026-09-16,16:30,17:00,0,30
3387,34,2026-09-20,13:00,13:30,0,30
3388,34,2026-09-19,16:30,17:00,1,30
3389,34,2026-09-20,14:00,14:30,1,30
3390,34,2026-09-17,12:30,13:00,0,30
3391,34,2026-09-05,18:00,18:30,0,30
3392,34,2026-09-20,18:00,18:30,0,30
3393,34,2026-09-12,10:00,10:30,1,30
3394,34,2026-09-21,15:00,15:30,1,30
3395,34,2026-09-26,11:00,11:30,1,30
3396,34,2026-09-22,10:30,11:00,0,30
3397,34,2026-09-29,15:30,16:00,1,30
3398,34,2026-09-18,18:00,18:30,0,30
3399,34,2026-09-02,18:00,18:30,0,30
3400,34,2026-09-23,18:00,18:30,0,30
3401,35,2026-09-15,16:00,16:30,1,30
3402,35,2026-09-30,11:00,11:30,0,30
3403,35,2026-09-08,12:30,13:00,1,30
3404,35,2026-10-01,09:30,10:00,1,30
3405,35,2026-09-20,14:30,15:00,1,30
3406,35,2026-09-02,08:00,08:30,1,30
3407,35,2026-09-14,14:30,15:00,1,30
3408,35,2026-09-02,15:30,16:00,1,30
3409,35,2026-09-15,09:00,09:30,1,30
3410,35,2026-09-16,17:30,18:00,1,30
3411,35,2026-09-20,11:00,11:30,1,30
3412,35,2026-09-02,09:00,09:30,0,30
3413,35,2026-09-14,16:30,17:00,1,30
3414,35,2026-09-10,09:30,10:00,1,30
3415,35,2026-09-15,11:30,12:00,1,30
3416,35,2026-09-14,12:00,12:30,1,30
3417,35,2026-10-01,08:30,09:00,0,30
3418,35,2026-09-09,16:00,16:30,1,30
3419,35,2026-09-11,14:00,14:30,0,30
3420,35,2026-09-08,08:00,08:30,0,30
3421,35,2026-09-20,14:00,14:30,1,30
3422,35,2026-09-19,09:00,09:30,0,30
3423,35,2026-09-13,13:30,14:00,0,30
3424,35,2026-09-25,16:30,17:00,0,30
3425,35,2026-09-11,13:30,14:00,1,30
3426,35,2026-10-01,16:00,16:30,1,30
3427,35,2026-09-30,14:30,15:00,1,30
3428,35,2026-09-11,10:00,10:30,1,30
3429,35,2026-09-07,17:00,17:30,0,30
3430,35,2026-09-01,13:30,14:00,1,30
3431,35,2026-09-17,13:30,14:00,0,30
3432,35,2026-09-11,12:00,12:30,0,30
3433,35,2026-09-06,10:00,10:30,1,30
3434,35,2026-09-11,11:30,12:00,1,30
3435,35,2026-09-17,10:30,11:00,1,30
3436,35,2026-09-14,12:00,12:30,1,30
3437,35,2026-09-25,14:30,15:00,1,30
3438,35,2026-09-07,17:00,17:30,1,30
3439,35,2026-09-25,16:00,16:30,1,30
3440,35,2026-09-27,08:00,08:30,1,30
3441,35,2026-09-10,09:00,09:30,1,30
3442,35,2026-09-06,13:30,14:00,1,30
3443,35,2026-09-28,13:00,13:30,1,30
3444,35,2026-09-23,16:30,17:00,0,30
3445,35,2026-09-12,10:00,10:30,0,30
3446,35,2026-09-07,15:30,16:00,0,30
3447,35,2026-09-23,17:00,17:30,1,30
3448,35,2026-09-09,14:00,14:30,0,30
3449,35,2026-09-17,18:00,18:30,1,30
3450,35,2026-09-17,18:30,19:00,1,30
3451,35,2026-09-22,08:00,08:30,1,30
3452,35,2026-09-18,15:00,15:30,1,30
3453,35,2026-09-29,10:30,11:00,0,30
3454,35,2026-09-05,18:30,19:00,1,30
3455,35,2026-09-03,09:30,10:00,0,30
3456,35,2026-10-01,09:00,09:30,1,30
3457,35,2026-09-15,12:30,13:00,1,30
3458,35,2026-09-18,13:00,13:30,1,30
3459,35,2026-09-19,09:30,10:00,0,30
3460,35,2026-09-06,18:00,18:30,0,30
3461,35,2026-09-28,12:30,13:00,1,30
3462,35,2026-09-01,09:00,09:30,1,30
3463,35,2026-09-18,12:00,12:30,1,30
3464,35,2026-09-01,12:30,13:00,0,30
3465,35,2026-09-26,12:30,13:00,1,30
3466,35,2026-09-04,10:30,11:00,1,30
3467,35,2026-09-27,09:30,10:00,0,30
3468,35,2026-09-01,09:00,09:30,1,30
3469,35,2026-09-15,09:30,10:00,1,30
3470,35,2026-09-27,17:00,17:30,1,30
3471,35,2026-09-20,08:30,09:00,0,30
3472,35,2026-09-16,12:00,12:30,1,30
3473,35,2026-09-19,15:00,15:30,1,30
3474,35,2026-09-09,14:30,15:00,1,30
3475,35,2026-09-22,12:30,13:00,1,30
3476,35,2026-09-14,12:00,12:30,1,30
3477,35,2026-09-18,10:30,11:00,1,30
3478,35,2026-09-24,17:00,17:30,0,30
3479,35,2026-09-08,10:30,11:00,0,30
3480,35,2026-09-18,17:30,18:00,1,30
3481,35,2026-09-18,10:00,10:30,0,30
3482,35,2026-09-21,15:30,16:00,1,30
3483,35,2026-09-04,10:00,10:30,0,30
3484,35,2026-09-22,13:00,13:30,0,30
3485,35,2026-09-24,16:30,17:00,1,30
3486,35,2026-09-13,10:00,10:30,1,30
3487,35,2026-09-07,14:30,15:00,1,30
3488,35,2026-09-02,11:30,12:00,1,30
3489,35,2026-09-09,09:00,09:30,1,30
3490,35,2026-09-01,18:30,19:00,1,30
3491,35,2026-09-07,15:00,15:30,0,30
3492,35,2026-09-03,18:30,19:00,1,30
3493,35,2026-09-04,15:00,15:30,0,30
3494,35,2026-09-29,15:30,16:00,1,30
3495,35,2026-09-07,10:00,10:30,1,30
3496,35,2026-09-21,11:00,11:30,1,30
3497,35,2026-09-09,13:00,13:30,0,30
3498,35,2026-09-21,17:30,18:00,1,30
3499,35,2026-09-30,11:30,12:00,0,30
3500,35,2026-09-09,09:30,10:00,1,30
3501,36,2026-09-04,12:00,12:30,1,30
3502,36,2026-09-23,16:30,17:00,1,30
3503,36,2026-09-06,17:30,18:00,0,30
3504,36,2026-09-10,17:00,17:30,0,30
3505,36,2026-09-10,18:00,18:30,1,30
3506,36,2026-09-29,12:00,12:30,1,30
3507,36,2026-09-20,08:30,09:00,0,30
3508,36,2026-09-02,12:00,12:30,1,30
3509,36,2026-09-30,11:30,12:00,0,30
3510,36,2026-09-29,17:30,18:00,1,30
3511,36,2026-09-02,14:00,14:30,1,30
3512,36,2026-09-17,14:30,15:00,1,30
3513,36,2026-09-01,15:30,16:00,0,30
3514,36,2026-09-19,11:00,11:30,1,30
3515,36,2026-09-09,13:00,13:30,1,30
3516,36,2026-09-10,18:30,19:00,1,30
3517,36,2026-09-15,17:30,18:00,0,30
3518,36,2026-09-02,13:30,14:00,0,30
3519,36,2026-09-08,18:30,19:00,1,30
3520,36,2026-09-26,11:30,12:00,1,30
3521,36,2026-09-29,12:00,12:30,0,30
3522,36,2026-09-28,08:00,08:30,1,30
3523,36,2026-09-30,08:30,09:00,1,30
3524,36,2026-09-24,16:00,16:30,1,30
3525,36,2026-09-11,16:30,17:00,0,30
3526,36,2026-09-15,17:00,17:30,0,30
3527,36,2026-09-27,08:00,08:30,1,30
3528,36,2026-09-03,09:30,10:00,0,30
3529,36,2026-09-07,08:30,09:00,1,30
3530,36,2026-09-16,17:30,18:00,1,30
3531,36,2026-09-24,11:30,12:00,1,30
3532,36,2026-09-28,15:00,15:30,0,30
3533,36,2026-09-30,15:00,15:30,1,30
3534,36,2026-09-17,09:30,10:00,1,30
3535,36,2026-09-18,16:30,17:00,1,30
3536,36,2026-09-14,16:00,16:30,1,30
3537,36,2026-09-06,17:00,17:30,1,30
3538,36,2026-09-01,11:30,12:00,0,30
3539,36,2026-09-18,15:00,15:30,1,30
3540,36,2026-09-02,11:30,12:00,1,30
3541,36,2026-09-05,12:30,13:00,0,30
3542,36,2026-09-17,15:30,16:00,1,30
3543,36,2026-09-03,10:00,10:30,1,30
3544,36,2026-09-08,16:00,16:30,0,30
3545,36,2026-09-21,17:30,18:00,0,30
3546,36,2026-09-08,11:00,11:30,1,30
3547,36,2026-09-14,17:00,17:30,0,30
3548,36,2026-09-26,16:30,17:00,1,30
3549,36,2026-09-26,12:30,13:00,1,30
3550,36,2026-09-27,12:30,13:00,1,30
3551,36,2026-09-25,11:00,11:30,0,30
3552,36,2026-09-25,15:00,15:30,1,30
3553,36,2026-09-10,16:00,16:30,1,30
3554,36,2026-09-20,08:00,08:30,0,30
3555,36,2026-09-19,17:30,18:00,0,30
3556,36,2026-09-20,15:00,15:30,0,30
3557,36,2026-09-15,16:00,16:30,1,30
3558,36,2026-09-17,09:00,09:30,1,30
3559,36,2026-09-10,18:30,19:00,1,30
3560,36,2026-09-12,14:00,14:30,1,30
3561,36,2026-09-09,17:30,18:00,1,30
3562,36,2026-09-02,14:30,15:00,0,30
3563,36,2026-10-01,11:00,11:30,0,30
3564,36,2026-09-11,16:30,17:00,1,30
3565,36,2026-09-15,15:30,16:00,0,30
3566,36,2026-09-19,14:00,14:30,1,30
3567,36,2026-09-15,13:30,14:00,0,30
3568,36,2026-09-10,09:30,10:00,1,30
3569,36,2026-09-10,18:00,18:30,0,30
3570,36,2026-09-18,17:00,17:30,1,30
3571,36,2026-09-06,10:30,11:00,1,30
3572,36,2026-09-06,13:30,14:00,1,30
3573,36,2026-09-14,16:00,16:30,1,30
3574,36,2026-09-12,15:30,16:00,1,30
3575,36,2026-09-04,12:30,13:00,0,30
3576,36,2026-09-11,10:00,10:30,0,30
3577,36,2026-09-27,17:30,18:00,1,30
3578,36,2026-09-04,12:30,13:00,1,30
3579,36,2026-09-09,18:00,18:30,0,30
3580,36,2026-09-22,12:30,13:00,1,30
3581,36,2026-09-20,10:00,10:30,1,30
3582,36,2026-09-25,14:00,14:30,1,30
3583,36,2026-09-03,12:30,13:00,1,30
3584,36,2026-09-30,12:00,12:30,1,30
3585,36,2026-09-30,12:30,13:00,0,30
3586,36,2026-09-07,10:00,10:30,1,30
3587,36,2026-09-19,08:00,08:30,1,30
3588,36,2026-09-18,16:30,17:00,1,30
3589,36,2026-09-30,15:00,15:30,0,30
3590,36,2026-09-19,09:30,10:00,1,30
3591,36,2026-09-28,16:00,16:30,0,30
3592,36,2026-09-24,14:00,14:30,1,30
3593,36,2026-09-14,18:00,18:30,1,30
3594,36,2026-09-19,09:30,10:00,0,30
3595,36,2026-09-14,18:30,19:00,1,30
3596,36,2026-09-21,13:00,13:30,1,30
3597,36,2026-09-06,11:30,12:00,1,30
3598,36,2026-09-18,11:00,11:30,1,30
3599,36,2026-09-07,14:00,14:30,0,30
3600,36,2026-09-02,18:00,18:30,1,30
3601,37,2026-09-26,14:30,15:00,1,30
3602,37,2026-09-04,14:00,14:30,1,30
3603,37,2026-09-14,17:30,18:00,0,30
3604,37,2026-09-14,18:30,19:00,1,30
3605,37,2026-09-22,13:30,14:00,1,30
3606,37,2026-09-02,15:00,15:30,0,30
3607,37,2026-09-23,09:30,10:00,1,30
3608,37,2026-09-28,18:30,19:00,1,30
3609,37,2026-09-19,15:00,15:30,1,30
3610,37,2026-09-25,12:00,12:30,1,30
3611,37,2026-09-17,15:30,16:00,1,30
3612,37,2026-09-17,11:00,11:30,1,30
3613,37,2026-09-13,17:00,17:30,1,30
3614,37,2026-09-16,16:30,17:00,0,30
3615,37,2026-09-13,18:30,19:00,1,30
3616,37,2026-09-29,14:30,15:00,1,30
3617,37,2026-09-30,09:00,09:30,0,30
3618,37,2026-09-23,14:00,14:30,1,30
3619,37,2026-09-27,15:00,15:30,1,30
3620,37,2026-09-10,18:00,18:30,1,30
3621,37,2026-09-17,17:00,17:30,1,30
3622,37,2026-09-11,09:30,10:00,1,30
3623,37,2026-09-06,09:00,09:30,1,30
3624,37,2026-09-20,18:00,18:30,0,30
3625,37,2026-09-20,18:00,18:30,1,30
3626,37,2026-09-15,14:30,15:00,1,30
3627,37,2026-09-12,17:00,17:30,1,30
3628,37,2026-10-01,10:00,10:30,0,30
3629,37,2026-09-04,15:30,16:00,0,30
3630,37,2026-09-04,12:00,12:30,1,30
3631,37,2026-09-22,17:30,18:00,1,30
3632,37,2026-09-26,13:00,13:30,1,30
3633,37,2026-09-24,18:00,18:30,1,30
3634,37,2026-09-14,08:30,09:00,1,30
3635,37,2026-09-05,12:00,12:30,1,30
3636,37,2026-09-18,16:30,17:00,0,30
3637,37,2026-09-23,15:30,16:00,0,30
3638,37,2026-09-23,13:00,13:30,1,30
3639,37,2026-09-05,12:30,13:00,0,30
3640,37,2026-09-09,10:30,11:00,1,30
3641,37,2026-09-23,11:00,11:30,0,30
3642,37,2026-09-06,13:30,14:00,1,30
3643,37,2026-09-22,15:00,15:30,1,30
3644,37,2026-09-15,13:30,14:00,1,30
3645,37,2026-09-19,14:00,14:30,1,30
3646,37,2026-09-30,08:00,08:30,1,30
3647,37,2026-09-10,11:30,12:00,1,30
3648,37,2026-09-29,09:30,10:00,1,30
3649,37,2026-09-14,08:30,09:00,1,30
3650,37,2026-09-05,09:00,09:30,1,30
3651,37,2026-09-04,10:00,10:30,1,30
3652,37,2026-09-07,09:00,09:30,0,30
3653,37,2026-09-16,17:30,18:00,1,30
3654,37,2026-09-23,08:30,09:00,1,30
3655,37,2026-09-16,15:30,16:00,1,30
3656,37,2026-09-23,12:00,12:30,1,30
3657,37,2026-09-30,15:30,16:00,1,30
3658,37,2026-09-19,17:30,18:00,1,30
3659,37,2026-09-03,12:00,12:30,1,30
3660,37,2026-09-09,08:00,08:30,0,30
3661,37,2026-09-26,13:00,13:30,0,30
3662,37,2026-09-27,17:30,18:00,1,30
3663,37,2026-09-15,13:00,13:30,0,30
3664,37,2026-09-27,11:30,12:00,0,30
3665,37,2026-09-06,14:30,15:00,1,30
3666,37,2026-09-03,14:30,15:00,1,30
3667,37,2026-09-22,14:00,14:30,0,30
3668,37,2026-09-27,12:00,12:30,1,30
3669,37,2026-09-01,09:00,09:30,0,30
3670,37,2026-09-02,11:00,11:30,0,30
3671,37,2026-09-12,08:00,08:30,1,30
3672,37,2026-09-15,08:00,08:30,1,30
3673,37,2026-09-16,16:30,17:00,1,30
3674,37,2026-09-12,15:00,15:30,0,30
3675,37,2026-09-15,11:00,11:30,1,30
3676,37,2026-09-07,11:30,12:00,0,30
3677,37,2026-09-07,10:00,10:30,1,30
3678,37,2026-09-16,08:00,08:30,1,30
3679,37,2026-09-15,09:30,10:00,1,30
3680,37,2026-09-27,14:30,15:00,0,30
3681,37,2026-09-27,18:30,19:00,1,30
3682,37,2026-09-27,10:00,10:30,1,30
3683,37,2026-09-12,13:30,14:00,1,30
3684,37,2026-09-20,14:00,14:30,0,30
3685,37,2026-09-16,09:00,09:30,0,30
3686,37,2026-09-20,14:30,15:00,0,30
3687,37,2026-09-02,10:00,10:30,1,30
3688,37,2026-09-08,12:00,12:30,1,30
3689,37,2026-09-07,08:30,09:00,1,30
3690,37,2026-09-04,17:30,18:00,0,30
3691,37,2026-09-09,12:30,13:00,1,30
3692,37,2026-09-21,09:30,10:00,0,30
3693,37,2026-09-10,14:30,15:00,1,30
3694,37,2026-09-02,09:00,09:30,0,30
3695,37,2026-09-29,17:00,17:30,0,30
3696,37,2026-09-28,10:00,10:30,1,30
3697,37,2026-09-27,13:00,13:30,1,30
3698,37,2026-09-23,12:30,13:00,0,30
3699,37,2026-09-18,17:00,17:30,1,30
3700,37,2026-09-09,14:00,14:30,1,30
3701,38,2026-09-24,14:30,15:00,1,30
3702,38,2026-09-15,09:30,10:00,1,30
3703,38,2026-09-06,08:30,09:00,0,30
3704,38,2026-09-22,15:30,16:00,0,30
3705,38,2026-09-10,14:30,15:00,0,30
3706,38,2026-09-13,14:30,15:00,1,30
3707,38,2026-09-22,10:30,11:00,0,30
3708,38,2026-09-23,18:00,18:30,1,30
3709,38,2026-09-30,13:00,13:30,1,30
3710,38,2026-09-11,16:00,16:30,1,30
3711,38,2026-09-26,12:30,13:00,0,30
3712,38,2026-09-30,16:30,17:00,0,30
3713,38,2026-09-26,09:00,09:30,0,30
3714,38,2026-09-20,16:30,17:00,0,30
3715,38,2026-09-02,10:00,10:30,1,30
3716,38,2026-09-11,12:30,13:00,1,30
3717,38,2026-09-21,18:30,19:00,1,30
3718,38,2026-09-14,13:00,13:30,0,30
3719,38,2026-09-21,17:00,17:30,1,30
3720,38,2026-09-10,11:00,11:30,0,30
3721,38,2026-09-07,17:00,17:30,0,30
3722,38,2026-09-07,16:00,16:30,0,30
3723,38,2026-09-02,14:30,15:00,1,30
3724,38,2026-09-08,10:30,11:00,0,30
3725,38,2026-09-25,13:30,14:00,0,30
3726,38,2026-09-16,13:30,14:00,0,30
3727,38,2026-09-12,14:30,15:00,0,30
3728,38,2026-09-27,18:30,19:00,1,30
3729,38,2026-09-04,14:30,15:00,1,30
3730,38,2026-09-12,16:30,17:00,1,30
3731,38,2026-09-24,09:00,09:30,1,30
3732,38,2026-09-19,18:00,18:30,1,30
3733,38,2026-09-12,13:30,14:00,1,30
3734,38,2026-09-01,12:30,13:00,1,30
3735,38,2026-09-22,15:30,16:00,0,30
3736,38,2026-09-04,14:00,14:30,0,30
3737,38,2026-09-18,13:30,14:00,0,30
3738,38,2026-09-22,15:00,15:30,1,30
3739,38,2026-09-09,16:30,17:00,1,30
3740,38,2026-09-17,08:30,09:00,0,30
3741,38,2026-09-01,13:30,14:00,1,30
3742,38,2026-09-07,17:00,17:30,1,30
3743,38,2026-09-09,18:30,19:00,1,30
3744,38,2026-09-12,09:00,09:30,1,30
3745,38,2026-09-23,12:00,12:30,1,30
3746,38,2026-09-30,10:30,11:00,1,30
3747,38,2026-09-12,11:30,12:00,1,30
3748,38,2026-09-30,11:30,12:00,0,30
3749,38,2026-09-05,17:30,18:00,0,30
3750,38,2026-09-21,15:30,16:00,1,30
3751,38,2026-09-20,16:00,16:30,1,30
3752,38,2026-09-28,14:00,14:30,1,30
3753,38,2026-09-08,13:30,14:00,1,30
3754,38,2026-09-12,10:30,11:00,0,30
3755,38,2026-09-04,10:00,10:30,0,30
3756,38,2026-09-04,10:00,10:30,1,30
3757,38,2026-09-30,10:30,11:00,1,30
3758,38,2026-09-16,08:30,09:00,1,30
3759,38,2026-09-10,09:30,10:00,0,30
3760,38,2026-09-14,17:00,17:30,1,30
3761,38,2026-09-10,15:00,15:30,1,30
3762,38,2026-09-29,17:00,17:30,1,30
3763,38,2026-09-13,16:30,17:00,1,30
3764,38,2026-09-13,15:00,15:30,0,30
3765,38,2026-09-05,17:30,18:00,0,30
3766,38,2026-09-05,10:00,10:30,1,30
3767,38,2026-09-18,11:00,11:30,1,30
3768,38,2026-09-03,15:00,15:30,0,30
3769,38,2026-09-09,13:30,14:00,0,30
3770,38,2026-09-19,08:30,09:00,1,30
3771,38,2026-09-02,14:30,15:00,1,30
3772,38,2026-09-10,10:30,11:00,1,30
3773,38,2026-09-26,08:30,09:00,1,30
3774,38,2026-09-12,11:00,11:30,1,30
3775,38,2026-09-14,17:30,18:00,0,30
3776,38,2026-09-14,11:00,11:30,1,30
3777,38,2026-09-08,10:00,10:30,0,30
3778,38,2026-09-16,17:30,18:00,0,30
3779,38,2026-09-26,17:00,17:30,1,30
3780,38,2026-09-14,17:00,17:30,0,30
3781,38,2026-09-23,09:00,09:30,1,30
3782,38,2026-09-18,15:00,15:30,1,30
3783,38,2026-09-12,13:30,14:00,0,30
3784,38,2026-09-19,13:00,13:30,1,30
3785,38,2026-09-15,09:30,10:00,1,30
3786,38,2026-09-09,09:00,09:30,1,30
3787,38,2026-09-06,18:00,18:30,1,30
3788,38,2026-09-10,17:30,18:00,1,30
3789,38,2026-09-10,14:00,14:30,1,30
3790,38,2026-09-16,16:00,16:30,1,30
3791,38,2026-09-14,15:30,16:00,1,30
3792,38,2026-09-03,17:30,18:00,0,30
3793,38,2026-09-20,14:30,15:00,1,30
3794,38,2026-09-26,09:30,10:00,0,30
3795,38,2026-09-06,15:30,16:00,0,30
3796,38,2026-09-26,11:00,11:30,1,30
3797,38,2026-09-20,18:00,18:30,1,30
3798,38,2026-09-11,11:30,12:00,1,30
3799,38,2026-09-16,16:30,17:00,0,30
3800,38,2026-09-26,14:00,14:30,1,30
3801,39,2026-09-24,12:30,13:00,1,30
3802,39,2026-09-01,13:30,14:00,1,30
3803,39,2026-09-26,17:30,18:00,0,30
3804,39,2026-10-01,16:00,16:30,1,30
3805,39,2026-09-20,14:00,14:30,0,30
3806,39,2026-09-10,15:00,15:30,1,30
3807,39,2026-09-26,16:30,17:00,1,30
3808,39,2026-09-22,14:00,14:30,1,30
3809,39,2026-09-20,16:00,16:30,1,30
3810,39,2026-09-10,18:00,18:30,0,30
3811,39,2026-09-29,16:30,17:00,1,30
3812,39,2026-09-23,15:00,15:30,1,30
3813,39,2026-09-05,17:00,17:30,0,30
3814,39,2026-09-29,11:30,12:00,0,30
3815,39,2026-09-03,11:00,11:30,0,30
3816,39,2026-09-17,18:30,19:00,1,30
3817,39,2026-09-07,18:30,19:00,0,30
3818,39,2026-09-08,17:30,18:00,1,30
3819,39,2026-09-21,18:00,18:30,0,30
3820,39,2026-10-01,10:30,11:00,1,30
3821,39,2026-09-06,08:30,09:00,1,30
3822,39,2026-09-20,11:30,12:00,1,30
3823,39,2026-09-15,14:00,14:30,1,30
3824,39,2026-09-02,13:30,14:00,0,30
3825,39,2026-09-05,08:00,08:30,1,30
3826,39,2026-09-13,12:30,13:00,1,30
3827,39,2026-09-22,15:00,15:30,1,30
3828,39,2026-09-06,10:30,11:00,1,30
3829,39,2026-09-20,13:00,13:30,1,30
3830,39,2026-09-03,15:30,16:00,0,30
3831,39,2026-09-29,16:30,17:00,1,30
3832,39,2026-09-10,18:00,18:30,1,30
3833,39,2026-09-12,12:30,13:00,0,30
3834,39,2026-09-23,08:00,08:30,1,30
3835,39,2026-09-15,17:30,18:00,1,30
3836,39,2026-09-03,15:30,16:00,1,30
3837,39,2026-09-03,15:00,15:30,1,30
3838,39,2026-10-01,12:00,12:30,1,30
3839,39,2026-09-22,14:30,15:00,1,30
3840,39,2026-09-19,16:00,16:30,1,30
3841,39,2026-09-04,10:00,10:30,0,30
3842,39,2026-09-12,14:30,15:00,0,30
3843,39,2026-09-25,17:00,17:30,0,30
3844,39,2026-09-24,16:30,17:00,1,30
3845,39,2026-09-30,10:30,11:00,1,30
3846,39,2026-09-08,13:30,14:00,0,30
3847,39,2026-09-09,13:30,14:00,1,30
3848,39,2026-09-20,12:00,12:30,1,30
3849,39,2026-09-18,15:30,16:00,1,30
3850,39,2026-09-10,13:30,14:00,0,30
3851,39,2026-09-27,13:30,14:00,1,30
3852,39,2026-09-10,12:30,13:00,1,30
3853,39,2026-09-25,16:30,17:00,1,30
3854,39,2026-09-23,09:00,09:30,1,30
3855,39,2026-09-05,17:00,17:30,1,30
3856,39,2026-09-03,13:00,13:30,1,30
3857,39,2026-09-11,17:00,17:30,1,30
3858,39,2026-09-28,13:30,14:00,1,30
3859,39,2026-09-22,09:30,10:00,1,30
3860,39,2026-09-10,11:30,12:00,0,30
3861,39,2026-09-22,18:00,18:30,1,30
3862,39,2026-09-04,08:30,09:00,1,30
3863,39,2026-09-03,09:00,09:30,1,30
3864,39,2026-09-06,18:30,19:00,1,30
3865,39,2026-09-23,09:00,09:30,1,30
3866,39,2026-09-23,08:00,08:30,1,30
3867,39,2026-09-22,12:00,12:30,0,30
3868,39,2026-09-11,09:30,10:00,1,30
3869,39,2026-09-05,08:00,08:30,1,30
3870,39,2026-09-28,18:30,19:00,0,30
3871,39,2026-09-11,11:00,11:30,1,30
3872,39,2026-09-26,15:30,16:00,0,30
3873,39,2026-09-06,16:30,17:00,0,30
3874,39,2026-09-10,16:30,17:00,1,30
3875,39,2026-09-26,14:00,14:30,1,30
3876,39,2026-09-07,12:30,13:00,0,30
3877,39,2026-09-11,16:00,16:30,1,30
3878,39,2026-09-08,11:30,12:00,1,30
3879,39,2026-09-04,14:30,15:00,1,30
3880,39,2026-09-12,09:30,10:00,0,30
3881,39,2026-09-19,18:30,19:00,0,30
3882,39,2026-09-03,18:00,18:30,1,30
3883,39,2026-09-14,14:00,14:30,1,30
3884,39,2026-09-05,15:30,16:00,1,30
3885,39,2026-09-05,18:00,18:30,1,30
3886,39,2026-09-02,11:00,11:30,1,30
3887,39,2026-09-17,14:30,15:00,1,30
3888,39,2026-09-12,14:30,15:00,1,30
3889,39,2026-09-05,09:30,10:00,1,30
3890,39,2026-09-11,09:30,10:00,0,30
3891,39,2026-09-07,15:00,15:30,1,30
3892,39,2026-09-27,12:00,12:30,1,30
3893,39,2026-09-02,18:00,18:30,1,30
3894,39,2026-09-02,08:30,09:00,1,30
3895,39,2026-09-29,11:00,11:30,1,30
3896,39,2026-09-22,09:00,09:30,1,30
3897,39,2026-09-10,14:30,15:00,1,30
3898,39,2026-09-28,15:00,15:30,1,30
3899,39,2026-09-26,10:30,11:00,1,30
3900,39,2026-09-07,11:00,11:30,1,30
3901,40,2026-09-19,10:00,10:30,1,30
3902,40,2026-09-19,09:00,09:30,1,30
3903,40,2026-09-21,13:00,13:30,1,30
3904,40,2026-09-09,17:30,18:00,0,30
3905,40,2026-09-29,17:00,17:30,1,30
3906,40,2026-10-01,11:30,12:00,1,30
3907,40,2026-09-23,12:30,13:00,1,30
3908,40,2026-09-04,12:00,12:30,1,30
3909,40,2026-09-17,11:00,11:30,0,30
3910,40,2026-09-09,16:30,17:00,1,30
3911,40,2026-09-05,11:00,11:30,1,30
3912,40,2026-09-08,16:00,16:30,1,30
3913,40,2026-09-02,14:00,14:30,0,30
3914,40,2026-09-15,13:30,14:00,1,30
3915,40,2026-09-02,14:30,15:00,1,30
3916,40,2026-09-01,11:30,12:00,1,30
3917,40,2026-09-11,13:00,13:30,1,30
3918,40,2026-09-02,12:00,12:30,1,30
3919,40,2026-09-10,17:30,18:00,1,30
3920,40,2026-09-22,15:00,15:30,0,30
3921,40,2026-09-21,13:30,14:00,1,30
3922,40,2026-09-20,09:00,09:30,1,30
3923,40,2026-09-02,13:00,13:30,1,30
3924,40,2026-09-08,17:00,17:30,1,30
3925,40,2026-10-01,08:00,08:30,0,30
3926,40,2026-09-20,10:30,11:00,1,30
3927,40,2026-09-14,10:00,10:30,1,30
3928,40,2026-09-26,18:30,19:00,1,30
3929,40,2026-09-27,16:30,17:00,1,30
3930,40,2026-09-29,14:00,14:30,1,30
3931,40,2026-09-14,15:00,15:30,0,30
3932,40,2026-09-29,15:00,15:30,1,30
3933,40,2026-09-07,11:00,11:30,0,30
3934,40,2026-09-11,13:00,13:30,1,30
3935,40,2026-09-25,11:30,12:00,0,30
3936,40,2026-09-26,16:30,17:00,1,30
3937,40,2026-09-04,08:30,09:00,1,30
3938,40,2026-09-20,10:30,11:00,0,30
3939,40,2026-09-05,15:30,16:00,1,30
3940,40,2026-09-20,08:30,09:00,1,30
3941,40,2026-10-01,11:00,11:30,1,30
3942,40,2026-09-11,08:00,08:30,1,30
3943,40,2026-09-01,18:00,18:30,0,30
3944,40,2026-09-27,14:30,15:00,0,30
3945,40,2026-09-27,12:00,12:30,1,30
3946,40,2026-09-04,11:00,11:30,0,30
3947,40,2026-09-12,14:30,15:00,1,30
3948,40,2026-09-11,15:00,15:30,0,30
3949,40,2026-09-23,10:30,11:00,0,30
3950,40,2026-09-02,10:00,10:30,1,30
3951,40,2026-09-17,10:30,11:00,0,30
3952,40,2026-09-28,13:30,14:00,1,30
3953,40,2026-09-13,11:00,11:30,1,30
3954,40,2026-09-09,12:30,13:00,1,30
3955,40,2026-09-17,17:00,17:30,1,30
3956,40,2026-09-26,18:00,18:30,1,30
3957,40,2026-09-12,14:00,14:30,0,30
3958,40,2026-09-21,13:00,13:30,0,30
3959,40,2026-09-08,08:30,09:00,1,30
3960,40,2026-09-29,16:30,17:00,1,30
3961,40,2026-09-19,08:30,09:00,1,30
3962,40,2026-09-18,08:30,09:00,1,30
3963,40,2026-09-09,13:30,14:00,0,30
3964,40,2026-09-26,15:30,16:00,0,30
3965,40,2026-09-29,10:00,10:30,1,30
3966,40,2026-09-25,10:00,10:30,0,30
3967,40,2026-09-11,10:00,10:30,1,30
3968,40,2026-09-30,11:30,12:00,1,30
3969,40,2026-09-24,11:00,11:30,0,30
3970,40,2026-09-16,10:00,10:30,1,30
3971,40,2026-09-11,15:30,16:00,1,30
3972,40,2026-09-13,16:30,17:00,0,30
3973,40,2026-09-15,11:30,12:00,1,30
3974,40,2026-09-05,16:30,17:00,0,30
3975,40,2026-09-17,18:30,19:00,1,30
3976,40,2026-09-04,11:30,12:00,0,30
3977,40,2026-09-06,18:30,19:00,0,30
3978,40,2026-09-16,11:00,11:30,1,30
3979,40,2026-09-16,13:30,14:00,1,30
3980,40,2026-09-29,12:00,12:30,1,30
3981,40,2026-09-25,17:30,18:00,0,30
3982,40,2026-09-07,11:00,11:30,1,30
3983,40,2026-09-22,18:00,18:30,1,30
3984,40,2026-09-04,16:30,17:00,1,30
3985,40,2026-09-25,14:30,15:00,1,30
3986,40,2026-09-07,14:30,15:00,0,30
3987,40,2026-09-15,18:00,18:30,1,30
3988,40,2026-09-03,17:30,18:00,1,30
3989,40,2026-09-30,17:30,18:00,1,30
3990,40,2026-09-14,17:30,18:00,1,30
3991,40,2026-09-03,13:30,14:00,1,30
3992,40,2026-09-05,13:30,14:00,1,30
3993,40,2026-09-07,13:30,14:00,1,30
3994,40,2026-09-13,17:00,17:30,1,30
3995,40,2026-09-15,14:00,14:30,1,30
3996,40,2026-09-15,18:30,19:00,0,30
3997,40,2026-09-14,09:00,09:30,1,30
3998,40,2026-09-16,16:30,17:00,1,30
3999,40,2026-09-09,13:30,14:00,0,30
4000,40,2026-09-22,18:30,19:00,1,30
