id;conversation_id;sender_id;sender_role;text;message_type;attachment_url;created_at
1,1,36,doctor,Take one tablet twice a day after meals.,file,https://cdn.example.md/uploads/msg_1.pdf,0,2026-08-13 02:32:00;;;;;;;
"2,1,36,doctor,""That's good to hear, keep up with the treatment plan."",voice,https://cdn.example.md/uploads/msg_2.mp3,0,2026-08-13 04:17:00";;;;;;;
3,1,382,patient,Is this side effect normal?,image,https://cdn.example.md/uploads/msg_3.jpg,1,2026-08-13 05:12:00;;;;;;;
"4,1,382,patient,""Hello doctor, I wanted to ask about my recent symptoms."",text,,1,2026-08-13 06:56:00";;;;;;;
5,1,382,patient,Is this side effect normal?,text,,1,2026-08-13 08:01:00;;;;;;;
"6,1,36,doctor,""You're welcome, take care and reach out if anything changes."",text,,0,2026-08-13 10:30:00";;;;;;;
7,1,36,doctor,Take one tablet twice a day after meals.,voice,https://cdn.example.md/uploads/msg_7.mp3,1,2026-08-13 12:29:00;;;;;;;
"8,2,8,doctor,""Thanks, I'll review the results and get back to you shortly."",voice,https://cdn.example.md/uploads/msg_8.mp3,1,2026-08-25 02:35:00";;;;;;;
9,2,8,doctor,Take one tablet twice a day after meals.,voice,https://cdn.example.md/uploads/msg_9.mp3,1,2026-08-25 03:15:00;;;;;;;
10,2,354,patient,Could you clarify the dosage instructions?,text,,1,2026-08-25 05:24:00;;;;;;;
11,2,8,doctor,Take one tablet twice a day after meals.,text,,1,2026-08-25 07:03:00;;;;;;;
12,3,214,patient,Thank you for the consultation today.,file,https://cdn.example.md/uploads/msg_12.pdf,1,2026-08-19 00:34:00;;;;;;;
"13,3,214,patient,""I've been feeling better since the last visit, thank you."",text,,0,2026-08-19 02:48:00";;;;;;;
"14,3,13,doctor,""Hello, thanks for reaching out. Let's review your symptoms."",text,,1,2026-08-19 02:56:00";;;;;;;
15,3,214,patient,Could you clarify the dosage instructions?,text,,0,2026-08-19 04:31:00;;;;;;;
16,4,51,patient,Could you clarify the dosage instructions?,text,,1,2026-08-25 01:14:00;;;;;;;
17,4,51,patient,When should I come back for a follow-up?,text,,0,2026-08-25 01:28:00;;;;;;;
"18,4,10,doctor,""Thanks, I'll review the results and get back to you shortly."",text,,1,2026-08-25 02:03:00";;;;;;;
"19,4,51,patient,""Hello doctor, I wanted to ask about my recent symptoms."",text,,0,2026-08-25 04:32:00";;;;;;;
20,4,51,patient,When should I come back for a follow-up?,text,,1,2026-08-25 07:08:00;;;;;;;
21,4,51,patient,Is it okay to take this medication with food?,file,https://cdn.example.md/uploads/msg_21.pdf,1,2026-08-25 09:41:00;;;;;;;
"22,4,10,doctor,""Sure, I can move it to next week. What day works for you?"",text,,1,2026-08-25 11:33:00";;;;;;;
23,5,37,doctor,Let's plan a follow-up in two weeks.,text,,1,2026-08-28 02:14:00;;;;;;;
"24,5,37,doctor,""Sure, I can move it to next week. What day works for you?"",text,,1,2026-08-28 03:42:00";;;;;;;
"25,5,208,patient,""I uploaded my lab results, please check when you can."",file,https://cdn.example.md/uploads/msg_25.pdf,1,2026-08-28 04:55:00";;;;;;;
26,5,37,doctor,Let's plan a follow-up in two weeks.,text,,1,2026-08-28 06:20:00;;;;;;;
"27,5,208,patient,""I still have some pain, should I be concerned?"",text,,0,2026-08-28 08:52:00";;;;;;;
28,6,34,doctor,Take one tablet twice a day after meals.,voice,https://cdn.example.md/uploads/msg_28.mp3,1,2026-08-18 02:23:00;;;;;;;
29,6,34,doctor,Take one tablet twice a day after meals.,text,,1,2026-08-18 04:17:00;;;;;;;
30,6,259,patient,When should I come back for a follow-up?,file,https://cdn.example.md/uploads/msg_30.pdf,0,2026-08-18 04:19:00;;;;;;;
"31,6,34,doctor,""Sure, I can move it to next week. What day works for you?"",file,https://cdn.example.md/uploads/msg_31.pdf,1,2026-08-18 04:46:00";;;;;;;
"32,6,259,patient,""Hello doctor, I wanted to ask about my recent symptoms."",text,,1,2026-08-18 06:32:00";;;;;;;
33,6,34,doctor,Let's plan a follow-up in two weeks.,image,https://cdn.example.md/uploads/msg_33.jpg,1,2026-08-18 06:38:00;;;;;;;
"34,7,15,doctor,""Thanks, I'll review the results and get back to you shortly."",text,,1,2026-08-29 00:14:00";;;;;;;
35,7,51,patient,Could you clarify the dosage instructions?,image,https://cdn.example.md/uploads/msg_35.jpg,1,2026-08-29 01:40:00;;;;;;;
"36,7,15,doctor,""That could be normal, but let's schedule a check-up to be safe."",text,,1,2026-08-29 03:48:00";;;;;;;
"37,7,51,patient,""I uploaded my lab results, please check when you can."",text,,1,2026-08-29 05:44:00";;;;;;;
38,7,15,doctor,Take one tablet twice a day after meals.,voice,https://cdn.example.md/uploads/msg_38.mp3,1,2026-08-29 06:38:00;;;;;;;
"39,7,51,patient,""I still have some pain, should I be concerned?"",voice,https://cdn.example.md/uploads/msg_39.mp3,0,2026-08-29 06:47:00";;;;;;;
40,7,51,patient,Could you clarify the dosage instructions?,text,,1,2026-08-29 08:29:00;;;;;;;
"41,8,35,doctor,""Thanks, I'll review the results and get back to you shortly."",text,,0,2026-08-13 00:45:00";;;;;;;
42,8,239,patient,Thank you for the consultation today.,voice,https://cdn.example.md/uploads/msg_42.mp3,1,2026-08-13 02:03:00;;;;;;;
"43,8,35,doctor,""Thanks, I'll review the results and get back to you shortly."",file,https://cdn.example.md/uploads/msg_43.pdf,1,2026-08-13 05:02:00";;;;;;;
44,8,239,patient,Is it okay to take this medication with food?,text,,0,2026-08-13 07:56:00;;;;;;;
"45,9,198,patient,""Hello doctor, I wanted to ask about my recent symptoms."",text,,0,2026-08-19 02:41:00";;;;;;;
"46,9,21,doctor,""Thanks, I'll review the results and get back to you shortly."",text,,0,2026-08-19 04:37:00";;;;;;;
"47,9,21,doctor,""That side effect can occur, but let me know if it worsens."",text,,1,2026-08-19 05:16:00";;;;;;;
"48,9,198,patient,""Hello doctor, I wanted to ask about my recent symptoms."",text,,1,2026-08-19 05:32:00";;;;;;;
"49,9,21,doctor,""That could be normal, but let's schedule a check-up to be safe."",text,,1,2026-08-19 05:55:00";;;;;;;
50,9,21,doctor,Please continue the medication as prescribed and monitor for changes.,text,,1,2026-08-19 07:14:00;;;;;;;
"51,9,198,patient,""I've been feeling better since the last visit, thank you."",text,,1,2026-08-19 09:25:00";;;;;;;
"52,9,21,doctor,""Sure, I can move it to next week. What day works for you?"",voice,https://cdn.example.md/uploads/msg_52.mp3,1,2026-08-19 12:24:00";;;;;;;
53,10,373,patient,Thank you for the consultation today.,image,https://cdn.example.md/uploads/msg_53.jpg,1,2026-08-20 02:14:00;;;;;;;
"54,10,12,doctor,""You're welcome, take care and reach out if anything changes."",text,,0,2026-08-20 04:48:00";;;;;;;
"55,10,12,doctor,""That could be normal, but let's schedule a check-up to be safe."",image,https://cdn.example.md/uploads/msg_55.jpg,0,2026-08-20 06:17:00";;;;;;;
56,10,373,patient,When should I come back for a follow-up?,text,,0,2026-08-20 06:18:00;;;;;;;
"57,10,12,doctor,""Sure, I can move it to next week. What day works for you?"",voice,https://cdn.example.md/uploads/msg_57.mp3,1,2026-08-20 08:45:00";;;;;;;
58,10,373,patient,Can we reschedule my next appointment?,text,,1,2026-08-20 11:02:00;;;;;;;
59,10,373,patient,Can we reschedule my next appointment?,text,,1,2026-08-20 12:39:00;;;;;;;
60,10,12,doctor,Please continue the medication as prescribed and monitor for changes.,voice,https://cdn.example.md/uploads/msg_60.mp3,1,2026-08-20 14:18:00;;;;;;;
61,11,356,patient,When should I come back for a follow-up?,image,https://cdn.example.md/uploads/msg_61.jpg,1,2026-08-20 01:17:00;;;;;;;
62,11,356,patient,When should I come back for a follow-up?,text,,1,2026-08-20 01:56:00;;;;;;;
"63,11,356,patient,""I still have some pain, should I be concerned?"",text,,1,2026-08-20 04:03:00";;;;;;;
64,11,356,patient,Is it okay to take this medication with food?,file,https://cdn.example.md/uploads/msg_64.pdf,0,2026-08-20 05:10:00;;;;;;;
65,11,3,doctor,Take one tablet twice a day after meals.,text,,0,2026-08-20 07:22:00;;;;;;;
"66,11,3,doctor,""You're welcome, take care and reach out if anything changes."",voice,https://cdn.example.md/uploads/msg_66.mp3,0,2026-08-20 07:58:00";;;;;;;
67,11,356,patient,Thank you for the consultation today.,voice,https://cdn.example.md/uploads/msg_67.mp3,0,2026-08-20 08:21:00;;;;;;;
"68,11,3,doctor,""Hello, thanks for reaching out. Let's review your symptoms."",file,https://cdn.example.md/uploads/msg_68.pdf,0,2026-08-20 10:46:00";;;;;;;
"69,12,1,doctor,""Sure, I can move it to next week. What day works for you?"",image,https://cdn.example.md/uploads/msg_69.jpg,1,2026-08-29 02:45:00";;;;;;;
"70,12,1,doctor,""That could be normal, but let's schedule a check-up to be safe."",text,,1,2026-08-29 05:11:00";;;;;;;
"71,12,1,doctor,""Sure, I can move it to next week. What day works for you?"",voice,https://cdn.example.md/uploads/msg_71.mp3,1,2026-08-29 06:52:00";;;;;;;
"72,12,52,patient,""I uploaded my lab results, please check when you can."",text,,1,2026-08-29 09:49:00";;;;;;;
73,12,52,patient,Can we reschedule my next appointment?,file,https://cdn.example.md/uploads/msg_73.pdf,1,2026-08-29 11:30:00;;;;;;;
74,13,11,doctor,Let's plan a follow-up in two weeks.,voice,https://cdn.example.md/uploads/msg_74.mp3,1,2026-08-16 00:03:00;;;;;;;
"75,13,11,doctor,""Thanks, I'll review the results and get back to you shortly."",text,,1,2026-08-16 01:17:00";;;;;;;
"76,13,260,patient,""I uploaded my lab results, please check when you can."",text,,0,2026-08-16 02:47:00";;;;;;;
77,13,260,patient,Thank you for the consultation today.,text,,1,2026-08-16 02:56:00;;;;;;;
78,13,260,patient,Could you clarify the dosage instructions?,text,,1,2026-08-16 04:55:00;;;;;;;
79,13,260,patient,When should I come back for a follow-up?,image,https://cdn.example.md/uploads/msg_79.jpg,1,2026-08-16 07:15:00;;;;;;;
"80,14,6,doctor,""That side effect can occur, but let me know if it worsens."",image,https://cdn.example.md/uploads/msg_80.jpg,1,2026-09-01 01:27:00";;;;;;;
81,14,251,patient,Is this side effect normal?,voice,https://cdn.example.md/uploads/msg_81.mp3,1,2026-09-01 01:46:00;;;;;;;
"82,14,6,doctor,""That could be normal, but let's schedule a check-up to be safe."",text,,1,2026-09-01 04:23:00";;;;;;;
"83,14,6,doctor,""That could be normal, but let's schedule a check-up to be safe."",text,,0,2026-09-01 06:19:00";;;;;;;
"84,14,251,patient,""Hello doctor, I wanted to ask about my recent symptoms."",file,https://cdn.example.md/uploads/msg_84.pdf,1,2026-09-01 06:55:00";;;;;;;
85,14,251,patient,Thank you for the consultation today.,text,,1,2026-09-01 08:13:00;;;;;;;
"86,15,180,patient,""I uploaded my lab results, please check when you can."",image,https://cdn.example.md/uploads/msg_86.jpg,0,2026-08-19 00:55:00";;;;;;;
"87,15,180,patient,""I uploaded my lab results, please check when you can."",image,https://cdn.example.md/uploads/msg_87.jpg,1,2026-08-19 01:49:00";;;;;;;
88,15,11,doctor,Let's plan a follow-up in two weeks.,file,https://cdn.example.md/uploads/msg_88.pdf,1,2026-08-19 04:07:00;;;;;;;
"89,15,11,doctor,""Sure, I can move it to next week. What day works for you?"",file,https://cdn.example.md/uploads/msg_89.pdf,0,2026-08-19 06:53:00";;;;;;;
90,16,17,doctor,Please continue the medication as prescribed and monitor for changes.,text,,1,2026-08-27 02:52:00;;;;;;;
91,16,90,patient,Is this side effect normal?,text,,1,2026-08-27 05:04:00;;;;;;;
"92,16,17,doctor,""Hello, thanks for reaching out. Let's review your symptoms."",text,,0,2026-08-27 05:17:00";;;;;;;
93,16,17,doctor,Take one tablet twice a day after meals.,text,,1,2026-08-27 08:06:00;;;;;;;
94,16,17,doctor,Please continue the medication as prescribed and monitor for changes.,text,,0,2026-08-27 09:03:00;;;;;;;
"95,16,17,doctor,""That's good to hear, keep up with the treatment plan."",file,https://cdn.example.md/uploads/msg_95.pdf,0,2026-08-27 10:58:00";;;;;;;
96,16,17,doctor,Let's plan a follow-up in two weeks.,text,,1,2026-08-27 11:24:00;;;;;;;
97,16,17,doctor,Take one tablet twice a day after meals.,text,,1,2026-08-27 14:16:00;;;;;;;
98,17,20,doctor,Let's plan a follow-up in two weeks.,text,,0,2026-08-12 01:52:00;;;;;;;
"99,17,69,patient,""I uploaded my lab results, please check when you can."",text,,0,2026-08-12 04:09:00";;;;;;;
100,17,20,doctor,Let's plan a follow-up in two weeks.,voice,https://cdn.example.md/uploads/msg_100.mp3,1,2026-08-12 04:32:00;;;;;;;
"101,17,69,patient,""I still have some pain, should I be concerned?"",voice,https://cdn.example.md/uploads/msg_101.mp3,1,2026-08-12 06:05:00";;;;;;;
102,17,69,patient,Thank you for the consultation today.,image,https://cdn.example.md/uploads/msg_102.jpg,0,2026-08-12 08:15:00;;;;;;;
103,17,69,patient,Thank you for the consultation today.,text,,0,2026-08-12 09:50:00;;;;;;;
104,17,20,doctor,Take one tablet twice a day after meals.,file,https://cdn.example.md/uploads/msg_104.pdf,1,2026-08-12 10:16:00;;;;;;;
"105,17,69,patient,""I uploaded my lab results, please check when you can."",text,,1,2026-08-12 12:13:00";;;;;;;
"106,18,273,patient,""I uploaded my lab results, please check when you can."",file,https://cdn.example.md/uploads/msg_106.pdf,1,2026-08-30 00:38:00";;;;;;;
"107,18,31,doctor,""Sure, I can move it to next week. What day works for you?"",text,,1,2026-08-30 03:08:00";;;;;;;
"108,18,31,doctor,""That could be normal, but let's schedule a check-up to be safe."",image,https://cdn.example.md/uploads/msg_108.jpg,1,2026-08-30 04:13:00";;;;;;;
109,18,273,patient,Thank you for the consultation today.,voice,https://cdn.example.md/uploads/msg_109.mp3,1,2026-08-30 06:06:00;;;;;;;
110,18,273,patient,Could you clarify the dosage instructions?,image,https://cdn.example.md/uploads/msg_110.jpg,1,2026-08-30 08:23:00;;;;;;;
111,18,31,doctor,Take one tablet twice a day after meals.,voice,https://cdn.example.md/uploads/msg_111.mp3,1,2026-08-30 11:20:00;;;;;;;
"112,19,192,patient,""Hello doctor, I wanted to ask about my recent symptoms."",text,,1,2026-08-23 01:33:00";;;;;;;
113,19,192,patient,Could you clarify the dosage instructions?,text,,1,2026-08-23 02:56:00;;;;;;;
114,19,24,doctor,Take one tablet twice a day after meals.,file,https://cdn.example.md/uploads/msg_114.pdf,1,2026-08-23 03:57:00;;;;;;;
115,19,24,doctor,Please continue the medication as prescribed and monitor for changes.,text,,1,2026-08-23 06:11:00;;;;;;;
"116,19,24,doctor,""Sure, I can move it to next week. What day works for you?"",voice,https://cdn.example.md/uploads/msg_116.mp3,0,2026-08-23 07:20:00";;;;;;;
"117,19,192,patient,""I still have some pain, should I be concerned?"",image,https://cdn.example.md/uploads/msg_117.jpg,1,2026-08-23 09:44:00";;;;;;;
118,19,192,patient,Could you clarify the dosage instructions?,text,,1,2026-08-23 11:48:00;;;;;;;
119,20,25,doctor,Let's plan a follow-up in two weeks.,image,https://cdn.example.md/uploads/msg_119.jpg,0,2026-08-14 02:48:00;;;;;;;
"120,20,25,doctor,""Sure, I can move it to next week. What day works for you?"",file,https://cdn.example.md/uploads/msg_120.pdf,0,2026-08-14 05:27:00";;;;;;;
"121,20,260,patient,""Hello doctor, I wanted to ask about my recent symptoms."",text,,0,2026-08-14 08:00:00";;;;;;;
122,20,260,patient,Thank you for the consultation today.,file,https://cdn.example.md/uploads/msg_122.pdf,1,2026-08-14 09:33:00;;;;;;;
123,20,260,patient,Is it okay to take this medication with food?,file,https://cdn.example.md/uploads/msg_123.pdf,0,2026-08-14 11:15:00;;;;;;;
"124,20,25,doctor,""That could be normal, but let's schedule a check-up to be safe."",image,https://cdn.example.md/uploads/msg_124.jpg,1,2026-08-14 12:58:00";;;;;;;
125,20,25,doctor,Let's plan a follow-up in two weeks.,text,,1,2026-08-14 15:30:00;;;;;;;
126,20,260,patient,Can we reschedule my next appointment?,file,https://cdn.example.md/uploads/msg_126.pdf,0,2026-08-14 16:25:00;;;;;;;
"127,21,106,patient,""Hello doctor, I wanted to ask about my recent symptoms."",file,https://cdn.example.md/uploads/msg_127.pdf,1,2026-08-17 02:59:00";;;;;;;
"128,21,40,doctor,""Sure, I can move it to next week. What day works for you?"",text,,1,2026-08-17 04:20:00";;;;;;;
129,21,106,patient,Is it okay to take this medication with food?,text,,1,2026-08-17 06:50:00;;;;;;;
130,21,106,patient,When should I come back for a follow-up?,image,https://cdn.example.md/uploads/msg_130.jpg,1,2026-08-17 07:59:00;;;;;;;
"131,21,40,doctor,""Thanks, I'll review the results and get back to you shortly."",image,https://cdn.example.md/uploads/msg_131.jpg,0,2026-08-17 10:16:00";;;;;;;
"132,21,40,doctor,""You're welcome, take care and reach out if anything changes."",text,,0,2026-08-17 10:45:00";;;;;;;
133,21,106,patient,Thank you for the consultation today.,text,,1,2026-08-17 12:59:00;;;;;;;
"134,21,40,doctor,""That side effect can occur, but let me know if it worsens."",text,,1,2026-08-17 14:50:00";;;;;;;
"135,22,32,doctor,""That could be normal, but let's schedule a check-up to be safe."",text,,1,2026-08-27 01:30:00";;;;;;;
"136,22,32,doctor,""That side effect can occur, but let me know if it worsens."",text,,1,2026-08-27 04:19:00";;;;;;;
"137,22,334,patient,""I've been feeling better since the last visit, thank you."",text,,1,2026-08-27 06:07:00";;;;;;;
"138,22,32,doctor,""Sure, I can move it to next week. What day works for you?"",text,,1,2026-08-27 09:02:00";;;;;;;
"139,23,96,patient,""I uploaded my lab results, please check when you can."",voice,https://cdn.example.md/uploads/msg_139.mp3,1,2026-08-24 02:34:00";;;;;;;
"140,23,96,patient,""I uploaded my lab results, please check when you can."",image,https://cdn.example.md/uploads/msg_140.jpg,1,2026-08-24 05:32:00";;;;;;;
141,23,96,patient,Could you clarify the dosage instructions?,image,https://cdn.example.md/uploads/msg_141.jpg,1,2026-08-24 07:59:00;;;;;;;
"142,23,96,patient,""I uploaded my lab results, please check when you can."",image,https://cdn.example.md/uploads/msg_142.jpg,1,2026-08-24 10:21:00";;;;;;;
143,23,96,patient,Is it okay to take this medication with food?,file,https://cdn.example.md/uploads/msg_143.pdf,1,2026-08-24 11:09:00;;;;;;;
"144,23,2,doctor,""That side effect can occur, but let me know if it worsens."",text,,0,2026-08-24 11:50:00";;;;;;;
"145,23,2,doctor,""You're welcome, take care and reach out if anything changes."",text,,1,2026-08-24 13:30:00";;;;;;;
146,24,317,patient,Thank you for the consultation today.,file,https://cdn.example.md/uploads/msg_146.pdf,1,2026-08-15 01:16:00;;;;;;;
147,24,33,doctor,Please continue the medication as prescribed and monitor for changes.,text,,1,2026-08-15 02:33:00;;;;;;;
148,24,33,doctor,Let's plan a follow-up in two weeks.,text,,1,2026-08-15 02:42:00;;;;;;;
"149,24,33,doctor,""That side effect can occur, but let me know if it worsens."",text,,0,2026-08-15 05:39:00";;;;;;;
"150,25,58,patient,""I've been feeling better since the last visit, thank you."",image,https://cdn.example.md/uploads/msg_150.jpg,1,2026-08-20 01:50:00";;;;;;;
"151,25,10,doctor,""That could be normal, but let's schedule a check-up to be safe."",text,,1,2026-08-20 02:40:00";;;;;;;
152,25,58,patient,Is it okay to take this medication with food?,file,https://cdn.example.md/uploads/msg_152.pdf,1,2026-08-20 03:19:00;;;;;;;
"153,25,10,doctor,""Sure, I can move it to next week. What day works for you?"",text,,1,2026-08-20 03:26:00";;;;;;;
"154,25,10,doctor,""You're welcome, take care and reach out if anything changes."",image,https://cdn.example.md/uploads/msg_154.jpg,1,2026-08-20 03:57:00";;;;;;;
"155,25,10,doctor,""Thanks, I'll review the results and get back to you shortly."",voice,https://cdn.example.md/uploads/msg_155.mp3,1,2026-08-20 05:04:00";;;;;;;
156,26,211,patient,Is this side effect normal?,voice,https://cdn.example.md/uploads/msg_156.mp3,1,2026-08-31 00:25:00;;;;;;;
157,26,211,patient,Can we reschedule my next appointment?,file,https://cdn.example.md/uploads/msg_157.pdf,1,2026-08-31 01:48:00;;;;;;;
158,26,211,patient,Is this side effect normal?,text,,1,2026-08-31 03:31:00;;;;;;;
159,26,36,doctor,Take one tablet twice a day after meals.,voice,https://cdn.example.md/uploads/msg_159.mp3,1,2026-08-31 06:25:00;;;;;;;
"160,27,36,patient,""Hello doctor, I wanted to ask about my recent symptoms."",text,,0,2026-08-22 02:34:00";;;;;;;
"161,27,36,patient,""I still have some pain, should I be concerned?"",text,,0,2026-08-22 03:34:00";;;;;;;
"162,27,10,doctor,""Hello, thanks for reaching out. Let's review your symptoms."",text,,1,2026-08-22 06:34:00";;;;;;;
163,27,36,patient,Thank you for the consultation today.,text,,1,2026-08-22 08:07:00;;;;;;;
"164,27,10,doctor,""Sure, I can move it to next week. What day works for you?"",file,https://cdn.example.md/uploads/msg_164.pdf,1,2026-08-22 09:45:00";;;;;;;
165,27,36,patient,Can we reschedule my next appointment?,file,https://cdn.example.md/uploads/msg_165.pdf,0,2026-08-22 11:26:00;;;;;;;
"166,28,8,doctor,""You're welcome, take care and reach out if anything changes."",image,https://cdn.example.md/uploads/msg_166.jpg,1,2026-08-31 00:06:00";;;;;;;
"167,28,8,doctor,""Thanks, I'll review the results and get back to you shortly."",text,,0,2026-08-31 01:48:00";;;;;;;
"168,28,122,patient,""I've been feeling better since the last visit, thank you."",image,https://cdn.example.md/uploads/msg_168.jpg,0,2026-08-31 02:15:00";;;;;;;
"169,28,8,doctor,""That's good to hear, keep up with the treatment plan."",image,https://cdn.example.md/uploads/msg_169.jpg,1,2026-08-31 04:36:00";;;;;;;
170,28,122,patient,When should I come back for a follow-up?,text,,0,2026-08-31 05:47:00;;;;;;;
"171,28,122,patient,""I've been feeling better since the last visit, thank you."",text,,0,2026-08-31 07:50:00";;;;;;;
"172,28,122,patient,""I uploaded my lab results, please check when you can."",voice,https://cdn.example.md/uploads/msg_172.mp3,1,2026-08-31 08:22:00";;;;;;;
173,28,8,doctor,Please continue the medication as prescribed and monitor for changes.,text,,0,2026-08-31 09:59:00;;;;;;;
"174,29,37,doctor,""That's good to hear, keep up with the treatment plan."",text,,1,2026-08-15 02:50:00";;;;;;;
"175,29,37,doctor,""Hello, thanks for reaching out. Let's review your symptoms."",text,,1,2026-08-15 04:55:00";;;;;;;
"176,29,336,patient,""I uploaded my lab results, please check when you can."",text,,1,2026-08-15 06:19:00";;;;;;;
"177,29,37,doctor,""That could be normal, but let's schedule a check-up to be safe."",file,https://cdn.example.md/uploads/msg_177.pdf,0,2026-08-15 08:26:00";;;;;;;
"178,30,11,doctor,""Sure, I can move it to next week. What day works for you?"",text,,1,2026-08-18 00:15:00";;;;;;;
179,30,88,patient,When should I come back for a follow-up?,voice,https://cdn.example.md/uploads/msg_179.mp3,1,2026-08-18 01:49:00;;;;;;;
180,30,11,doctor,Please continue the medication as prescribed and monitor for changes.,text,,0,2026-08-18 04:39:00;;;;;;;
181,30,88,patient,When should I come back for a follow-up?,text,,1,2026-08-18 05:43:00;;;;;;;
182,31,136,patient,When should I come back for a follow-up?,text,,1,2026-08-12 02:51:00;;;;;;;
183,31,136,patient,Could you clarify the dosage instructions?,text,,1,2026-08-12 02:56:00;;;;;;;
"184,31,136,patient,""Hello doctor, I wanted to ask about my recent symptoms."",voice,https://cdn.example.md/uploads/msg_184.mp3,1,2026-08-12 05:31:00";;;;;;;
185,31,4,doctor,Please continue the medication as prescribed and monitor for changes.,text,,1,2026-08-12 06:30:00;;;;;;;
186,32,190,patient,Is it okay to take this medication with food?,text,,1,2026-08-18 01:33:00;;;;;;;
"187,32,1,doctor,""Sure, I can move it to next week. What day works for you?"",text,,1,2026-08-18 01:35:00";;;;;;;
"188,32,190,patient,""Hello doctor, I wanted to ask about my recent symptoms."",text,,1,2026-08-18 01:58:00";;;;;;;
"189,32,190,patient,""I still have some pain, should I be concerned?"",text,,1,2026-08-18 02:31:00";;;;;;;
"190,32,1,doctor,""That side effect can occur, but let me know if it worsens."",text,,0,2026-08-18 04:19:00";;;;;;;
191,32,1,doctor,Let's plan a follow-up in two weeks.,text,,1,2026-08-18 06:55:00;;;;;;;
192,32,190,patient,Is it okay to take this medication with food?,text,,1,2026-08-18 07:10:00;;;;;;;
"193,33,146,patient,""Hello doctor, I wanted to ask about my recent symptoms."",voice,https://cdn.example.md/uploads/msg_193.mp3,0,2026-08-18 00:36:00";;;;;;;
194,33,146,patient,Could you clarify the dosage instructions?,text,,1,2026-08-18 00:54:00;;;;;;;
"195,33,8,doctor,""You're welcome, take care and reach out if anything changes."",image,https://cdn.example.md/uploads/msg_195.jpg,1,2026-08-18 02:40:00";;;;;;;
196,33,146,patient,Can we reschedule my next appointment?,text,,1,2026-08-18 04:53:00;;;;;;;
"197,33,146,patient,""I uploaded my lab results, please check when you can."",text,,1,2026-08-18 06:16:00";;;;;;;
"198,33,8,doctor,""You're welcome, take care and reach out if anything changes."",text,,1,2026-08-18 06:26:00";;;;;;;
"199,34,274,patient,""I've been feeling better since the last visit, thank you."",image,https://cdn.example.md/uploads/msg_199.jpg,1,2026-08-22 01:24:00";;;;;;;
200,34,274,patient,Can we reschedule my next appointment?,file,https://cdn.example.md/uploads/msg_200.pdf,1,2026-08-22 04:19:00;;;;;;;
"201,34,274,patient,""I still have some pain, should I be concerned?"",image,https://cdn.example.md/uploads/msg_201.jpg,1,2026-08-22 06:46:00";;;;;;;
"202,34,33,doctor,""You're welcome, take care and reach out if anything changes."",file,https://cdn.example.md/uploads/msg_202.pdf,1,2026-08-22 07:12:00";;;;;;;
"203,34,33,doctor,""Sure, I can move it to next week. What day works for you?"",file,https://cdn.example.md/uploads/msg_203.pdf,1,2026-08-22 08:58:00";;;;;;;
204,35,211,patient,Thank you for the consultation today.,text,,1,2026-08-18 01:38:00;;;;;;;
"205,35,211,patient,""I still have some pain, should I be concerned?"",image,https://cdn.example.md/uploads/msg_205.jpg,1,2026-08-18 04:21:00";;;;;;;
"206,35,32,doctor,""That side effect can occur, but let me know if it worsens."",text,,1,2026-08-18 06:13:00";;;;;;;
207,35,211,patient,When should I come back for a follow-up?,file,https://cdn.example.md/uploads/msg_207.pdf,1,2026-08-18 08:31:00;;;;;;;
208,36,356,patient,Can we reschedule my next appointment?,text,,1,2026-08-27 00:15:00;;;;;;;
"209,36,4,doctor,""Thanks, I'll review the results and get back to you shortly."",voice,https://cdn.example.md/uploads/msg_209.mp3,1,2026-08-27 02:34:00";;;;;;;
210,36,356,patient,When should I come back for a follow-up?,file,https://cdn.example.md/uploads/msg_210.pdf,0,2026-08-27 02:43:00;;;;;;;
211,36,4,doctor,Please continue the medication as prescribed and monitor for changes.,image,https://cdn.example.md/uploads/msg_211.jpg,1,2026-08-27 04:52:00;;;;;;;
"212,36,356,patient,""I still have some pain, should I be concerned?"",file,https://cdn.example.md/uploads/msg_212.pdf,1,2026-08-27 06:17:00";;;;;;;
"213,37,18,doctor,""Sure, I can move it to next week. What day works for you?"",text,,1,2026-08-22 02:44:00";;;;;;;
"214,37,306,patient,""Hello doctor, I wanted to ask about my recent symptoms."",voice,https://cdn.example.md/uploads/msg_214.mp3,1,2026-08-22 05:42:00";;;;;;;
215,37,306,patient,Is this side effect normal?,text,,1,2026-08-22 08:04:00;;;;;;;
"216,37,306,patient,""Hello doctor, I wanted to ask about my recent symptoms."",text,,1,2026-08-22 08:37:00";;;;;;;
217,37,306,patient,Can we reschedule my next appointment?,text,,1,2026-08-22 09:44:00;;;;;;;
"218,37,306,patient,""I still have some pain, should I be concerned?"",text,,1,2026-08-22 12:35:00";;;;;;;
219,37,306,patient,Could you clarify the dosage instructions?,text,,0,2026-08-22 14:56:00;;;;;;;
220,38,221,patient,Is this side effect normal?,text,,1,2026-08-24 01:04:00;;;;;;;
221,38,11,doctor,Take one tablet twice a day after meals.,text,,1,2026-08-24 01:33:00;;;;;;;
222,38,221,patient,Thank you for the consultation today.,image,https://cdn.example.md/uploads/msg_222.jpg,1,2026-08-24 02:16:00;;;;;;;
"223,38,221,patient,""I uploaded my lab results, please check when you can."",voice,https://cdn.example.md/uploads/msg_223.mp3,1,2026-08-24 03:12:00";;;;;;;
"224,38,11,doctor,""That's good to hear, keep up with the treatment plan."",text,,1,2026-08-24 05:51:00";;;;;;;
225,39,278,patient,Is this side effect normal?,text,,1,2026-08-14 00:21:00;;;;;;;
226,39,278,patient,When should I come back for a follow-up?,text,,1,2026-08-14 01:12:00;;;;;;;
"227,39,278,patient,""Hello doctor, I wanted to ask about my recent symptoms."",text,,0,2026-08-14 02:09:00";;;;;;;
228,39,278,patient,Could you clarify the dosage instructions?,file,https://cdn.example.md/uploads/msg_228.pdf,1,2026-08-14 03:07:00;;;;;;;
229,39,278,patient,Can we reschedule my next appointment?,file,https://cdn.example.md/uploads/msg_229.pdf,1,2026-08-14 03:45:00;;;;;;;
230,39,278,patient,When should I come back for a follow-up?,image,https://cdn.example.md/uploads/msg_230.jpg,1,2026-08-14 05:33:00;;;;;;;
"231,40,19,doctor,""That could be normal, but let's schedule a check-up to be safe."",text,,0,2026-08-16 01:05:00";;;;;;;
232,40,58,patient,Is it okay to take this medication with food?,text,,1,2026-08-16 02:41:00;;;;;;;
"233,40,19,doctor,""Thanks, I'll review the results and get back to you shortly."",text,,1,2026-08-16 05:01:00";;;;;;;
"234,40,19,doctor,""That's good to hear, keep up with the treatment plan."",voice,https://cdn.example.md/uploads/msg_234.mp3,1,2026-08-16 07:12:00";;;;;;;
235,40,58,patient,When should I come back for a follow-up?,text,,1,2026-08-16 08:25:00;;;;;;;
236,40,58,patient,Could you clarify the dosage instructions?,text,,1,2026-08-16 10:03:00;;;;;;;
"237,41,260,patient,""Hello doctor, I wanted to ask about my recent symptoms."",voice,https://cdn.example.md/uploads/msg_237.mp3,1,2026-08-30 02:21:00";;;;;;;
"238,41,29,doctor,""Thanks, I'll review the results and get back to you shortly."",voice,https://cdn.example.md/uploads/msg_238.mp3,1,2026-08-30 05:07:00";;;;;;;
"239,41,260,patient,""I still have some pain, should I be concerned?"",text,,0,2026-08-30 06:49:00";;;;;;;
240,41,260,patient,Can we reschedule my next appointment?,file,https://cdn.example.md/uploads/msg_240.pdf,1,2026-08-30 09:38:00;;;;;;;
241,41,260,patient,When should I come back for a follow-up?,text,,1,2026-08-30 10:32:00;;;;;;;
242,41,260,patient,Is this side effect normal?,text,,1,2026-08-30 10:41:00;;;;;;;
"243,42,226,patient,""I've been feeling better since the last visit, thank you."",voice,https://cdn.example.md/uploads/msg_243.mp3,0,2026-08-28 01:47:00";;;;;;;
244,42,26,doctor,Let's plan a follow-up in two weeks.,text,,0,2026-08-28 03:48:00;;;;;;;
245,42,226,patient,Is it okay to take this medication with food?,file,https://cdn.example.md/uploads/msg_245.pdf,1,2026-08-28 05:46:00;;;;;;;
"246,42,226,patient,""I uploaded my lab results, please check when you can."",text,,1,2026-08-28 06:45:00";;;;;;;
"247,42,26,doctor,""That's good to hear, keep up with the treatment plan."",text,,1,2026-08-28 07:18:00";;;;;;;
"248,42,26,doctor,""You're welcome, take care and reach out if anything changes."",image,https://cdn.example.md/uploads/msg_248.jpg,1,2026-08-28 10:09:00";;;;;;;
"249,42,26,doctor,""Sure, I can move it to next week. What day works for you?"",text,,1,2026-08-28 10:20:00";;;;;;;
"250,43,268,patient,""I've been feeling better since the last visit, thank you."",text,,1,2026-09-01 01:09:00";;;;;;;
"251,43,3,doctor,""That's good to hear, keep up with the treatment plan."",text,,1,2026-09-01 03:23:00";;;;;;;
"252,43,268,patient,""I've been feeling better since the last visit, thank you."",image,https://cdn.example.md/uploads/msg_252.jpg,1,2026-09-01 04:49:00";;;;;;;
"253,43,268,patient,""I've been feeling better since the last visit, thank you."",text,,0,2026-09-01 06:41:00";;;;;;;
254,43,3,doctor,Please continue the medication as prescribed and monitor for changes.,text,,1,2026-09-01 07:45:00;;;;;;;
255,43,268,patient,Is it okay to take this medication with food?,text,,0,2026-09-01 07:50:00;;;;;;;
256,44,399,patient,Is this side effect normal?,text,,0,2026-08-28 01:54:00;;;;;;;
"257,44,14,doctor,""Sure, I can move it to next week. What day works for you?"",text,,1,2026-08-28 04:06:00";;;;;;;
258,44,399,patient,Is it okay to take this medication with food?,file,https://cdn.example.md/uploads/msg_258.pdf,1,2026-08-28 05:13:00;;;;;;;
"259,44,14,doctor,""You're welcome, take care and reach out if anything changes."",text,,1,2026-08-28 06:02:00";;;;;;;
"260,45,215,patient,""I've been feeling better since the last visit, thank you."",file,https://cdn.example.md/uploads/msg_260.pdf,1,2026-08-20 00:49:00";;;;;;;
261,45,215,patient,When should I come back for a follow-up?,text,,1,2026-08-20 03:22:00;;;;;;;
262,45,24,doctor,Take one tablet twice a day after meals.,voice,https://cdn.example.md/uploads/msg_262.mp3,1,2026-08-20 06:19:00;;;;;;;
263,45,24,doctor,Please continue the medication as prescribed and monitor for changes.,image,https://cdn.example.md/uploads/msg_263.jpg,1,2026-08-20 06:27:00;;;;;;;
"264,45,215,patient,""I still have some pain, should I be concerned?"",text,,1,2026-08-20 08:01:00";;;;;;;
"265,45,24,doctor,""Sure, I can move it to next week. What day works for you?"",text,,1,2026-08-20 09:10:00";;;;;;;
"266,45,24,doctor,""You're welcome, take care and reach out if anything changes."",text,,1,2026-08-20 11:30:00";;;;;;;
267,46,5,doctor,Please continue the medication as prescribed and monitor for changes.,image,https://cdn.example.md/uploads/msg_267.jpg,1,2026-08-17 02:06:00;;;;;;;
"268,46,5,doctor,""Sure, I can move it to next week. What day works for you?"",voice,https://cdn.example.md/uploads/msg_268.mp3,1,2026-08-17 04:00:00";;;;;;;
269,46,24,patient,Thank you for the consultation today.,text,,1,2026-08-17 04:56:00;;;;;;;
"270,46,24,patient,""I still have some pain, should I be concerned?"",text,,1,2026-08-17 05:35:00";;;;;;;
"271,46,24,patient,""I've been feeling better since the last visit, thank you."",text,,0,2026-08-17 08:05:00";;;;;;;
"272,46,5,doctor,""Sure, I can move it to next week. What day works for you?"",text,,1,2026-08-17 09:26:00";;;;;;;
273,47,5,doctor,Take one tablet twice a day after meals.,text,,0,2026-08-25 00:03:00;;;;;;;
"274,47,5,doctor,""That side effect can occur, but let me know if it worsens."",text,,1,2026-08-25 00:41:00";;;;;;;
"275,47,9,patient,""I uploaded my lab results, please check when you can."",text,,0,2026-08-25 02:57:00";;;;;;;
"276,47,9,patient,""I uploaded my lab results, please check when you can."",text,,1,2026-08-25 03:45:00";;;;;;;
"277,47,9,patient,""I uploaded my lab results, please check when you can."",text,,1,2026-08-25 06:11:00";;;;;;;
278,47,9,patient,Could you clarify the dosage instructions?,text,,0,2026-08-25 06:14:00;;;;;;;
"279,47,9,patient,""I uploaded my lab results, please check when you can."",voice,https://cdn.example.md/uploads/msg_279.mp3,1,2026-08-25 06:33:00";;;;;;;
"280,48,37,doctor,""Hello, thanks for reaching out. Let's review your symptoms."",file,https://cdn.example.md/uploads/msg_280.pdf,1,2026-09-01 01:51:00";;;;;;;
"281,48,32,patient,""I still have some pain, should I be concerned?"",file,https://cdn.example.md/uploads/msg_281.pdf,0,2026-09-01 04:30:00";;;;;;;
282,48,32,patient,Can we reschedule my next appointment?,voice,https://cdn.example.md/uploads/msg_282.mp3,1,2026-09-01 07:24:00;;;;;;;
"283,48,32,patient,""I uploaded my lab results, please check when you can."",text,,1,2026-09-01 10:03:00";;;;;;;
284,48,37,doctor,Let's plan a follow-up in two weeks.,text,,1,2026-09-01 12:07:00;;;;;;;
"285,49,16,doctor,""Thanks, I'll review the results and get back to you shortly."",text,,1,2026-08-31 01:24:00";;;;;;;
286,49,305,patient,Could you clarify the dosage instructions?,voice,https://cdn.example.md/uploads/msg_286.mp3,0,2026-08-31 04:11:00;;;;;;;
"287,49,16,doctor,""That side effect can occur, but let me know if it worsens."",text,,1,2026-08-31 05:12:00";;;;;;;
"288,49,305,patient,""I still have some pain, should I be concerned?"",text,,1,2026-08-31 05:34:00";;;;;;;
289,49,16,doctor,Let's plan a follow-up in two weeks.,text,,1,2026-08-31 05:41:00;;;;;;;
"290,49,305,patient,""Hello doctor, I wanted to ask about my recent symptoms."",text,,1,2026-08-31 07:22:00";;;;;;;
"291,49,16,doctor,""Thanks, I'll review the results and get back to you shortly."",voice,https://cdn.example.md/uploads/msg_291.mp3,0,2026-08-31 09:03:00";;;;;;;
292,50,75,patient,Could you clarify the dosage instructions?,text,,1,2026-08-19 00:29:00;;;;;;;
293,50,75,patient,When should I come back for a follow-up?,text,,1,2026-08-19 00:59:00;;;;;;;
"294,50,75,patient,""I uploaded my lab results, please check when you can."",image,https://cdn.example.md/uploads/msg_294.jpg,1,2026-08-19 01:02:00";;;;;;;
"295,50,38,doctor,""Sure, I can move it to next week. What day works for you?"",text,,1,2026-08-19 02:14:00";;;;;;;
296,51,78,patient,Could you clarify the dosage instructions?,file,https://cdn.example.md/uploads/msg_296.pdf,1,2026-08-26 02:44:00;;;;;;;
"297,51,14,doctor,""Thanks, I'll review the results and get back to you shortly."",text,,1,2026-08-26 03:31:00";;;;;;;
"298,51,14,doctor,""Sure, I can move it to next week. What day works for you?"",voice,https://cdn.example.md/uploads/msg_298.mp3,0,2026-08-26 06:29:00";;;;;;;
299,51,78,patient,Thank you for the consultation today.,text,,1,2026-08-26 09:09:00;;;;;;;
300,51,14,doctor,Take one tablet twice a day after meals.,voice,https://cdn.example.md/uploads/msg_300.mp3,1,2026-08-26 10:34:00;;;;;;;
301,51,78,patient,Can we reschedule my next appointment?,text,,1,2026-08-26 13:05:00;;;;;;;
"302,51,78,patient,""I uploaded my lab results, please check when you can."",text,,0,2026-08-26 13:24:00";;;;;;;
"303,52,18,doctor,""Thanks, I'll review the results and get back to you shortly."",text,,1,2026-08-26 01:56:00";;;;;;;
"304,52,251,patient,""I still have some pain, should I be concerned?"",text,,1,2026-08-26 03:19:00";;;;;;;
"305,52,251,patient,""I uploaded my lab results, please check when you can."",image,https://cdn.example.md/uploads/msg_305.jpg,1,2026-08-26 05:22:00";;;;;;;
"306,52,18,doctor,""That could be normal, but let's schedule a check-up to be safe."",text,,1,2026-08-26 06:49:00";;;;;;;
"307,52,251,patient,""Hello doctor, I wanted to ask about my recent symptoms."",text,,0,2026-08-26 06:56:00";;;;;;;
308,53,24,doctor,Take one tablet twice a day after meals.,voice,https://cdn.example.md/uploads/msg_308.mp3,1,2026-08-29 01:34:00;;;;;;;
"309,53,353,patient,""I uploaded my lab results, please check when you can."",text,,1,2026-08-29 02:26:00";;;;;;;
310,53,24,doctor,Take one tablet twice a day after meals.,file,https://cdn.example.md/uploads/msg_310.pdf,1,2026-08-29 03:22:00;;;;;;;
311,53,24,doctor,Please continue the medication as prescribed and monitor for changes.,text,,1,2026-08-29 05:22:00;;;;;;;
"312,54,21,doctor,""That side effect can occur, but let me know if it worsens."",text,,1,2026-08-18 01:37:00";;;;;;;
313,54,39,patient,Can we reschedule my next appointment?,voice,https://cdn.example.md/uploads/msg_313.mp3,1,2026-08-18 04:25:00;;;;;;;
314,54,39,patient,Thank you for the consultation today.,text,,0,2026-08-18 06:23:00;;;;;;;
"315,54,21,doctor,""You're welcome, take care and reach out if anything changes."",text,,1,2026-08-18 06:54:00";;;;;;;
316,54,21,doctor,Take one tablet twice a day after meals.,voice,https://cdn.example.md/uploads/msg_316.mp3,1,2026-08-18 09:14:00;;;;;;;
317,54,39,patient,Could you clarify the dosage instructions?,text,,1,2026-08-18 11:14:00;;;;;;;
318,55,355,patient,Could you clarify the dosage instructions?,file,https://cdn.example.md/uploads/msg_318.pdf,1,2026-08-30 00:13:00;;;;;;;
319,55,355,patient,When should I come back for a follow-up?,image,https://cdn.example.md/uploads/msg_319.jpg,1,2026-08-30 02:08:00;;;;;;;
320,55,355,patient,Is it okay to take this medication with food?,text,,1,2026-08-30 03:49:00;;;;;;;
321,55,355,patient,When should I come back for a follow-up?,text,,1,2026-08-30 05:44:00;;;;;;;
322,55,26,doctor,Please continue the medication as prescribed and monitor for changes.,text,,0,2026-08-30 06:55:00;;;;;;;
"323,55,355,patient,""I still have some pain, should I be concerned?"",text,,1,2026-08-30 08:21:00";;;;;;;
"324,55,355,patient,""I still have some pain, should I be concerned?"",text,,1,2026-08-30 08:39:00";;;;;;;
"325,55,26,doctor,""That side effect can occur, but let me know if it worsens."",text,,1,2026-08-30 10:54:00";;;;;;;
"326,56,19,doctor,""Thanks, I'll review the results and get back to you shortly."",file,https://cdn.example.md/uploads/msg_326.pdf,0,2026-08-23 00:42:00";;;;;;;
"327,56,19,doctor,""That could be normal, but let's schedule a check-up to be safe."",text,,0,2026-08-23 01:07:00";;;;;;;
328,56,45,patient,Is this side effect normal?,image,https://cdn.example.md/uploads/msg_328.jpg,1,2026-08-23 02:15:00;;;;;;;
329,56,45,patient,Is it okay to take this medication with food?,text,,1,2026-08-23 04:55:00;;;;;;;
330,56,19,doctor,Let's plan a follow-up in two weeks.,text,,1,2026-08-23 07:52:00;;;;;;;
"331,56,19,doctor,""That side effect can occur, but let me know if it worsens."",file,https://cdn.example.md/uploads/msg_331.pdf,1,2026-08-23 08:04:00";;;;;;;
"332,57,27,doctor,""That could be normal, but let's schedule a check-up to be safe."",text,,1,2026-08-16 02:59:00";;;;;;;
333,57,145,patient,Could you clarify the dosage instructions?,voice,https://cdn.example.md/uploads/msg_333.mp3,1,2026-08-16 05:37:00;;;;;;;
"334,57,145,patient,""I've been feeling better since the last visit, thank you."",voice,https://cdn.example.md/uploads/msg_334.mp3,1,2026-08-16 08:12:00";;;;;;;
"335,57,145,patient,""I uploaded my lab results, please check when you can."",text,,1,2026-08-16 08:56:00";;;;;;;
336,57,145,patient,Thank you for the consultation today.,image,https://cdn.example.md/uploads/msg_336.jpg,1,2026-08-16 09:12:00;;;;;;;
"337,57,27,doctor,""Hello, thanks for reaching out. Let's review your symptoms."",voice,https://cdn.example.md/uploads/msg_337.mp3,1,2026-08-16 10:20:00";;;;;;;
"338,57,27,doctor,""That's good to hear, keep up with the treatment plan."",file,https://cdn.example.md/uploads/msg_338.pdf,1,2026-08-16 13:19:00";;;;;;;
339,58,328,patient,When should I come back for a follow-up?,text,,1,2026-08-14 00:30:00;;;;;;;
"340,58,14,doctor,""Sure, I can move it to next week. What day works for you?"",text,,1,2026-08-14 03:18:00";;;;;;;
341,58,14,doctor,Please continue the medication as prescribed and monitor for changes.,text,,1,2026-08-14 06:11:00;;;;;;;
"342,58,328,patient,""Hello doctor, I wanted to ask about my recent symptoms."",file,https://cdn.example.md/uploads/msg_342.pdf,0,2026-08-14 08:01:00";;;;;;;
"343,58,14,doctor,""Sure, I can move it to next week. What day works for you?"",text,,1,2026-08-14 10:28:00";;;;;;;
344,58,328,patient,Is it okay to take this medication with food?,text,,1,2026-08-14 11:47:00;;;;;;;
"345,58,328,patient,""Hello doctor, I wanted to ask about my recent symptoms."",text,,1,2026-08-14 14:42:00";;;;;;;
"346,59,9,doctor,""That side effect can occur, but let me know if it worsens."",text,,0,2026-08-23 00:15:00";;;;;;;
"347,59,108,patient,""Hello doctor, I wanted to ask about my recent symptoms."",text,,1,2026-08-23 00:53:00";;;;;;;
348,59,9,doctor,Take one tablet twice a day after meals.,voice,https://cdn.example.md/uploads/msg_348.mp3,0,2026-08-23 01:15:00;;;;;;;
"349,59,9,doctor,""Thanks, I'll review the results and get back to you shortly."",text,,1,2026-08-23 02:17:00";;;;;;;
"350,60,119,patient,""I still have some pain, should I be concerned?"",voice,https://cdn.example.md/uploads/msg_350.mp3,1,2026-08-13 00:07:00";;;;;;;
"351,60,33,doctor,""That could be normal, but let's schedule a check-up to be safe."",image,https://cdn.example.md/uploads/msg_351.jpg,1,2026-08-13 01:08:00";;;;;;;
"352,60,119,patient,""I've been feeling better since the last visit, thank you."",text,,1,2026-08-13 01:48:00";;;;;;;
"353,60,33,doctor,""Hello, thanks for reaching out. Let's review your symptoms."",text,,1,2026-08-13 02:35:00";;;;;;;
354,60,119,patient,Could you clarify the dosage instructions?,text,,1,2026-08-13 05:09:00;;;;;;;
"355,60,119,patient,""I still have some pain, should I be concerned?"",voice,https://cdn.example.md/uploads/msg_355.mp3,1,2026-08-13 07:30:00";;;;;;;
356,61,319,patient,Could you clarify the dosage instructions?,image,https://cdn.example.md/uploads/msg_356.jpg,1,2026-08-20 00:42:00;;;;;;;
357,61,319,patient,Could you clarify the dosage instructions?,text,,0,2026-08-20 01:57:00;;;;;;;
358,61,319,patient,When should I come back for a follow-up?,text,,1,2026-08-20 03:22:00;;;;;;;
"359,61,319,patient,""I uploaded my lab results, please check when you can."",text,,0,2026-08-20 03:56:00";;;;;;;
"360,61,319,patient,""I still have some pain, should I be concerned?"",voice,https://cdn.example.md/uploads/msg_360.mp3,1,2026-08-20 05:06:00";;;;;;;
"361,61,319,patient,""Hello doctor, I wanted to ask about my recent symptoms."",image,https://cdn.example.md/uploads/msg_361.jpg,1,2026-08-20 07:34:00";;;;;;;
"362,61,17,doctor,""Hello, thanks for reaching out. Let's review your symptoms."",text,,1,2026-08-20 10:03:00";;;;;;;
"363,62,2,doctor,""That side effect can occur, but let me know if it worsens."",text,,1,2026-08-26 01:09:00";;;;;;;
364,62,286,patient,When should I come back for a follow-up?,text,,1,2026-08-26 04:09:00;;;;;;;
"365,62,286,patient,""Hello doctor, I wanted to ask about my recent symptoms."",text,,0,2026-08-26 06:54:00";;;;;;;
"366,62,2,doctor,""That's good to hear, keep up with the treatment plan."",voice,https://cdn.example.md/uploads/msg_366.mp3,1,2026-08-26 09:32:00";;;;;;;
"367,62,2,doctor,""That could be normal, but let's schedule a check-up to be safe."",voice,https://cdn.example.md/uploads/msg_367.mp3,1,2026-08-26 10:01:00";;;;;;;
368,62,286,patient,Thank you for the consultation today.,file,https://cdn.example.md/uploads/msg_368.pdf,1,2026-08-26 11:06:00;;;;;;;
369,63,6,doctor,Let's plan a follow-up in two weeks.,voice,https://cdn.example.md/uploads/msg_369.mp3,1,2026-08-21 02:28:00;;;;;;;
"370,63,6,doctor,""That could be normal, but let's schedule a check-up to be safe."",text,,1,2026-08-21 02:35:00";;;;;;;
"371,63,6,doctor,""That side effect can occur, but let me know if it worsens."",text,,1,2026-08-21 05:14:00";;;;;;;
"372,63,298,patient,""I've been feeling better since the last visit, thank you."",file,https://cdn.example.md/uploads/msg_372.pdf,1,2026-08-21 08:11:00";;;;;;;
"373,64,24,doctor,""That side effect can occur, but let me know if it worsens."",image,https://cdn.example.md/uploads/msg_373.jpg,1,2026-08-17 01:38:00";;;;;;;
"374,64,24,doctor,""Thanks, I'll review the results and get back to you shortly."",text,,1,2026-08-17 03:25:00";;;;;;;
"375,64,37,patient,""I've been feeling better since the last visit, thank you."",text,,1,2026-08-17 04:17:00";;;;;;;
"376,64,37,patient,""Hello doctor, I wanted to ask about my recent symptoms."",file,https://cdn.example.md/uploads/msg_376.pdf,1,2026-08-17 07:02:00";;;;;;;
"377,64,24,doctor,""Hello, thanks for reaching out. Let's review your symptoms."",voice,https://cdn.example.md/uploads/msg_377.mp3,1,2026-08-17 07:48:00";;;;;;;
"378,64,24,doctor,""You're welcome, take care and reach out if anything changes."",text,,1,2026-08-17 09:06:00";;;;;;;
379,65,79,patient,Can we reschedule my next appointment?,voice,https://cdn.example.md/uploads/msg_379.mp3,1,2026-08-31 02:10:00;;;;;;;
380,65,27,doctor,Let's plan a follow-up in two weeks.,text,,1,2026-08-31 02:16:00;;;;;;;
"381,65,27,doctor,""Thanks, I'll review the results and get back to you shortly."",image,https://cdn.example.md/uploads/msg_381.jpg,1,2026-08-31 04:49:00";;;;;;;
"382,65,79,patient,""I uploaded my lab results, please check when you can."",voice,https://cdn.example.md/uploads/msg_382.mp3,1,2026-08-31 07:39:00";;;;;;;
383,65,79,patient,Could you clarify the dosage instructions?,voice,https://cdn.example.md/uploads/msg_383.mp3,1,2026-08-31 07:47:00;;;;;;;
384,66,368,patient,Is it okay to take this medication with food?,file,https://cdn.example.md/uploads/msg_384.pdf,1,2026-08-30 01:19:00;;;;;;;
"385,66,368,patient,""I uploaded my lab results, please check when you can."",text,,0,2026-08-30 04:13:00";;;;;;;
386,66,368,patient,Can we reschedule my next appointment?,text,,1,2026-08-30 07:03:00;;;;;;;
387,66,368,patient,Is this side effect normal?,image,https://cdn.example.md/uploads/msg_387.jpg,1,2026-08-30 09:51:00;;;;;;;
"388,66,39,doctor,""That's good to hear, keep up with the treatment plan."",text,,1,2026-08-30 11:01:00";;;;;;;
389,67,7,doctor,Take one tablet twice a day after meals.,voice,https://cdn.example.md/uploads/msg_389.mp3,1,2026-08-31 02:44:00;;;;;;;
390,67,296,patient,When should I come back for a follow-up?,text,,1,2026-08-31 05:18:00;;;;;;;
"391,67,7,doctor,""You're welcome, take care and reach out if anything changes."",text,,1,2026-08-31 06:42:00";;;;;;;
"392,67,7,doctor,""You're welcome, take care and reach out if anything changes."",voice,https://cdn.example.md/uploads/msg_392.mp3,1,2026-08-31 07:07:00";;;;;;;
"393,67,7,doctor,""Sure, I can move it to next week. What day works for you?"",file,https://cdn.example.md/uploads/msg_393.pdf,1,2026-08-31 08:19:00";;;;;;;
394,68,21,doctor,Take one tablet twice a day after meals.,voice,https://cdn.example.md/uploads/msg_394.mp3,1,2026-08-20 02:27:00;;;;;;;
"395,68,21,doctor,""That side effect can occur, but let me know if it worsens."",file,https://cdn.example.md/uploads/msg_395.pdf,1,2026-08-20 05:03:00";;;;;;;
"396,68,21,doctor,""That could be normal, but let's schedule a check-up to be safe."",file,https://cdn.example.md/uploads/msg_396.pdf,1,2026-08-20 05:18:00";;;;;;;
397,68,21,doctor,Take one tablet twice a day after meals.,image,https://cdn.example.md/uploads/msg_397.jpg,1,2026-08-20 07:52:00;;;;;;;
398,69,299,patient,Can we reschedule my next appointment?,text,,1,2026-08-24 00:07:00;;;;;;;
"399,69,299,patient,""Hello doctor, I wanted to ask about my recent symptoms."",image,https://cdn.example.md/uploads/msg_399.jpg,1,2026-08-24 02:36:00";;;;;;;
400,69,299,patient,Thank you for the consultation today.,text,,1,2026-08-24 03:48:00;;;;;;;
"401,69,34,doctor,""That could be normal, but let's schedule a check-up to be safe."",voice,https://cdn.example.md/uploads/msg_401.mp3,1,2026-08-24 06:09:00";;;;;;;
402,69,299,patient,When should I come back for a follow-up?,voice,https://cdn.example.md/uploads/msg_402.mp3,1,2026-08-24 06:29:00;;;;;;;
"403,69,34,doctor,""Sure, I can move it to next week. What day works for you?"",voice,https://cdn.example.md/uploads/msg_403.mp3,1,2026-08-24 08:31:00";;;;;;;
404,69,34,doctor,Let's plan a follow-up in two weeks.,voice,https://cdn.example.md/uploads/msg_404.mp3,1,2026-08-24 10:24:00;;;;;;;
"405,69,299,patient,""I uploaded my lab results, please check when you can."",text,,1,2026-08-24 11:39:00";;;;;;;
"406,70,259,patient,""Hello doctor, I wanted to ask about my recent symptoms."",voice,https://cdn.example.md/uploads/msg_406.mp3,1,2026-08-13 01:10:00";;;;;;;
407,70,259,patient,Could you clarify the dosage instructions?,file,https://cdn.example.md/uploads/msg_407.pdf,0,2026-08-13 03:09:00;;;;;;;
"408,70,18,doctor,""That side effect can occur, but let me know if it worsens."",text,,0,2026-08-13 05:14:00";;;;;;;
"409,70,18,doctor,""Thanks, I'll review the results and get back to you shortly."",image,https://cdn.example.md/uploads/msg_409.jpg,1,2026-08-13 06:45:00";;;;;;;
"410,70,18,doctor,""You're welcome, take care and reach out if anything changes."",text,,0,2026-08-13 09:23:00";;;;;;;
"411,70,18,doctor,""Sure, I can move it to next week. What day works for you?"",image,https://cdn.example.md/uploads/msg_411.jpg,0,2026-08-13 10:05:00";;;;;;;
"412,70,259,patient,""I've been feeling better since the last visit, thank you."",text,,1,2026-08-13 13:04:00";;;;;;;
"413,70,18,doctor,""You're welcome, take care and reach out if anything changes."",voice,https://cdn.example.md/uploads/msg_413.mp3,1,2026-08-13 15:04:00";;;;;;;
"414,71,6,doctor,""Hello, thanks for reaching out. Let's review your symptoms."",text,,0,2026-08-15 02:12:00";;;;;;;
"415,71,6,doctor,""Hello, thanks for reaching out. Let's review your symptoms."",text,,1,2026-08-15 03:06:00";;;;;;;
"416,71,6,doctor,""Hello, thanks for reaching out. Let's review your symptoms."",text,,1,2026-08-15 04:35:00";;;;;;;
"417,71,156,patient,""I've been feeling better since the last visit, thank you."",text,,1,2026-08-15 04:38:00";;;;;;;
"418,72,27,doctor,""That could be normal, but let's schedule a check-up to be safe."",text,,1,2026-08-21 01:26:00";;;;;;;
419,72,71,patient,Is it okay to take this medication with food?,image,https://cdn.example.md/uploads/msg_419.jpg,0,2026-08-21 03:24:00;;;;;;;
420,72,71,patient,Can we reschedule my next appointment?,text,,1,2026-08-21 04:05:00;;;;;;;
"421,72,71,patient,""I uploaded my lab results, please check when you can."",text,,1,2026-08-21 04:56:00";;;;;;;
"422,72,71,patient,""I've been feeling better since the last visit, thank you."",image,https://cdn.example.md/uploads/msg_422.jpg,1,2026-08-21 07:27:00";;;;;;;
423,72,71,patient,Is it okay to take this medication with food?,text,,1,2026-08-21 09:51:00;;;;;;;
424,72,71,patient,Can we reschedule my next appointment?,file,https://cdn.example.md/uploads/msg_424.pdf,1,2026-08-21 10:04:00;;;;;;;
425,72,27,doctor,Take one tablet twice a day after meals.,text,,1,2026-08-21 10:32:00;;;;;;;
"426,73,38,doctor,""Sure, I can move it to next week. What day works for you?"",image,https://cdn.example.md/uploads/msg_426.jpg,1,2026-08-15 02:29:00";;;;;;;
427,73,338,patient,Could you clarify the dosage instructions?,file,https://cdn.example.md/uploads/msg_427.pdf,0,2026-08-15 02:48:00;;;;;;;
"428,73,38,doctor,""You're welcome, take care and reach out if anything changes."",voice,https://cdn.example.md/uploads/msg_428.mp3,1,2026-08-15 05:38:00";;;;;;;
"429,73,38,doctor,""That side effect can occur, but let me know if it worsens."",text,,1,2026-08-15 07:47:00";;;;;;;
430,73,338,patient,Could you clarify the dosage instructions?,text,,1,2026-08-15 09:33:00;;;;;;;
"431,74,12,doctor,""You're welcome, take care and reach out if anything changes."",text,,1,2026-08-26 02:18:00";;;;;;;
432,74,22,patient,Thank you for the consultation today.,voice,https://cdn.example.md/uploads/msg_432.mp3,1,2026-08-26 03:37:00;;;;;;;
433,74,22,patient,Is it okay to take this medication with food?,voice,https://cdn.example.md/uploads/msg_433.mp3,1,2026-08-26 03:45:00;;;;;;;
434,74,12,doctor,Please continue the medication as prescribed and monitor for changes.,text,,1,2026-08-26 04:53:00;;;;;;;
"435,74,22,patient,""I uploaded my lab results, please check when you can."",text,,1,2026-08-26 05:44:00";;;;;;;
"436,74,22,patient,""I uploaded my lab results, please check when you can."",text,,1,2026-08-26 06:06:00";;;;;;;
437,74,22,patient,Thank you for the consultation today.,file,https://cdn.example.md/uploads/msg_437.pdf,1,2026-08-26 07:41:00;;;;;;;
438,74,22,patient,Can we reschedule my next appointment?,voice,https://cdn.example.md/uploads/msg_438.mp3,0,2026-08-26 10:02:00;;;;;;;
"439,75,6,doctor,""That could be normal, but let's schedule a check-up to be safe."",voice,https://cdn.example.md/uploads/msg_439.mp3,1,2026-09-01 02:19:00";;;;;;;
440,75,22,patient,Can we reschedule my next appointment?,voice,https://cdn.example.md/uploads/msg_440.mp3,0,2026-09-01 02:47:00;;;;;;;
"441,75,6,doctor,""You're welcome, take care and reach out if anything changes."",voice,https://cdn.example.md/uploads/msg_441.mp3,0,2026-09-01 05:12:00";;;;;;;
442,75,6,doctor,Take one tablet twice a day after meals.,image,https://cdn.example.md/uploads/msg_442.jpg,1,2026-09-01 06:55:00;;;;;;;
443,75,6,doctor,Take one tablet twice a day after meals.,image,https://cdn.example.md/uploads/msg_443.jpg,1,2026-09-01 08:46:00;;;;;;;
444,75,22,patient,Could you clarify the dosage instructions?,text,,1,2026-09-01 11:02:00;;;;;;;
"445,75,22,patient,""Hello doctor, I wanted to ask about my recent symptoms."",image,https://cdn.example.md/uploads/msg_445.jpg,1,2026-09-01 11:47:00";;;;;;;
446,75,22,patient,Is it okay to take this medication with food?,text,,1,2026-09-01 14:37:00;;;;;;;
"447,76,29,doctor,""That's good to hear, keep up with the treatment plan."",image,https://cdn.example.md/uploads/msg_447.jpg,1,2026-08-13 02:29:00";;;;;;;
448,76,188,patient,Is it okay to take this medication with food?,file,https://cdn.example.md/uploads/msg_448.pdf,1,2026-08-13 02:49:00;;;;;;;
"449,76,188,patient,""Hello doctor, I wanted to ask about my recent symptoms."",text,,1,2026-08-13 04:11:00";;;;;;;
450,76,29,doctor,Let's plan a follow-up in two weeks.,file,https://cdn.example.md/uploads/msg_450.pdf,1,2026-08-13 06:36:00;;;;;;;
"451,76,29,doctor,""That could be normal, but let's schedule a check-up to be safe."",text,,1,2026-08-13 09:31:00";;;;;;;
"452,77,25,doctor,""That could be normal, but let's schedule a check-up to be safe."",text,,1,2026-08-14 01:19:00";;;;;;;
"453,77,25,doctor,""That's good to hear, keep up with the treatment plan."",file,https://cdn.example.md/uploads/msg_453.pdf,1,2026-08-14 03:01:00";;;;;;;
454,77,266,patient,Thank you for the consultation today.,text,,1,2026-08-14 04:03:00;;;;;;;
455,77,25,doctor,Let's plan a follow-up in two weeks.,text,,1,2026-08-14 04:50:00;;;;;;;
456,78,104,patient,Can we reschedule my next appointment?,text,,1,2026-08-19 00:26:00;;;;;;;
"457,78,6,doctor,""Thanks, I'll review the results and get back to you shortly."",voice,https://cdn.example.md/uploads/msg_457.mp3,0,2026-08-19 00:27:00";;;;;;;
458,78,6,doctor,Please continue the medication as prescribed and monitor for changes.,file,https://cdn.example.md/uploads/msg_458.pdf,0,2026-08-19 01:54:00;;;;;;;
"459,78,104,patient,""I uploaded my lab results, please check when you can."",text,,1,2026-08-19 02:20:00";;;;;;;
"460,78,6,doctor,""Hello, thanks for reaching out. Let's review your symptoms."",text,,1,2026-08-19 03:41:00";;;;;;;
"461,78,104,patient,""I still have some pain, should I be concerned?"",image,https://cdn.example.md/uploads/msg_461.jpg,0,2026-08-19 05:11:00";;;;;;;
"462,79,24,doctor,""That could be normal, but let's schedule a check-up to be safe."",text,,1,2026-08-27 01:09:00";;;;;;;
"463,79,24,doctor,""That could be normal, but let's schedule a check-up to be safe."",text,,1,2026-08-27 01:27:00";;;;;;;
"464,79,237,patient,""I uploaded my lab results, please check when you can."",file,https://cdn.example.md/uploads/msg_464.pdf,1,2026-08-27 03:38:00";;;;;;;
"465,79,24,doctor,""You're welcome, take care and reach out if anything changes."",text,,0,2026-08-27 04:27:00";;;;;;;
466,80,388,patient,Thank you for the consultation today.,text,,0,2026-08-25 02:30:00;;;;;;;
"467,80,2,doctor,""That side effect can occur, but let me know if it worsens."",text,,1,2026-08-25 03:39:00";;;;;;;
468,80,2,doctor,Let's plan a follow-up in two weeks.,text,,1,2026-08-25 04:33:00;;;;;;;
469,80,388,patient,Is it okay to take this medication with food?,text,,1,2026-08-25 07:07:00;;;;;;;
"470,80,2,doctor,""You're welcome, take care and reach out if anything changes."",text,,0,2026-08-25 08:58:00";;;;;;;
"471,81,250,patient,""I've been feeling better since the last visit, thank you."",text,,1,2026-08-14 00:06:00";;;;;;;
472,81,5,doctor,Let's plan a follow-up in two weeks.,text,,1,2026-08-14 01:11:00;;;;;;;
473,81,250,patient,When should I come back for a follow-up?,voice,https://cdn.example.md/uploads/msg_473.mp3,1,2026-08-14 03:08:00;;;;;;;
"474,81,250,patient,""I've been feeling better since the last visit, thank you."",text,,1,2026-08-14 03:50:00";;;;;;;
"475,81,250,patient,""I still have some pain, should I be concerned?"",text,,1,2026-08-14 04:36:00";;;;;;;
"476,82,137,patient,""I've been feeling better since the last visit, thank you."",voice,https://cdn.example.md/uploads/msg_476.mp3,1,2026-08-30 00:46:00";;;;;;;
477,82,137,patient,Is it okay to take this medication with food?,text,,1,2026-08-30 01:46:00;;;;;;;
478,82,137,patient,Thank you for the consultation today.,text,,1,2026-08-30 04:25:00;;;;;;;
479,82,2,doctor,Take one tablet twice a day after meals.,text,,1,2026-08-30 05:22:00;;;;;;;
"480,82,2,doctor,""That's good to hear, keep up with the treatment plan."",file,https://cdn.example.md/uploads/msg_480.pdf,1,2026-08-30 06:13:00";;;;;;;
481,82,137,patient,Can we reschedule my next appointment?,image,https://cdn.example.md/uploads/msg_481.jpg,0,2026-08-30 08:28:00;;;;;;;
"482,82,137,patient,""Hello doctor, I wanted to ask about my recent symptoms."",text,,1,2026-08-30 10:01:00";;;;;;;
483,83,15,doctor,Let's plan a follow-up in two weeks.,image,https://cdn.example.md/uploads/msg_483.jpg,0,2026-08-13 02:43:00;;;;;;;
484,83,279,patient,Can we reschedule my next appointment?,image,https://cdn.example.md/uploads/msg_484.jpg,1,2026-08-13 03:41:00;;;;;;;
485,83,279,patient,When should I come back for a follow-up?,text,,0,2026-08-13 04:42:00;;;;;;;
"486,83,279,patient,""Hello doctor, I wanted to ask about my recent symptoms."",text,,1,2026-08-13 04:54:00";;;;;;;
487,83,15,doctor,Let's plan a follow-up in two weeks.,text,,0,2026-08-13 05:51:00;;;;;;;
488,83,279,patient,Is this side effect normal?,voice,https://cdn.example.md/uploads/msg_488.mp3,1,2026-08-13 08:42:00;;;;;;;
489,84,206,patient,Is this side effect normal?,image,https://cdn.example.md/uploads/msg_489.jpg,1,2026-08-30 02:22:00;;;;;;;
490,84,5,doctor,Take one tablet twice a day after meals.,text,,0,2026-08-30 04:23:00;;;;;;;
"491,84,5,doctor,""That could be normal, but let's schedule a check-up to be safe."",voice,https://cdn.example.md/uploads/msg_491.mp3,1,2026-08-30 05:27:00";;;;;;;
492,84,5,doctor,Please continue the medication as prescribed and monitor for changes.,file,https://cdn.example.md/uploads/msg_492.pdf,0,2026-08-30 07:05:00;;;;;;;
493,84,206,patient,Is it okay to take this medication with food?,text,,1,2026-08-30 07:10:00;;;;;;;
"494,84,206,patient,""I still have some pain, should I be concerned?"",text,,1,2026-08-30 09:16:00";;;;;;;
"495,84,5,doctor,""Thanks, I'll review the results and get back to you shortly."",text,,1,2026-08-30 11:09:00";;;;;;;
496,84,5,doctor,Take one tablet twice a day after meals.,image,https://cdn.example.md/uploads/msg_496.jpg,1,2026-08-30 11:32:00;;;;;;;
"497,85,337,patient,""Hello doctor, I wanted to ask about my recent symptoms."",text,,1,2026-09-01 02:42:00";;;;;;;
"498,85,8,doctor,""That's good to hear, keep up with the treatment plan."",voice,https://cdn.example.md/uploads/msg_498.mp3,0,2026-09-01 04:32:00";;;;;;;
499,85,8,doctor,Take one tablet twice a day after meals.,text,,1,2026-09-01 04:37:00;;;;;;;
"500,85,8,doctor,""Sure, I can move it to next week. What day works for you?"",text,,1,2026-09-01 06:15:00";;;;;;;
501,85,8,doctor,Let's plan a follow-up in two weeks.,text,,1,2026-09-01 06:17:00;;;;;;;
502,85,337,patient,Is this side effect normal?,image,https://cdn.example.md/uploads/msg_502.jpg,0,2026-09-01 08:12:00;;;;;;;
"503,85,8,doctor,""That could be normal, but let's schedule a check-up to be safe."",text,,1,2026-09-01 10:37:00";;;;;;;
504,85,337,patient,Is this side effect normal?,text,,0,2026-09-01 11:33:00;;;;;;;
"505,86,345,patient,""I uploaded my lab results, please check when you can."",voice,https://cdn.example.md/uploads/msg_505.mp3,0,2026-08-27 02:07:00";;;;;;;
"506,86,345,patient,""I've been feeling better since the last visit, thank you."",file,https://cdn.example.md/uploads/msg_506.pdf,1,2026-08-27 05:00:00";;;;;;;
"507,86,12,doctor,""Thanks, I'll review the results and get back to you shortly."",text,,1,2026-08-27 05:37:00";;;;;;;
"508,86,12,doctor,""That's good to hear, keep up with the treatment plan."",file,https://cdn.example.md/uploads/msg_508.pdf,0,2026-08-27 07:07:00";;;;;;;
509,86,345,patient,Can we reschedule my next appointment?,image,https://cdn.example.md/uploads/msg_509.jpg,1,2026-08-27 09:00:00;;;;;;;
510,86,345,patient,When should I come back for a follow-up?,image,https://cdn.example.md/uploads/msg_510.jpg,0,2026-08-27 10:47:00;;;;;;;
511,86,345,patient,When should I come back for a follow-up?,text,,1,2026-08-27 13:00:00;;;;;;;
"512,86,12,doctor,""That side effect can occur, but let me know if it worsens."",text,,1,2026-08-27 14:34:00";;;;;;;
513,87,362,patient,Is this side effect normal?,text,,1,2026-08-21 02:52:00;;;;;;;
"514,87,24,doctor,""Sure, I can move it to next week. What day works for you?"",text,,0,2026-08-21 05:10:00";;;;;;;
"515,87,24,doctor,""That's good to hear, keep up with the treatment plan."",text,,1,2026-08-21 06:58:00";;;;;;;
516,87,24,doctor,Take one tablet twice a day after meals.,file,https://cdn.example.md/uploads/msg_516.pdf,1,2026-08-21 09:35:00;;;;;;;
517,87,24,doctor,Let's plan a follow-up in two weeks.,image,https://cdn.example.md/uploads/msg_517.jpg,1,2026-08-21 12:07:00;;;;;;;
"518,87,24,doctor,""Hello, thanks for reaching out. Let's review your symptoms."",text,,1,2026-08-21 12:57:00";;;;;;;
"519,88,25,doctor,""That side effect can occur, but let me know if it worsens."",file,https://cdn.example.md/uploads/msg_519.pdf,0,2026-08-25 00:45:00";;;;;;;
520,88,220,patient,Thank you for the consultation today.,voice,https://cdn.example.md/uploads/msg_520.mp3,1,2026-08-25 02:42:00;;;;;;;
"521,88,25,doctor,""That's good to hear, keep up with the treatment plan."",image,https://cdn.example.md/uploads/msg_521.jpg,1,2026-08-25 03:16:00";;;;;;;
"522,88,25,doctor,""That's good to hear, keep up with the treatment plan."",file,https://cdn.example.md/uploads/msg_522.pdf,1,2026-08-25 04:58:00";;;;;;;
523,88,220,patient,Thank you for the consultation today.,file,https://cdn.example.md/uploads/msg_523.pdf,1,2026-08-25 06:48:00;;;;;;;
"524,88,25,doctor,""That could be normal, but let's schedule a check-up to be safe."",text,,1,2026-08-25 08:10:00";;;;;;;
"525,89,40,doctor,""Thanks, I'll review the results and get back to you shortly."",file,https://cdn.example.md/uploads/msg_525.pdf,0,2026-08-17 02:46:00";;;;;;;
526,89,40,doctor,Take one tablet twice a day after meals.,text,,1,2026-08-17 04:05:00;;;;;;;
527,89,56,patient,Is it okay to take this medication with food?,text,,1,2026-08-17 05:55:00;;;;;;;
528,89,56,patient,Thank you for the consultation today.,voice,https://cdn.example.md/uploads/msg_528.mp3,1,2026-08-17 08:18:00;;;;;;;
"529,89,40,doctor,""Thanks, I'll review the results and get back to you shortly."",text,,1,2026-08-17 10:32:00";;;;;;;
530,90,359,patient,Thank you for the consultation today.,text,,0,2026-08-28 00:43:00;;;;;;;
"531,90,18,doctor,""You're welcome, take care and reach out if anything changes."",text,,1,2026-08-28 02:04:00";;;;;;;
"532,90,18,doctor,""Thanks, I'll review the results and get back to you shortly."",text,,1,2026-08-28 04:06:00";;;;;;;
533,90,359,patient,Can we reschedule my next appointment?,text,,1,2026-08-28 04:57:00;;;;;;;
534,90,18,doctor,Please continue the medication as prescribed and monitor for changes.,file,https://cdn.example.md/uploads/msg_534.pdf,1,2026-08-28 06:36:00;;;;;;;
"535,90,18,doctor,""That could be normal, but let's schedule a check-up to be safe."",voice,https://cdn.example.md/uploads/msg_535.mp3,1,2026-08-28 08:58:00";;;;;;;
536,91,299,patient,Is it okay to take this medication with food?,file,https://cdn.example.md/uploads/msg_536.pdf,0,2026-09-01 02:22:00;;;;;;;
"537,91,20,doctor,""That could be normal, but let's schedule a check-up to be safe."",file,https://cdn.example.md/uploads/msg_537.pdf,1,2026-09-01 04:51:00";;;;;;;
538,91,299,patient,Could you clarify the dosage instructions?,text,,0,2026-09-01 07:07:00;;;;;;;
539,91,299,patient,Is it okay to take this medication with food?,text,,1,2026-09-01 10:04:00;;;;;;;
"540,91,20,doctor,""Sure, I can move it to next week. What day works for you?"",text,,0,2026-09-01 10:43:00";;;;;;;
"541,91,299,patient,""Hello doctor, I wanted to ask about my recent symptoms."",text,,1,2026-09-01 10:56:00";;;;;;;
"542,91,20,doctor,""That could be normal, but let's schedule a check-up to be safe."",text,,1,2026-09-01 11:42:00";;;;;;;
543,91,299,patient,Thank you for the consultation today.,file,https://cdn.example.md/uploads/msg_543.pdf,1,2026-09-01 13:42:00;;;;;;;
"544,92,37,doctor,""Sure, I can move it to next week. What day works for you?"",text,,1,2026-08-27 01:24:00";;;;;;;
"545,92,37,doctor,""You're welcome, take care and reach out if anything changes."",text,,1,2026-08-27 03:57:00";;;;;;;
"546,92,37,doctor,""You're welcome, take care and reach out if anything changes."",image,https://cdn.example.md/uploads/msg_546.jpg,1,2026-08-27 04:13:00";;;;;;;
"547,92,122,patient,""I still have some pain, should I be concerned?"",file,https://cdn.example.md/uploads/msg_547.pdf,0,2026-08-27 05:26:00";;;;;;;
"548,92,37,doctor,""Thanks, I'll review the results and get back to you shortly."",text,,1,2026-08-27 06:55:00";;;;;;;
549,92,122,patient,Can we reschedule my next appointment?,text,,1,2026-08-27 08:09:00;;;;;;;
"550,93,161,patient,""I still have some pain, should I be concerned?"",text,,1,2026-08-16 01:51:00";;;;;;;
"551,93,161,patient,""I still have some pain, should I be concerned?"",text,,1,2026-08-16 03:02:00";;;;;;;
552,93,39,doctor,Please continue the medication as prescribed and monitor for changes.,text,,0,2026-08-16 03:21:00;;;;;;;
"553,93,161,patient,""I still have some pain, should I be concerned?"",voice,https://cdn.example.md/uploads/msg_553.mp3,1,2026-08-16 05:29:00";;;;;;;
"554,93,39,doctor,""That side effect can occur, but let me know if it worsens."",file,https://cdn.example.md/uploads/msg_554.pdf,0,2026-08-16 07:13:00";;;;;;;
"555,93,39,doctor,""That could be normal, but let's schedule a check-up to be safe."",text,,1,2026-08-16 07:47:00";;;;;;;
"556,93,161,patient,""I still have some pain, should I be concerned?"",text,,1,2026-08-16 08:01:00";;;;;;;
557,94,25,doctor,Let's plan a follow-up in two weeks.,image,https://cdn.example.md/uploads/msg_557.jpg,1,2026-08-26 00:15:00;;;;;;;
"558,94,25,doctor,""You're welcome, take care and reach out if anything changes."",text,,1,2026-08-26 02:55:00";;;;;;;
"559,94,25,doctor,""Sure, I can move it to next week. What day works for you?"",text,,0,2026-08-26 05:13:00";;;;;;;
560,94,293,patient,Can we reschedule my next appointment?,text,,1,2026-08-26 06:07:00;;;;;;;
561,94,293,patient,When should I come back for a follow-up?,text,,0,2026-08-26 06:35:00;;;;;;;
"562,95,147,patient,""I still have some pain, should I be concerned?"",text,,0,2026-08-29 02:22:00";;;;;;;
563,95,147,patient,Could you clarify the dosage instructions?,image,https://cdn.example.md/uploads/msg_563.jpg,1,2026-08-29 03:06:00;;;;;;;
"564,95,147,patient,""Hello doctor, I wanted to ask about my recent symptoms."",voice,https://cdn.example.md/uploads/msg_564.mp3,0,2026-08-29 05:32:00";;;;;;;
"565,95,31,doctor,""You're welcome, take care and reach out if anything changes."",file,https://cdn.example.md/uploads/msg_565.pdf,1,2026-08-29 07:54:00";;;;;;;
"566,95,31,doctor,""That side effect can occur, but let me know if it worsens."",image,https://cdn.example.md/uploads/msg_566.jpg,1,2026-08-29 10:12:00";;;;;;;
567,95,147,patient,Thank you for the consultation today.,file,https://cdn.example.md/uploads/msg_567.pdf,1,2026-08-29 12:01:00;;;;;;;
568,96,366,patient,Can we reschedule my next appointment?,text,,0,2026-08-15 02:00:00;;;;;;;
569,96,366,patient,Could you clarify the dosage instructions?,image,https://cdn.example.md/uploads/msg_569.jpg,0,2026-08-15 02:26:00;;;;;;;
"570,96,23,doctor,""You're welcome, take care and reach out if anything changes."",image,https://cdn.example.md/uploads/msg_570.jpg,1,2026-08-15 04:18:00";;;;;;;
571,96,366,patient,Can we reschedule my next appointment?,text,,1,2026-08-15 04:59:00;;;;;;;
"572,96,23,doctor,""That could be normal, but let's schedule a check-up to be safe."",voice,https://cdn.example.md/uploads/msg_572.mp3,0,2026-08-15 05:23:00";;;;;;;
573,96,23,doctor,Let's plan a follow-up in two weeks.,text,,1,2026-08-15 06:36:00;;;;;;;
"574,97,31,doctor,""Hello, thanks for reaching out. Let's review your symptoms."",image,https://cdn.example.md/uploads/msg_574.jpg,0,2026-08-13 02:27:00";;;;;;;
"575,97,31,doctor,""Thanks, I'll review the results and get back to you shortly."",text,,1,2026-08-13 02:30:00";;;;;;;
576,97,31,doctor,Please continue the medication as prescribed and monitor for changes.,text,,1,2026-08-13 03:16:00;;;;;;;
"577,97,41,patient,""I've been feeling better since the last visit, thank you."",text,,1,2026-08-13 04:44:00";;;;;;;
578,98,33,patient,When should I come back for a follow-up?,text,,1,2026-08-13 01:58:00;;;;;;;
"579,98,5,doctor,""Thanks, I'll review the results and get back to you shortly."",text,,0,2026-08-13 02:20:00";;;;;;;
"580,98,5,doctor,""That side effect can occur, but let me know if it worsens."",image,https://cdn.example.md/uploads/msg_580.jpg,1,2026-08-13 03:04:00";;;;;;;
"581,98,5,doctor,""Sure, I can move it to next week. What day works for you?"",voice,https://cdn.example.md/uploads/msg_581.mp3,1,2026-08-13 04:26:00";;;;;;;
"582,98,5,doctor,""Thanks, I'll review the results and get back to you shortly."",text,,1,2026-08-13 05:22:00";;;;;;;
"583,99,9,doctor,""Hello, thanks for reaching out. Let's review your symptoms."",text,,1,2026-08-28 02:45:00";;;;;;;
584,99,88,patient,Could you clarify the dosage instructions?,text,,1,2026-08-28 03:08:00;;;;;;;
585,99,88,patient,Could you clarify the dosage instructions?,voice,https://cdn.example.md/uploads/msg_585.mp3,1,2026-08-28 04:08:00;;;;;;;
586,99,9,doctor,Take one tablet twice a day after meals.,voice,https://cdn.example.md/uploads/msg_586.mp3,1,2026-08-28 06:47:00;;;;;;;
"587,99,88,patient,""I uploaded my lab results, please check when you can."",text,,0,2026-08-28 07:05:00";;;;;;;
588,99,88,patient,Can we reschedule my next appointment?,voice,https://cdn.example.md/uploads/msg_588.mp3,1,2026-08-28 08:31:00;;;;;;;
"589,99,9,doctor,""You're welcome, take care and reach out if anything changes."",text,,0,2026-08-28 10:53:00";;;;;;;
"590,100,244,patient,""Hello doctor, I wanted to ask about my recent symptoms."",text,,1,2026-08-27 00:51:00";;;;;;;
"591,100,29,doctor,""Hello, thanks for reaching out. Let's review your symptoms."",text,,1,2026-08-27 01:33:00";;;;;;;
"592,100,29,doctor,""Hello, thanks for reaching out. Let's review your symptoms."",voice,https://cdn.example.md/uploads/msg_592.mp3,1,2026-08-27 03:45:00";;;;;;;
593,100,244,patient,Can we reschedule my next appointment?,image,https://cdn.example.md/uploads/msg_593.jpg,0,2026-08-27 04:58:00;;;;;;;
594,100,244,patient,Could you clarify the dosage instructions?,text,,1,2026-08-27 06:59:00;;;;;;;
"595,100,29,doctor,""Sure, I can move it to next week. What day works for you?"",voice,https://cdn.example.md/uploads/msg_595.mp3,1,2026-08-27 07:16:00";;;;;;;
"596,100,244,patient,""I've been feeling better since the last visit, thank you."",text,,1,2026-08-27 07:52:00";;;;;;;
597,100,244,patient,Thank you for the consultation today.,image,https://cdn.example.md/uploads/msg_597.jpg,1,2026-08-27 10:02:00;;;;;;;
"598,101,11,doctor,""Sure, I can move it to next week. What day works for you?"",voice,https://cdn.example.md/uploads/msg_598.mp3,1,2026-08-31 00:04:00";;;;;;;
599,101,84,patient,Is it okay to take this medication with food?,voice,https://cdn.example.md/uploads/msg_599.mp3,1,2026-08-31 01:36:00;;;;;;;
600,101,84,patient,Thank you for the consultation today.,file,https://cdn.example.md/uploads/msg_600.pdf,1,2026-08-31 04:11:00;;;;;;;
601,101,11,doctor,Let's plan a follow-up in two weeks.,text,,1,2026-08-31 04:27:00;;;;;;;
"602,101,84,patient,""Hello doctor, I wanted to ask about my recent symptoms."",image,https://cdn.example.md/uploads/msg_602.jpg,1,2026-08-31 06:21:00";;;;;;;
"603,101,11,doctor,""Sure, I can move it to next week. What day works for you?"",text,,1,2026-08-31 08:02:00";;;;;;;
"604,102,23,doctor,""That's good to hear, keep up with the treatment plan."",text,,1,2026-08-17 02:47:00";;;;;;;
"605,102,23,doctor,""Hello, thanks for reaching out. Let's review your symptoms."",text,,0,2026-08-17 05:06:00";;;;;;;
606,102,23,doctor,Take one tablet twice a day after meals.,file,https://cdn.example.md/uploads/msg_606.pdf,1,2026-08-17 05:28:00;;;;;;;
607,102,23,doctor,Take one tablet twice a day after meals.,text,,1,2026-08-17 07:19:00;;;;;;;
608,102,264,patient,When should I come back for a follow-up?,text,,1,2026-08-17 10:09:00;;;;;;;
"609,102,23,doctor,""Hello, thanks for reaching out. Let's review your symptoms."",voice,https://cdn.example.md/uploads/msg_609.mp3,1,2026-08-17 10:56:00";;;;;;;
"610,103,15,doctor,""That could be normal, but let's schedule a check-up to be safe."",image,https://cdn.example.md/uploads/msg_610.jpg,1,2026-08-15 00:37:00";;;;;;;
611,103,15,doctor,Let's plan a follow-up in two weeks.,text,,1,2026-08-15 01:36:00;;;;;;;
"612,103,15,doctor,""That side effect can occur, but let me know if it worsens."",text,,0,2026-08-15 02:51:00";;;;;;;
613,103,362,patient,Can we reschedule my next appointment?,text,,1,2026-08-15 05:14:00;;;;;;;
614,104,43,patient,Can we reschedule my next appointment?,text,,1,2026-08-17 01:15:00;;;;;;;
615,104,43,patient,Is it okay to take this medication with food?,text,,1,2026-08-17 03:30:00;;;;;;;
616,104,43,patient,Is it okay to take this medication with food?,text,,1,2026-08-17 04:59:00;;;;;;;
"617,104,33,doctor,""That side effect can occur, but let me know if it worsens."",text,,0,2026-08-17 06:02:00";;;;;;;
618,104,43,patient,When should I come back for a follow-up?,text,,0,2026-08-17 08:25:00;;;;;;;
619,105,49,patient,Is it okay to take this medication with food?,text,,0,2026-08-29 00:19:00;;;;;;;
"620,105,33,doctor,""Hello, thanks for reaching out. Let's review your symptoms."",text,,1,2026-08-29 02:56:00";;;;;;;
621,105,33,doctor,Let's plan a follow-up in two weeks.,text,,0,2026-08-29 04:51:00;;;;;;;
"622,105,49,patient,""Hello doctor, I wanted to ask about my recent symptoms."",text,,0,2026-08-29 06:46:00";;;;;;;
"623,105,33,doctor,""Thanks, I'll review the results and get back to you shortly."",text,,0,2026-08-29 08:26:00";;;;;;;
624,106,32,doctor,Take one tablet twice a day after meals.,text,,1,2026-08-28 02:51:00;;;;;;;
625,106,222,patient,Can we reschedule my next appointment?,text,,1,2026-08-28 03:35:00;;;;;;;
"626,106,222,patient,""Hello doctor, I wanted to ask about my recent symptoms."",text,,1,2026-08-28 04:14:00";;;;;;;
627,106,222,patient,Could you clarify the dosage instructions?,text,,1,2026-08-28 04:30:00;;;;;;;
628,106,32,doctor,Let's plan a follow-up in two weeks.,text,,1,2026-08-28 07:26:00;;;;;;;
"629,106,32,doctor,""Thanks, I'll review the results and get back to you shortly."",image,https://cdn.example.md/uploads/msg_629.jpg,0,2026-08-28 08:48:00";;;;;;;
630,106,32,doctor,Take one tablet twice a day after meals.,text,,1,2026-08-28 10:14:00;;;;;;;
"631,107,308,patient,""Hello doctor, I wanted to ask about my recent symptoms."",text,,1,2026-08-21 01:34:00";;;;;;;
"632,107,308,patient,""I still have some pain, should I be concerned?"",text,,1,2026-08-21 02:31:00";;;;;;;
"633,107,19,doctor,""Sure, I can move it to next week. What day works for you?"",image,https://cdn.example.md/uploads/msg_633.jpg,1,2026-08-21 03:40:00";;;;;;;
"634,107,19,doctor,""Thanks, I'll review the results and get back to you shortly."",voice,https://cdn.example.md/uploads/msg_634.mp3,1,2026-08-21 04:42:00";;;;;;;
"635,107,19,doctor,""That could be normal, but let's schedule a check-up to be safe."",voice,https://cdn.example.md/uploads/msg_635.mp3,1,2026-08-21 05:19:00";;;;;;;
636,107,308,patient,Thank you for the consultation today.,image,https://cdn.example.md/uploads/msg_636.jpg,0,2026-08-21 06:18:00;;;;;;;
637,107,308,patient,Can we reschedule my next appointment?,voice,https://cdn.example.md/uploads/msg_637.mp3,1,2026-08-21 07:56:00;;;;;;;
"638,108,18,doctor,""That side effect can occur, but let me know if it worsens."",text,,1,2026-08-31 00:12:00";;;;;;;
"639,108,49,patient,""Hello doctor, I wanted to ask about my recent symptoms."",text,,1,2026-08-31 02:34:00";;;;;;;
640,108,49,patient,Is it okay to take this medication with food?,voice,https://cdn.example.md/uploads/msg_640.mp3,1,2026-08-31 04:30:00;;;;;;;
641,108,49,patient,Is this side effect normal?,file,https://cdn.example.md/uploads/msg_641.pdf,1,2026-08-31 05:27:00;;;;;;;
642,108,18,doctor,Take one tablet twice a day after meals.,image,https://cdn.example.md/uploads/msg_642.jpg,1,2026-08-31 06:10:00;;;;;;;
643,108,49,patient,Can we reschedule my next appointment?,file,https://cdn.example.md/uploads/msg_643.pdf,1,2026-08-31 08:12:00;;;;;;;
644,108,18,doctor,Let's plan a follow-up in two weeks.,image,https://cdn.example.md/uploads/msg_644.jpg,1,2026-08-31 10:36:00;;;;;;;
645,108,18,doctor,Please continue the medication as prescribed and monitor for changes.,image,https://cdn.example.md/uploads/msg_645.jpg,0,2026-08-31 11:26:00;;;;;;;
646,109,29,patient,Thank you for the consultation today.,voice,https://cdn.example.md/uploads/msg_646.mp3,1,2026-08-28 02:44:00;;;;;;;
647,109,29,doctor,Let's plan a follow-up in two weeks.,text,,0,2026-08-28 05:38:00;;;;;;;
"648,109,29,doctor,""That side effect can occur, but let me know if it worsens."",voice,https://cdn.example.md/uploads/msg_648.mp3,1,2026-08-28 08:36:00";;;;;;;
"649,109,29,patient,""I still have some pain, should I be concerned?"",text,,1,2026-08-28 11:16:00";;;;;;;
"650,109,29,doctor,""You're welcome, take care and reach out if anything changes."",text,,1,2026-08-28 12:37:00";;;;;;;
651,109,29,patient,Is it okay to take this medication with food?,text,,1,2026-08-28 13:51:00;;;;;;;
"652,109,29,doctor,""Sure, I can move it to next week. What day works for you?"",text,,1,2026-08-28 15:26:00";;;;;;;
"653,109,29,doctor,""Sure, I can move it to next week. What day works for you?"",text,,1,2026-08-28 16:25:00";;;;;;;
654,110,388,patient,Is this side effect normal?,text,,1,2026-09-01 02:56:00;;;;;;;
655,110,388,patient,Is this side effect normal?,text,,1,2026-09-01 03:36:00;;;;;;;
656,110,388,patient,Can we reschedule my next appointment?,image,https://cdn.example.md/uploads/msg_656.jpg,0,2026-09-01 05:16:00;;;;;;;
"657,110,29,doctor,""That's good to hear, keep up with the treatment plan."",file,https://cdn.example.md/uploads/msg_657.pdf,1,2026-09-01 07:37:00";;;;;;;
658,110,388,patient,Is this side effect normal?,text,,0,2026-09-01 09:12:00;;;;;;;
659,110,29,doctor,Take one tablet twice a day after meals.,image,https://cdn.example.md/uploads/msg_659.jpg,1,2026-09-01 10:18:00;;;;;;;
660,110,29,doctor,Take one tablet twice a day after meals.,file,https://cdn.example.md/uploads/msg_660.pdf,0,2026-09-01 11:49:00;;;;;;;
"661,110,388,patient,""I still have some pain, should I be concerned?"",voice,https://cdn.example.md/uploads/msg_661.mp3,1,2026-09-01 12:58:00";;;;;;;
662,111,12,doctor,Take one tablet twice a day after meals.,voice,https://cdn.example.md/uploads/msg_662.mp3,1,2026-08-30 01:54:00;;;;;;;
663,111,12,doctor,Please continue the medication as prescribed and monitor for changes.,image,https://cdn.example.md/uploads/msg_663.jpg,1,2026-08-30 02:39:00;;;;;;;
"664,111,12,doctor,""That could be normal, but let's schedule a check-up to be safe."",image,https://cdn.example.md/uploads/msg_664.jpg,0,2026-08-30 03:41:00";;;;;;;
"665,111,12,doctor,""That side effect can occur, but let me know if it worsens."",file,https://cdn.example.md/uploads/msg_665.pdf,1,2026-08-30 05:20:00";;;;;;;
666,112,216,patient,Thank you for the consultation today.,image,https://cdn.example.md/uploads/msg_666.jpg,0,2026-08-13 02:45:00;;;;;;;
667,112,216,patient,Is it okay to take this medication with food?,text,,1,2026-08-13 04:04:00;;;;;;;
"668,112,9,doctor,""That could be normal, but let's schedule a check-up to be safe."",image,https://cdn.example.md/uploads/msg_668.jpg,1,2026-08-13 05:15:00";;;;;;;
"669,112,9,doctor,""You're welcome, take care and reach out if anything changes."",file,https://cdn.example.md/uploads/msg_669.pdf,1,2026-08-13 05:18:00";;;;;;;
"670,112,216,patient,""I still have some pain, should I be concerned?"",text,,1,2026-08-13 07:00:00";;;;;;;
"671,113,14,doctor,""That could be normal, but let's schedule a check-up to be safe."",voice,https://cdn.example.md/uploads/msg_671.mp3,1,2026-08-16 00:10:00";;;;;;;
"672,113,14,doctor,""You're welcome, take care and reach out if anything changes."",text,,1,2026-08-16 01:49:00";;;;;;;
"673,113,18,patient,""Hello doctor, I wanted to ask about my recent symptoms."",text,,1,2026-08-16 03:35:00";;;;;;;
674,113,18,patient,When should I come back for a follow-up?,text,,1,2026-08-16 06:10:00;;;;;;;
675,113,18,patient,When should I come back for a follow-up?,text,,1,2026-08-16 06:31:00;;;;;;;
"676,114,29,doctor,""You're welcome, take care and reach out if anything changes."",text,,0,2026-08-21 00:46:00";;;;;;;
"677,114,29,doctor,""Thanks, I'll review the results and get back to you shortly."",voice,https://cdn.example.md/uploads/msg_677.mp3,0,2026-08-21 01:31:00";;;;;;;
"678,114,29,doctor,""Thanks, I'll review the results and get back to you shortly."",image,https://cdn.example.md/uploads/msg_678.jpg,1,2026-08-21 02:06:00";;;;;;;
"679,114,29,doctor,""That side effect can occur, but let me know if it worsens."",text,,1,2026-08-21 02:44:00";;;;;;;
"680,114,29,doctor,""That side effect can occur, but let me know if it worsens."",image,https://cdn.example.md/uploads/msg_680.jpg,1,2026-08-21 04:47:00";;;;;;;
681,114,145,patient,Can we reschedule my next appointment?,text,,1,2026-08-21 05:04:00;;;;;;;
"682,114,145,patient,""Hello doctor, I wanted to ask about my recent symptoms."",voice,https://cdn.example.md/uploads/msg_682.mp3,1,2026-08-21 05:44:00";;;;;;;
683,114,145,patient,Is this side effect normal?,text,,1,2026-08-21 06:03:00;;;;;;;
"684,115,4,doctor,""Thanks, I'll review the results and get back to you shortly."",image,https://cdn.example.md/uploads/msg_684.jpg,0,2026-08-28 02:19:00";;;;;;;
685,115,4,doctor,Please continue the medication as prescribed and monitor for changes.,text,,0,2026-08-28 04:34:00;;;;;;;
686,115,399,patient,Is it okay to take this medication with food?,text,,1,2026-08-28 07:28:00;;;;;;;
687,115,399,patient,Is it okay to take this medication with food?,text,,1,2026-08-28 10:06:00;;;;;;;
"688,116,33,doctor,""Hello, thanks for reaching out. Let's review your symptoms."",file,https://cdn.example.md/uploads/msg_688.pdf,1,2026-08-15 02:54:00";;;;;;;
"689,116,33,doctor,""That could be normal, but let's schedule a check-up to be safe."",text,,1,2026-08-15 02:58:00";;;;;;;
690,116,281,patient,Can we reschedule my next appointment?,text,,1,2026-08-15 04:07:00;;;;;;;
"691,116,33,doctor,""Sure, I can move it to next week. What day works for you?"",text,,1,2026-08-15 06:59:00";;;;;;;
692,116,33,doctor,Please continue the medication as prescribed and monitor for changes.,text,,0,2026-08-15 08:32:00;;;;;;;
693,116,281,patient,When should I come back for a follow-up?,file,https://cdn.example.md/uploads/msg_693.pdf,1,2026-08-15 11:19:00;;;;;;;
"694,117,336,patient,""Hello doctor, I wanted to ask about my recent symptoms."",text,,1,2026-08-22 01:48:00";;;;;;;
"695,117,336,patient,""Hello doctor, I wanted to ask about my recent symptoms."",text,,0,2026-08-22 02:59:00";;;;;;;
"696,117,12,doctor,""Hello, thanks for reaching out. Let's review your symptoms."",text,,1,2026-08-22 05:23:00";;;;;;;
697,117,12,doctor,Please continue the medication as prescribed and monitor for changes.,image,https://cdn.example.md/uploads/msg_697.jpg,1,2026-08-22 08:05:00;;;;;;;
698,117,336,patient,Could you clarify the dosage instructions?,text,,1,2026-08-22 08:47:00;;;;;;;
699,117,12,doctor,Please continue the medication as prescribed and monitor for changes.,image,https://cdn.example.md/uploads/msg_699.jpg,1,2026-08-22 09:13:00;;;;;;;
700,118,8,doctor,Take one tablet twice a day after meals.,text,,0,2026-08-24 02:08:00;;;;;;;
"701,118,8,doctor,""That's good to hear, keep up with the treatment plan."",voice,https://cdn.example.md/uploads/msg_701.mp3,0,2026-08-24 03:03:00";;;;;;;
"702,118,193,patient,""Hello doctor, I wanted to ask about my recent symptoms."",voice,https://cdn.example.md/uploads/msg_702.mp3,0,2026-08-24 03:24:00";;;;;;;
703,118,193,patient,Is this side effect normal?,voice,https://cdn.example.md/uploads/msg_703.mp3,1,2026-08-24 03:37:00;;;;;;;
704,118,193,patient,Is it okay to take this medication with food?,image,https://cdn.example.md/uploads/msg_704.jpg,1,2026-08-24 05:54:00;;;;;;;
705,118,8,doctor,Please continue the medication as prescribed and monitor for changes.,image,https://cdn.example.md/uploads/msg_705.jpg,1,2026-08-24 07:36:00;;;;;;;
706,119,35,doctor,Take one tablet twice a day after meals.,text,,1,2026-09-01 02:25:00;;;;;;;
"707,119,247,patient,""I still have some pain, should I be concerned?"",text,,1,2026-09-01 03:22:00";;;;;;;
708,119,247,patient,Can we reschedule my next appointment?,voice,https://cdn.example.md/uploads/msg_708.mp3,1,2026-09-01 06:05:00;;;;;;;
"709,119,35,doctor,""Hello, thanks for reaching out. Let's review your symptoms."",image,https://cdn.example.md/uploads/msg_709.jpg,1,2026-09-01 08:36:00";;;;;;;
710,119,247,patient,Is this side effect normal?,text,,1,2026-09-01 08:51:00;;;;;;;
"711,119,247,patient,""I uploaded my lab results, please check when you can."",text,,1,2026-09-01 11:23:00";;;;;;;
"712,119,35,doctor,""You're welcome, take care and reach out if anything changes."",text,,1,2026-09-01 12:29:00";;;;;;;
713,120,166,patient,Is it okay to take this medication with food?,image,https://cdn.example.md/uploads/msg_713.jpg,1,2026-08-13 02:48:00;;;;;;;
714,120,166,patient,Could you clarify the dosage instructions?,text,,1,2026-08-13 04:10:00;;;;;;;
"715,120,166,patient,""Hello doctor, I wanted to ask about my recent symptoms."",voice,https://cdn.example.md/uploads/msg_715.mp3,1,2026-08-13 04:58:00";;;;;;;
"716,120,166,patient,""I uploaded my lab results, please check when you can."",file,https://cdn.example.md/uploads/msg_716.pdf,1,2026-08-13 06:12:00";;;;;;;
"717,120,166,patient,""I uploaded my lab results, please check when you can."",voice,https://cdn.example.md/uploads/msg_717.mp3,1,2026-08-13 07:31:00";;;;;;;
"718,121,293,patient,""I uploaded my lab results, please check when you can."",text,,1,2026-09-01 00:41:00";;;;;;;
719,121,11,doctor,Let's plan a follow-up in two weeks.,voice,https://cdn.example.md/uploads/msg_719.mp3,1,2026-09-01 02:08:00;;;;;;;
"720,121,293,patient,""I uploaded my lab results, please check when you can."",text,,0,2026-09-01 02:30:00";;;;;;;
"721,121,11,doctor,""Sure, I can move it to next week. What day works for you?"",image,https://cdn.example.md/uploads/msg_721.jpg,0,2026-09-01 04:38:00";;;;;;;
722,121,11,doctor,Please continue the medication as prescribed and monitor for changes.,voice,https://cdn.example.md/uploads/msg_722.mp3,1,2026-09-01 07:17:00;;;;;;;
723,121,11,doctor,Take one tablet twice a day after meals.,text,,1,2026-09-01 08:22:00;;;;;;;
724,121,293,patient,Is it okay to take this medication with food?,text,,1,2026-09-01 08:33:00;;;;;;;
"725,121,11,doctor,""Sure, I can move it to next week. What day works for you?"",file,https://cdn.example.md/uploads/msg_725.pdf,1,2026-09-01 09:00:00";;;;;;;
"726,122,10,doctor,""That could be normal, but let's schedule a check-up to be safe."",text,,1,2026-08-18 02:37:00";;;;;;;
"727,122,10,doctor,""That could be normal, but let's schedule a check-up to be safe."",image,https://cdn.example.md/uploads/msg_727.jpg,0,2026-08-18 05:30:00";;;;;;;
"728,122,10,doctor,""That could be normal, but let's schedule a check-up to be safe."",text,,1,2026-08-18 07:49:00";;;;;;;
"729,122,347,patient,""Hello doctor, I wanted to ask about my recent symptoms."",text,,0,2026-08-18 09:39:00";;;;;;;
730,122,347,patient,Thank you for the consultation today.,text,,1,2026-08-18 11:22:00;;;;;;;
"731,123,351,patient,""Hello doctor, I wanted to ask about my recent symptoms."",voice,https://cdn.example.md/uploads/msg_731.mp3,1,2026-08-30 01:40:00";;;;;;;
732,123,351,patient,When should I come back for a follow-up?,file,https://cdn.example.md/uploads/msg_732.pdf,0,2026-08-30 02:50:00;;;;;;;
733,123,351,patient,Is it okay to take this medication with food?,text,,1,2026-08-30 05:38:00;;;;;;;
"734,123,10,doctor,""Hello, thanks for reaching out. Let's review your symptoms."",voice,https://cdn.example.md/uploads/msg_734.mp3,1,2026-08-30 07:35:00";;;;;;;
"735,123,10,doctor,""That could be normal, but let's schedule a check-up to be safe."",image,https://cdn.example.md/uploads/msg_735.jpg,0,2026-08-30 08:09:00";;;;;;;
"736,123,10,doctor,""Hello, thanks for reaching out. Let's review your symptoms."",text,,1,2026-08-30 08:40:00";;;;;;;
"737,123,10,doctor,""That side effect can occur, but let me know if it worsens."",text,,1,2026-08-30 10:29:00";;;;;;;
"738,123,10,doctor,""That side effect can occur, but let me know if it worsens."",text,,0,2026-08-30 10:34:00";;;;;;;
739,124,117,patient,Thank you for the consultation today.,voice,https://cdn.example.md/uploads/msg_739.mp3,1,2026-08-22 00:34:00;;;;;;;
740,124,117,patient,Is it okay to take this medication with food?,text,,1,2026-08-22 02:06:00;;;;;;;
"741,124,117,patient,""I still have some pain, should I be concerned?"",file,https://cdn.example.md/uploads/msg_741.pdf,1,2026-08-22 04:38:00";;;;;;;
"742,124,117,patient,""I uploaded my lab results, please check when you can."",text,,1,2026-08-22 06:35:00";;;;;;;
"743,124,117,patient,""I've been feeling better since the last visit, thank you."",text,,1,2026-08-22 07:21:00";;;;;;;
744,124,117,patient,Is this side effect normal?,image,https://cdn.example.md/uploads/msg_744.jpg,0,2026-08-22 10:18:00;;;;;;;
745,125,47,patient,Thank you for the consultation today.,text,,1,2026-09-01 00:33:00;;;;;;;
746,125,47,patient,Thank you for the consultation today.,text,,1,2026-09-01 03:28:00;;;;;;;
747,125,47,patient,Can we reschedule my next appointment?,text,,0,2026-09-01 04:58:00;;;;;;;
"748,125,26,doctor,""Sure, I can move it to next week. What day works for you?"",image,https://cdn.example.md/uploads/msg_748.jpg,0,2026-09-01 05:31:00";;;;;;;
749,125,47,patient,Thank you for the consultation today.,text,,1,2026-09-01 07:56:00;;;;;;;
"750,125,26,doctor,""You're welcome, take care and reach out if anything changes."",file,https://cdn.example.md/uploads/msg_750.pdf,1,2026-09-01 08:35:00";;;;;;;
"751,125,26,doctor,""Thanks, I'll review the results and get back to you shortly."",text,,1,2026-09-01 09:17:00";;;;;;;
752,125,26,doctor,Take one tablet twice a day after meals.,text,,0,2026-09-01 10:03:00;;;;;;;
"753,126,24,doctor,""That could be normal, but let's schedule a check-up to be safe."",text,,1,2026-08-30 00:23:00";;;;;;;
"754,126,24,doctor,""Sure, I can move it to next week. What day works for you?"",text,,1,2026-08-30 02:09:00";;;;;;;
"755,126,259,patient,""Hello doctor, I wanted to ask about my recent symptoms."",text,,0,2026-08-30 04:33:00";;;;;;;
"756,126,259,patient,""Hello doctor, I wanted to ask about my recent symptoms."",text,,1,2026-08-30 05:28:00";;;;;;;
"757,126,24,doctor,""That side effect can occur, but let me know if it worsens."",text,,1,2026-08-30 08:07:00";;;;;;;
"758,126,24,doctor,""Thanks, I'll review the results and get back to you shortly."",text,,0,2026-08-30 09:49:00";;;;;;;
"759,126,24,doctor,""Hello, thanks for reaching out. Let's review your symptoms."",image,https://cdn.example.md/uploads/msg_759.jpg,1,2026-08-30 12:02:00";;;;;;;
760,127,308,patient,Thank you for the consultation today.,file,https://cdn.example.md/uploads/msg_760.pdf,1,2026-08-28 00:36:00;;;;;;;
"761,127,32,doctor,""That could be normal, but let's schedule a check-up to be safe."",text,,1,2026-08-28 01:24:00";;;;;;;
"762,127,308,patient,""I uploaded my lab results, please check when you can."",text,,1,2026-08-28 01:34:00";;;;;;;
763,127,32,doctor,Please continue the medication as prescribed and monitor for changes.,voice,https://cdn.example.md/uploads/msg_763.mp3,1,2026-08-28 03:46:00;;;;;;;
"764,127,32,doctor,""That side effect can occur, but let me know if it worsens."",text,,1,2026-08-28 06:36:00";;;;;;;
"765,127,32,doctor,""That could be normal, but let's schedule a check-up to be safe."",text,,1,2026-08-28 07:27:00";;;;;;;
766,127,32,doctor,Take one tablet twice a day after meals.,voice,https://cdn.example.md/uploads/msg_766.mp3,1,2026-08-28 07:39:00;;;;;;;
767,128,29,doctor,Let's plan a follow-up in two weeks.,voice,https://cdn.example.md/uploads/msg_767.mp3,1,2026-08-30 01:06:00;;;;;;;
"768,128,93,patient,""Hello doctor, I wanted to ask about my recent symptoms."",image,https://cdn.example.md/uploads/msg_768.jpg,1,2026-08-30 03:46:00";;;;;;;
769,128,93,patient,Can we reschedule my next appointment?,text,,0,2026-08-30 06:05:00;;;;;;;
770,128,29,doctor,Let's plan a follow-up in two weeks.,text,,1,2026-08-30 07:42:00;;;;;;;
"771,128,29,doctor,""You're welcome, take care and reach out if anything changes."",text,,1,2026-08-30 10:31:00";;;;;;;
772,128,93,patient,When should I come back for a follow-up?,text,,1,2026-08-30 11:43:00;;;;;;;
"773,128,93,patient,""I uploaded my lab results, please check when you can."",voice,https://cdn.example.md/uploads/msg_773.mp3,0,2026-08-30 13:49:00";;;;;;;
"774,128,93,patient,""I uploaded my lab results, please check when you can."",voice,https://cdn.example.md/uploads/msg_774.mp3,1,2026-08-30 15:07:00";;;;;;;
"775,129,30,doctor,""You're welcome, take care and reach out if anything changes."",text,,1,2026-08-25 00:35:00";;;;;;;
776,129,14,patient,When should I come back for a follow-up?,text,,0,2026-08-25 02:31:00;;;;;;;
"777,129,30,doctor,""That could be normal, but let's schedule a check-up to be safe."",text,,1,2026-08-25 04:05:00";;;;;;;
778,129,30,doctor,Let's plan a follow-up in two weeks.,image,https://cdn.example.md/uploads/msg_778.jpg,1,2026-08-25 04:19:00;;;;;;;
779,129,14,patient,Is this side effect normal?,voice,https://cdn.example.md/uploads/msg_779.mp3,1,2026-08-25 05:28:00;;;;;;;
"780,129,14,patient,""I still have some pain, should I be concerned?"",text,,1,2026-08-25 08:28:00";;;;;;;
"781,130,16,doctor,""Thanks, I'll review the results and get back to you shortly."",voice,https://cdn.example.md/uploads/msg_781.mp3,1,2026-08-25 00:38:00";;;;;;;
782,130,63,patient,When should I come back for a follow-up?,text,,1,2026-08-25 03:26:00;;;;;;;
"783,130,63,patient,""Hello doctor, I wanted to ask about my recent symptoms."",file,https://cdn.example.md/uploads/msg_783.pdf,0,2026-08-25 05:53:00";;;;;;;
"784,130,63,patient,""I still have some pain, should I be concerned?"",text,,1,2026-08-25 07:08:00";;;;;;;
"785,130,63,patient,""I still have some pain, should I be concerned?"",image,https://cdn.example.md/uploads/msg_785.jpg,1,2026-08-25 07:47:00";;;;;;;
"786,130,16,doctor,""That could be normal, but let's schedule a check-up to be safe."",text,,1,2026-08-25 09:51:00";;;;;;;
787,131,115,patient,When should I come back for a follow-up?,file,https://cdn.example.md/uploads/msg_787.pdf,1,2026-08-24 02:01:00;;;;;;;
788,131,115,patient,Could you clarify the dosage instructions?,text,,1,2026-08-24 02:51:00;;;;;;;
789,131,115,patient,Could you clarify the dosage instructions?,voice,https://cdn.example.md/uploads/msg_789.mp3,1,2026-08-24 05:00:00;;;;;;;
790,131,115,patient,Is this side effect normal?,voice,https://cdn.example.md/uploads/msg_790.mp3,1,2026-08-24 05:10:00;;;;;;;
791,131,3,doctor,Take one tablet twice a day after meals.,text,,1,2026-08-24 05:55:00;;;;;;;
"792,131,115,patient,""Hello doctor, I wanted to ask about my recent symptoms."",image,https://cdn.example.md/uploads/msg_792.jpg,1,2026-08-24 08:03:00";;;;;;;
"793,131,3,doctor,""Thanks, I'll review the results and get back to you shortly."",text,,1,2026-08-24 08:41:00";;;;;;;
"794,132,13,doctor,""Sure, I can move it to next week. What day works for you?"",file,https://cdn.example.md/uploads/msg_794.pdf,1,2026-08-13 01:09:00";;;;;;;
"795,132,13,doctor,""That could be normal, but let's schedule a check-up to be safe."",text,,1,2026-08-13 03:19:00";;;;;;;
796,132,292,patient,Thank you for the consultation today.,text,,1,2026-08-13 04:23:00;;;;;;;
"797,132,292,patient,""Hello doctor, I wanted to ask about my recent symptoms."",text,,0,2026-08-13 06:03:00";;;;;;;
798,133,23,doctor,Let's plan a follow-up in two weeks.,text,,1,2026-08-24 02:35:00;;;;;;;
"799,133,382,patient,""I still have some pain, should I be concerned?"",text,,1,2026-08-24 03:50:00";;;;;;;
800,133,23,doctor,Let's plan a follow-up in two weeks.,text,,1,2026-08-24 03:55:00;;;;;;;
"801,133,23,doctor,""Sure, I can move it to next week. What day works for you?"",file,https://cdn.example.md/uploads/msg_801.pdf,1,2026-08-24 06:47:00";;;;;;;
802,133,382,patient,When should I come back for a follow-up?,voice,https://cdn.example.md/uploads/msg_802.mp3,1,2026-08-24 07:22:00;;;;;;;
"803,134,155,patient,""I've been feeling better since the last visit, thank you."",voice,https://cdn.example.md/uploads/msg_803.mp3,1,2026-08-13 00:22:00";;;;;;;
804,134,155,patient,Is it okay to take this medication with food?,text,,1,2026-08-13 01:41:00;;;;;;;
"805,134,25,doctor,""That side effect can occur, but let me know if it worsens."",voice,https://cdn.example.md/uploads/msg_805.mp3,0,2026-08-13 04:16:00";;;;;;;
806,134,155,patient,Thank you for the consultation today.,text,,0,2026-08-13 04:33:00;;;;;;;
"807,135,370,patient,""I uploaded my lab results, please check when you can."",text,,1,2026-08-13 01:49:00";;;;;;;
808,135,370,patient,Could you clarify the dosage instructions?,file,https://cdn.example.md/uploads/msg_808.pdf,1,2026-08-13 03:55:00;;;;;;;
809,135,370,patient,Is it okay to take this medication with food?,text,,0,2026-08-13 05:31:00;;;;;;;
"810,135,370,patient,""Hello doctor, I wanted to ask about my recent symptoms."",text,,0,2026-08-13 07:13:00";;;;;;;
811,135,370,patient,Thank you for the consultation today.,image,https://cdn.example.md/uploads/msg_811.jpg,1,2026-08-13 07:28:00;;;;;;;
812,135,8,doctor,Please continue the medication as prescribed and monitor for changes.,image,https://cdn.example.md/uploads/msg_812.jpg,1,2026-08-13 07:49:00;;;;;;;
"813,136,24,doctor,""Thanks, I'll review the results and get back to you shortly."",text,,0,2026-08-29 02:26:00";;;;;;;
"814,136,24,doctor,""You're welcome, take care and reach out if anything changes."",file,https://cdn.example.md/uploads/msg_814.pdf,1,2026-08-29 03:03:00";;;;;;;
"815,136,24,doctor,""That side effect can occur, but let me know if it worsens."",text,,1,2026-08-29 04:04:00";;;;;;;
"816,136,49,patient,""I uploaded my lab results, please check when you can."",text,,1,2026-08-29 04:07:00";;;;;;;
"817,136,24,doctor,""That could be normal, but let's schedule a check-up to be safe."",image,https://cdn.example.md/uploads/msg_817.jpg,1,2026-08-29 05:23:00";;;;;;;
"818,136,24,doctor,""Sure, I can move it to next week. What day works for you?"",text,,0,2026-08-29 06:40:00";;;;;;;
"819,137,34,doctor,""Sure, I can move it to next week. What day works for you?"",voice,https://cdn.example.md/uploads/msg_819.mp3,1,2026-08-27 02:54:00";;;;;;;
820,137,31,patient,Could you clarify the dosage instructions?,text,,1,2026-08-27 04:22:00;;;;;;;
"821,137,31,patient,""Hello doctor, I wanted to ask about my recent symptoms."",text,,1,2026-08-27 06:22:00";;;;;;;
822,137,31,patient,Thank you for the consultation today.,text,,1,2026-08-27 08:19:00;;;;;;;
823,138,321,patient,Is it okay to take this medication with food?,text,,0,2026-08-14 02:21:00;;;;;;;
824,138,321,patient,Can we reschedule my next appointment?,text,,1,2026-08-14 03:06:00;;;;;;;
825,138,321,patient,Could you clarify the dosage instructions?,image,https://cdn.example.md/uploads/msg_825.jpg,1,2026-08-14 04:43:00;;;;;;;
826,138,26,doctor,Take one tablet twice a day after meals.,text,,0,2026-08-14 07:26:00;;;;;;;
827,139,9,patient,Can we reschedule my next appointment?,file,https://cdn.example.md/uploads/msg_827.pdf,1,2026-08-20 01:27:00;;;;;;;
828,139,9,patient,Could you clarify the dosage instructions?,text,,1,2026-08-20 03:36:00;;;;;;;
"829,139,9,patient,""I still have some pain, should I be concerned?"",file,https://cdn.example.md/uploads/msg_829.pdf,1,2026-08-20 04:46:00";;;;;;;
830,139,3,doctor,Let's plan a follow-up in two weeks.,text,,0,2026-08-20 07:26:00;;;;;;;
831,139,9,patient,Is it okay to take this medication with food?,text,,1,2026-08-20 07:29:00;;;;;;;
"832,140,8,doctor,""Hello, thanks for reaching out. Let's review your symptoms."",text,,0,2026-08-14 01:20:00";;;;;;;
"833,140,8,doctor,""That's good to hear, keep up with the treatment plan."",text,,1,2026-08-14 02:22:00";;;;;;;
"834,140,8,doctor,""That side effect can occur, but let me know if it worsens."",text,,0,2026-08-14 04:40:00";;;;;;;
835,140,8,doctor,Please continue the medication as prescribed and monitor for changes.,text,,1,2026-08-14 07:23:00;;;;;;;
836,140,269,patient,When should I come back for a follow-up?,voice,https://cdn.example.md/uploads/msg_836.mp3,0,2026-08-14 10:19:00;;;;;;;
"837,140,8,doctor,""You're welcome, take care and reach out if anything changes."",text,,0,2026-08-14 10:32:00";;;;;;;
"838,140,269,patient,""Hello doctor, I wanted to ask about my recent symptoms."",image,https://cdn.example.md/uploads/msg_838.jpg,0,2026-08-14 11:32:00";;;;;;;
839,141,124,patient,Thank you for the consultation today.,voice,https://cdn.example.md/uploads/msg_839.mp3,1,2026-08-22 01:47:00;;;;;;;
"840,141,24,doctor,""Thanks, I'll review the results and get back to you shortly."",text,,1,2026-08-22 04:29:00";;;;;;;
841,141,124,patient,Thank you for the consultation today.,file,https://cdn.example.md/uploads/msg_841.pdf,1,2026-08-22 05:39:00;;;;;;;
842,141,124,patient,Is this side effect normal?,text,,1,2026-08-22 07:19:00;;;;;;;
843,142,15,doctor,Let's plan a follow-up in two weeks.,text,,1,2026-08-30 02:45:00;;;;;;;
"844,142,15,doctor,""You're welcome, take care and reach out if anything changes."",file,https://cdn.example.md/uploads/msg_844.pdf,1,2026-08-30 04:09:00";;;;;;;
845,142,15,doctor,Please continue the medication as prescribed and monitor for changes.,text,,1,2026-08-30 07:00:00;;;;;;;
846,142,400,patient,Is it okay to take this medication with food?,text,,1,2026-08-30 09:22:00;;;;;;;
"847,143,37,doctor,""Thanks, I'll review the results and get back to you shortly."",text,,1,2026-08-28 01:19:00";;;;;;;
848,143,7,patient,Is this side effect normal?,text,,1,2026-08-28 02:51:00;;;;;;;
"849,143,7,patient,""I uploaded my lab results, please check when you can."",text,,1,2026-08-28 05:51:00";;;;;;;
850,143,7,patient,Thank you for the consultation today.,text,,1,2026-08-28 06:52:00;;;;;;;
851,143,7,patient,Thank you for the consultation today.,voice,https://cdn.example.md/uploads/msg_851.mp3,1,2026-08-28 08:37:00;;;;;;;
"852,143,37,doctor,""Sure, I can move it to next week. What day works for you?"",text,,0,2026-08-28 08:51:00";;;;;;;
"853,143,37,doctor,""Sure, I can move it to next week. What day works for you?"",text,,1,2026-08-28 10:29:00";;;;;;;
"854,144,256,patient,""I've been feeling better since the last visit, thank you."",text,,0,2026-08-22 00:02:00";;;;;;;
855,144,256,patient,Thank you for the consultation today.,image,https://cdn.example.md/uploads/msg_855.jpg,0,2026-08-22 00:52:00;;;;;;;
"856,144,8,doctor,""You're welcome, take care and reach out if anything changes."",voice,https://cdn.example.md/uploads/msg_856.mp3,1,2026-08-22 03:39:00";;;;;;;
"857,144,256,patient,""I uploaded my lab results, please check when you can."",text,,1,2026-08-22 04:59:00";;;;;;;
858,144,8,doctor,Please continue the medication as prescribed and monitor for changes.,voice,https://cdn.example.md/uploads/msg_858.mp3,1,2026-08-22 06:40:00;;;;;;;
"859,145,300,patient,""I still have some pain, should I be concerned?"",file,https://cdn.example.md/uploads/msg_859.pdf,0,2026-08-16 02:17:00";;;;;;;
860,145,300,patient,Can we reschedule my next appointment?,text,,1,2026-08-16 02:24:00;;;;;;;
861,145,300,patient,Could you clarify the dosage instructions?,file,https://cdn.example.md/uploads/msg_861.pdf,1,2026-08-16 03:38:00;;;;;;;
"862,145,11,doctor,""Sure, I can move it to next week. What day works for you?"",file,https://cdn.example.md/uploads/msg_862.pdf,1,2026-08-16 03:46:00";;;;;;;
863,145,300,patient,When should I come back for a follow-up?,image,https://cdn.example.md/uploads/msg_863.jpg,0,2026-08-16 04:31:00;;;;;;;
"864,146,12,doctor,""That could be normal, but let's schedule a check-up to be safe."",voice,https://cdn.example.md/uploads/msg_864.mp3,0,2026-09-01 00:16:00";;;;;;;
865,146,246,patient,Can we reschedule my next appointment?,file,https://cdn.example.md/uploads/msg_865.pdf,0,2026-09-01 02:03:00;;;;;;;
"866,146,246,patient,""Hello doctor, I wanted to ask about my recent symptoms."",image,https://cdn.example.md/uploads/msg_866.jpg,1,2026-09-01 03:41:00";;;;;;;
867,146,246,patient,Thank you for the consultation today.,text,,1,2026-09-01 05:18:00;;;;;;;
868,146,246,patient,Is this side effect normal?,text,,1,2026-09-01 07:18:00;;;;;;;
869,147,110,patient,Could you clarify the dosage instructions?,text,,1,2026-08-24 02:45:00;;;;;;;
870,147,3,doctor,Please continue the medication as prescribed and monitor for changes.,text,,1,2026-08-24 03:34:00;;;;;;;
"871,147,3,doctor,""That could be normal, but let's schedule a check-up to be safe."",file,https://cdn.example.md/uploads/msg_871.pdf,1,2026-08-24 04:23:00";;;;;;;
872,147,110,patient,Thank you for the consultation today.,file,https://cdn.example.md/uploads/msg_872.pdf,1,2026-08-24 05:29:00;;;;;;;
873,147,3,doctor,Let's plan a follow-up in two weeks.,text,,0,2026-08-24 06:29:00;;;;;;;
874,148,41,patient,Is it okay to take this medication with food?,image,https://cdn.example.md/uploads/msg_874.jpg,1,2026-08-15 00:06:00;;;;;;;
"875,148,41,patient,""I still have some pain, should I be concerned?"",file,https://cdn.example.md/uploads/msg_875.pdf,1,2026-08-15 00:22:00";;;;;;;
876,148,33,doctor,Let's plan a follow-up in two weeks.,voice,https://cdn.example.md/uploads/msg_876.mp3,1,2026-08-15 03:13:00;;;;;;;
877,148,41,patient,Thank you for the consultation today.,text,,1,2026-08-15 04:08:00;;;;;;;
878,148,41,patient,Is this side effect normal?,voice,https://cdn.example.md/uploads/msg_878.mp3,1,2026-08-15 04:12:00;;;;;;;
879,149,17,doctor,Let's plan a follow-up in two weeks.,text,,1,2026-08-24 02:25:00;;;;;;;
880,149,17,doctor,Please continue the medication as prescribed and monitor for changes.,voice,https://cdn.example.md/uploads/msg_880.mp3,0,2026-08-24 04:16:00;;;;;;;
881,149,356,patient,Could you clarify the dosage instructions?,image,https://cdn.example.md/uploads/msg_881.jpg,1,2026-08-24 04:37:00;;;;;;;
882,149,17,doctor,Please continue the medication as prescribed and monitor for changes.,text,,0,2026-08-24 07:33:00;;;;;;;
883,149,17,doctor,Please continue the medication as prescribed and monitor for changes.,file,https://cdn.example.md/uploads/msg_883.pdf,1,2026-08-24 09:57:00;;;;;;;
884,149,17,doctor,Let's plan a follow-up in two weeks.,text,,0,2026-08-24 11:41:00;;;;;;;
"885,149,17,doctor,""That could be normal, but let's schedule a check-up to be safe."",file,https://cdn.example.md/uploads/msg_885.pdf,1,2026-08-24 12:17:00";;;;;;;
886,150,187,patient,Could you clarify the dosage instructions?,text,,1,2026-08-27 02:55:00;;;;;;;
"887,150,36,doctor,""That side effect can occur, but let me know if it worsens."",image,https://cdn.example.md/uploads/msg_887.jpg,0,2026-08-27 03:50:00";;;;;;;
888,150,36,doctor,Let's plan a follow-up in two weeks.,text,,1,2026-08-27 06:25:00;;;;;;;
889,150,187,patient,Is this side effect normal?,voice,https://cdn.example.md/uploads/msg_889.mp3,1,2026-08-27 07:35:00;;;;;;;
890,150,36,doctor,Let's plan a follow-up in two weeks.,text,,1,2026-08-27 07:58:00;;;;;;;
"891,150,187,patient,""I uploaded my lab results, please check when you can."",voice,https://cdn.example.md/uploads/msg_891.mp3,0,2026-08-27 10:51:00";;;;;;;
892,151,335,patient,Is this side effect normal?,image,https://cdn.example.md/uploads/msg_892.jpg,1,2026-09-01 02:29:00;;;;;;;
893,151,335,patient,Could you clarify the dosage instructions?,text,,0,2026-09-01 03:28:00;;;;;;;
894,151,335,patient,Is it okay to take this medication with food?,image,https://cdn.example.md/uploads/msg_894.jpg,1,2026-09-01 04:23:00;;;;;;;
895,151,335,patient,Is it okay to take this medication with food?,image,https://cdn.example.md/uploads/msg_895.jpg,1,2026-09-01 07:14:00;;;;;;;
"896,151,335,patient,""I've been feeling better since the last visit, thank you."",voice,https://cdn.example.md/uploads/msg_896.mp3,1,2026-09-01 07:27:00";;;;;;;
897,151,31,doctor,Take one tablet twice a day after meals.,text,,1,2026-09-01 10:24:00;;;;;;;
898,151,31,doctor,Take one tablet twice a day after meals.,text,,1,2026-09-01 12:01:00;;;;;;;
"899,151,31,doctor,""Hello, thanks for reaching out. Let's review your symptoms."",text,,0,2026-09-01 13:29:00";;;;;;;
"900,152,40,doctor,""Sure, I can move it to next week. What day works for you?"",file,https://cdn.example.md/uploads/msg_900.pdf,1,2026-08-26 02:58:00";;;;;;;
"901,152,40,doctor,""That could be normal, but let's schedule a check-up to be safe."",voice,https://cdn.example.md/uploads/msg_901.mp3,1,2026-08-26 05:26:00";;;;;;;
"902,152,40,doctor,""Sure, I can move it to next week. What day works for you?"",text,,1,2026-08-26 06:47:00";;;;;;;
903,152,24,patient,Is it okay to take this medication with food?,file,https://cdn.example.md/uploads/msg_903.pdf,1,2026-08-26 07:56:00;;;;;;;
904,153,192,patient,Is it okay to take this medication with food?,text,,1,2026-08-25 02:38:00;;;;;;;
905,153,192,patient,Can we reschedule my next appointment?,voice,https://cdn.example.md/uploads/msg_905.mp3,0,2026-08-25 04:42:00;;;;;;;
"906,153,29,doctor,""Thanks, I'll review the results and get back to you shortly."",file,https://cdn.example.md/uploads/msg_906.pdf,1,2026-08-25 06:10:00";;;;;;;
"907,153,29,doctor,""You're welcome, take care and reach out if anything changes."",text,,1,2026-08-25 08:50:00";;;;;;;
"908,153,192,patient,""Hello doctor, I wanted to ask about my recent symptoms."",file,https://cdn.example.md/uploads/msg_908.pdf,0,2026-08-25 11:46:00";;;;;;;
"909,153,192,patient,""I still have some pain, should I be concerned?"",text,,1,2026-08-25 13:31:00";;;;;;;
"910,153,192,patient,""I still have some pain, should I be concerned?"",text,,1,2026-08-25 16:28:00";;;;;;;
911,154,4,patient,Thank you for the consultation today.,text,,1,2026-08-18 01:41:00;;;;;;;
"912,154,28,doctor,""That side effect can occur, but let me know if it worsens."",voice,https://cdn.example.md/uploads/msg_912.mp3,1,2026-08-18 02:26:00";;;;;;;
"913,154,28,doctor,""That's good to hear, keep up with the treatment plan."",text,,1,2026-08-18 02:51:00";;;;;;;
914,154,4,patient,Can we reschedule my next appointment?,voice,https://cdn.example.md/uploads/msg_914.mp3,1,2026-08-18 03:27:00;;;;;;;
915,154,4,patient,When should I come back for a follow-up?,image,https://cdn.example.md/uploads/msg_915.jpg,0,2026-08-18 05:21:00;;;;;;;
"916,155,20,doctor,""That's good to hear, keep up with the treatment plan."",text,,0,2026-08-27 02:42:00";;;;;;;
917,155,244,patient,Is it okay to take this medication with food?,image,https://cdn.example.md/uploads/msg_917.jpg,1,2026-08-27 02:50:00;;;;;;;
918,155,244,patient,Can we reschedule my next appointment?,text,,1,2026-08-27 04:14:00;;;;;;;
"919,155,20,doctor,""That side effect can occur, but let me know if it worsens."",file,https://cdn.example.md/uploads/msg_919.pdf,1,2026-08-27 06:40:00";;;;;;;
920,156,307,patient,Is it okay to take this medication with food?,text,,1,2026-08-19 00:17:00;;;;;;;
921,156,29,doctor,Let's plan a follow-up in two weeks.,text,,1,2026-08-19 01:37:00;;;;;;;
922,156,29,doctor,Take one tablet twice a day after meals.,text,,1,2026-08-19 02:41:00;;;;;;;
923,156,307,patient,Thank you for the consultation today.,text,,0,2026-08-19 03:35:00;;;;;;;
"924,156,307,patient,""Hello doctor, I wanted to ask about my recent symptoms."",image,https://cdn.example.md/uploads/msg_924.jpg,1,2026-08-19 06:28:00";;;;;;;
925,156,29,doctor,Let's plan a follow-up in two weeks.,image,https://cdn.example.md/uploads/msg_925.jpg,1,2026-08-19 09:23:00;;;;;;;
926,156,307,patient,Can we reschedule my next appointment?,voice,https://cdn.example.md/uploads/msg_926.mp3,0,2026-08-19 09:54:00;;;;;;;
927,157,24,doctor,Let's plan a follow-up in two weeks.,voice,https://cdn.example.md/uploads/msg_927.mp3,1,2026-08-29 01:42:00;;;;;;;
928,157,148,patient,Is it okay to take this medication with food?,text,,1,2026-08-29 04:26:00;;;;;;;
"929,157,148,patient,""Hello doctor, I wanted to ask about my recent symptoms."",text,,1,2026-08-29 06:11:00";;;;;;;
"930,157,24,doctor,""You're welcome, take care and reach out if anything changes."",voice,https://cdn.example.md/uploads/msg_930.mp3,1,2026-08-29 06:50:00";;;;;;;
"931,157,148,patient,""Hello doctor, I wanted to ask about my recent symptoms."",text,,1,2026-08-29 08:28:00";;;;;;;
"932,157,148,patient,""I uploaded my lab results, please check when you can."",voice,https://cdn.example.md/uploads/msg_932.mp3,0,2026-08-29 10:17:00";;;;;;;
933,158,398,patient,Is it okay to take this medication with food?,voice,https://cdn.example.md/uploads/msg_933.mp3,1,2026-08-18 01:24:00;;;;;;;
934,158,398,patient,Is this side effect normal?,voice,https://cdn.example.md/uploads/msg_934.mp3,1,2026-08-18 01:25:00;;;;;;;
935,158,16,doctor,Let's plan a follow-up in two weeks.,text,,1,2026-08-18 03:55:00;;;;;;;
"936,158,398,patient,""I still have some pain, should I be concerned?"",file,https://cdn.example.md/uploads/msg_936.pdf,1,2026-08-18 04:29:00";;;;;;;
937,158,398,patient,Can we reschedule my next appointment?,text,,0,2026-08-18 05:54:00;;;;;;;
"938,159,3,doctor,""That's good to hear, keep up with the treatment plan."",text,,0,2026-08-15 00:57:00";;;;;;;
"939,159,3,doctor,""Thanks, I'll review the results and get back to you shortly."",voice,https://cdn.example.md/uploads/msg_939.mp3,1,2026-08-15 03:42:00";;;;;;;
940,159,3,doctor,Please continue the medication as prescribed and monitor for changes.,image,https://cdn.example.md/uploads/msg_940.jpg,1,2026-08-15 06:03:00;;;;;;;
"941,159,3,doctor,""That could be normal, but let's schedule a check-up to be safe."",text,,0,2026-08-15 06:51:00";;;;;;;
942,159,108,patient,When should I come back for a follow-up?,voice,https://cdn.example.md/uploads/msg_942.mp3,0,2026-08-15 07:29:00;;;;;;;
943,160,372,patient,Is this side effect normal?,file,https://cdn.example.md/uploads/msg_943.pdf,1,2026-08-16 00:33:00;;;;;;;
944,160,2,doctor,Let's plan a follow-up in two weeks.,voice,https://cdn.example.md/uploads/msg_944.mp3,1,2026-08-16 02:49:00;;;;;;;
"945,160,2,doctor,""Sure, I can move it to next week. What day works for you?"",file,https://cdn.example.md/uploads/msg_945.pdf,1,2026-08-16 05:13:00";;;;;;;
946,160,372,patient,Is this side effect normal?,image,https://cdn.example.md/uploads/msg_946.jpg,1,2026-08-16 05:24:00;;;;;;;
947,161,392,patient,When should I come back for a follow-up?,image,https://cdn.example.md/uploads/msg_947.jpg,1,2026-08-28 02:13:00;;;;;;;
948,161,392,patient,Thank you for the consultation today.,text,,1,2026-08-28 04:57:00;;;;;;;
"949,161,35,doctor,""You're welcome, take care and reach out if anything changes."",image,https://cdn.example.md/uploads/msg_949.jpg,1,2026-08-28 05:07:00";;;;;;;
950,161,35,doctor,Please continue the medication as prescribed and monitor for changes.,text,,1,2026-08-28 06:25:00;;;;;;;
951,161,392,patient,Could you clarify the dosage instructions?,text,,0,2026-08-28 07:27:00;;;;;;;
"952,161,35,doctor,""Thanks, I'll review the results and get back to you shortly."",text,,1,2026-08-28 09:20:00";;;;;;;
"953,161,35,doctor,""Thanks, I'll review the results and get back to you shortly."",text,,1,2026-08-28 11:26:00";;;;;;;
954,162,11,doctor,Let's plan a follow-up in two weeks.,file,https://cdn.example.md/uploads/msg_954.pdf,1,2026-08-17 00:33:00;;;;;;;
"955,162,11,doctor,""Sure, I can move it to next week. What day works for you?"",text,,1,2026-08-17 01:22:00";;;;;;;
956,162,11,doctor,Take one tablet twice a day after meals.,text,,1,2026-08-17 02:08:00;;;;;;;
957,162,100,patient,Is it okay to take this medication with food?,text,,0,2026-08-17 03:56:00;;;;;;;
958,162,100,patient,Can we reschedule my next appointment?,voice,https://cdn.example.md/uploads/msg_958.mp3,1,2026-08-17 05:10:00;;;;;;;
"959,162,11,doctor,""Sure, I can move it to next week. What day works for you?"",image,https://cdn.example.md/uploads/msg_959.jpg,1,2026-08-17 05:24:00";;;;;;;
"960,162,11,doctor,""You're welcome, take care and reach out if anything changes."",text,,0,2026-08-17 08:19:00";;;;;;;
"961,163,292,patient,""I still have some pain, should I be concerned?"",file,https://cdn.example.md/uploads/msg_961.pdf,1,2026-08-22 02:37:00";;;;;;;
"962,163,22,doctor,""Hello, thanks for reaching out. Let's review your symptoms."",voice,https://cdn.example.md/uploads/msg_962.mp3,1,2026-08-22 04:52:00";;;;;;;
"963,163,22,doctor,""Sure, I can move it to next week. What day works for you?"",text,,0,2026-08-22 06:15:00";;;;;;;
"964,163,22,doctor,""That side effect can occur, but let me know if it worsens."",text,,0,2026-08-22 06:23:00";;;;;;;
"965,164,2,doctor,""That's good to hear, keep up with the treatment plan."",image,https://cdn.example.md/uploads/msg_965.jpg,1,2026-08-20 02:05:00";;;;;;;
966,164,2,doctor,Please continue the medication as prescribed and monitor for changes.,text,,1,2026-08-20 02:17:00;;;;;;;
"967,164,73,patient,""I uploaded my lab results, please check when you can."",image,https://cdn.example.md/uploads/msg_967.jpg,1,2026-08-20 02:47:00";;;;;;;
"968,164,2,doctor,""Hello, thanks for reaching out. Let's review your symptoms."",file,https://cdn.example.md/uploads/msg_968.pdf,0,2026-08-20 04:24:00";;;;;;;
"969,164,2,doctor,""Thanks, I'll review the results and get back to you shortly."",text,,1,2026-08-20 04:32:00";;;;;;;
"970,164,2,doctor,""You're welcome, take care and reach out if anything changes."",image,https://cdn.example.md/uploads/msg_970.jpg,1,2026-08-20 05:04:00";;;;;;;
"971,165,27,doctor,""That could be normal, but let's schedule a check-up to be safe."",voice,https://cdn.example.md/uploads/msg_971.mp3,0,2026-08-16 03:00:00";;;;;;;
972,165,177,patient,Could you clarify the dosage instructions?,file,https://cdn.example.md/uploads/msg_972.pdf,1,2026-08-16 03:51:00;;;;;;;
973,165,177,patient,Can we reschedule my next appointment?,text,,1,2026-08-16 06:43:00;;;;;;;
974,165,177,patient,When should I come back for a follow-up?,file,https://cdn.example.md/uploads/msg_974.pdf,0,2026-08-16 08:18:00;;;;;;;
975,166,172,patient,Thank you for the consultation today.,image,https://cdn.example.md/uploads/msg_975.jpg,1,2026-08-24 02:03:00;;;;;;;
976,166,3,doctor,Let's plan a follow-up in two weeks.,text,,1,2026-08-24 04:02:00;;;;;;;
977,166,172,patient,Thank you for the consultation today.,text,,1,2026-08-24 05:57:00;;;;;;;
"978,166,3,doctor,""That side effect can occur, but let me know if it worsens."",text,,1,2026-08-24 08:23:00";;;;;;;
"979,166,172,patient,""I still have some pain, should I be concerned?"",text,,0,2026-08-24 10:18:00";;;;;;;
980,166,172,patient,Is this side effect normal?,image,https://cdn.example.md/uploads/msg_980.jpg,1,2026-08-24 12:58:00;;;;;;;
981,166,3,doctor,Please continue the medication as prescribed and monitor for changes.,voice,https://cdn.example.md/uploads/msg_981.mp3,1,2026-08-24 14:58:00;;;;;;;
"982,166,3,doctor,""That side effect can occur, but let me know if it worsens."",text,,1,2026-08-24 15:51:00";;;;;;;
983,167,17,patient,Thank you for the consultation today.,text,,1,2026-09-01 01:47:00;;;;;;;
"984,167,23,doctor,""Thanks, I'll review the results and get back to you shortly."",text,,0,2026-09-01 03:18:00";;;;;;;
"985,167,23,doctor,""You're welcome, take care and reach out if anything changes."",file,https://cdn.example.md/uploads/msg_985.pdf,1,2026-09-01 03:46:00";;;;;;;
986,167,17,patient,Thank you for the consultation today.,voice,https://cdn.example.md/uploads/msg_986.mp3,0,2026-09-01 05:24:00;;;;;;;
"987,167,23,doctor,""Sure, I can move it to next week. What day works for you?"",text,,0,2026-09-01 06:25:00";;;;;;;
988,167,23,doctor,Let's plan a follow-up in two weeks.,voice,https://cdn.example.md/uploads/msg_988.mp3,1,2026-09-01 08:57:00;;;;;;;
"989,167,17,patient,""Hello doctor, I wanted to ask about my recent symptoms."",image,https://cdn.example.md/uploads/msg_989.jpg,1,2026-09-01 11:56:00";;;;;;;
"990,168,32,doctor,""That's good to hear, keep up with the treatment plan."",image,https://cdn.example.md/uploads/msg_990.jpg,1,2026-08-22 00:10:00";;;;;;;
991,168,341,patient,Thank you for the consultation today.,image,https://cdn.example.md/uploads/msg_991.jpg,1,2026-08-22 02:25:00;;;;;;;
"992,168,32,doctor,""Hello, thanks for reaching out. Let's review your symptoms."",text,,0,2026-08-22 04:33:00";;;;;;;
993,168,341,patient,Is it okay to take this medication with food?,text,,1,2026-08-22 07:19:00;;;;;;;
994,169,30,doctor,Take one tablet twice a day after meals.,image,https://cdn.example.md/uploads/msg_994.jpg,1,2026-08-23 00:52:00;;;;;;;
995,169,30,doctor,Please continue the medication as prescribed and monitor for changes.,text,,1,2026-08-23 01:14:00;;;;;;;
"996,169,63,patient,""I've been feeling better since the last visit, thank you."",file,https://cdn.example.md/uploads/msg_996.pdf,0,2026-08-23 03:32:00";;;;;;;
997,169,30,doctor,Please continue the medication as prescribed and monitor for changes.,text,,1,2026-08-23 04:51:00;;;;;;;
998,169,30,doctor,Let's plan a follow-up in two weeks.,text,,1,2026-08-23 05:30:00;;;;;;;
"999,169,30,doctor,""That side effect can occur, but let me know if it worsens."",text,,1,2026-08-23 08:12:00";;;;;;;
1000,169,63,patient,Is this side effect normal?,text,,0,2026-08-23 08:39:00;;;;;;;
1001,170,263,patient,Is this side effect normal?,text,,0,2026-08-21 01:51:00;;;;;;;
1002,170,37,doctor,Please continue the medication as prescribed and monitor for changes.,text,,1,2026-08-21 04:00:00;;;;;;;
1003,170,263,patient,Could you clarify the dosage instructions?,text,,1,2026-08-21 05:54:00;;;;;;;
1004,170,263,patient,When should I come back for a follow-up?,text,,1,2026-08-21 08:23:00;;;;;;;
"1005,170,263,patient,""I still have some pain, should I be concerned?"",image,https://cdn.example.md/uploads/msg_1005.jpg,0,2026-08-21 09:27:00";;;;;;;
"1006,170,263,patient,""I still have some pain, should I be concerned?"",text,,1,2026-08-21 10:44:00";;;;;;;
"1007,170,263,patient,""I still have some pain, should I be concerned?"",voice,https://cdn.example.md/uploads/msg_1007.mp3,1,2026-08-21 12:02:00";;;;;;;
"1008,170,263,patient,""Hello doctor, I wanted to ask about my recent symptoms."",voice,https://cdn.example.md/uploads/msg_1008.mp3,1,2026-08-21 12:15:00";;;;;;;
"1009,171,281,patient,""I still have some pain, should I be concerned?"",text,,1,2026-08-13 01:25:00";;;;;;;
1010,171,281,patient,Is it okay to take this medication with food?,text,,0,2026-08-13 02:31:00;;;;;;;
"1011,171,281,patient,""I've been feeling better since the last visit, thank you."",text,,1,2026-08-13 03:13:00";;;;;;;
"1012,171,27,doctor,""Sure, I can move it to next week. What day works for you?"",voice,https://cdn.example.md/uploads/msg_1012.mp3,1,2026-08-13 03:21:00";;;;;;;
1013,171,281,patient,Is this side effect normal?,text,,1,2026-08-13 03:25:00;;;;;;;
1014,171,281,patient,Is this side effect normal?,text,,1,2026-08-13 05:32:00;;;;;;;
1015,171,281,patient,Can we reschedule my next appointment?,text,,1,2026-08-13 07:59:00;;;;;;;
1016,172,102,patient,Is this side effect normal?,text,,1,2026-08-23 00:06:00;;;;;;;
"1017,172,35,doctor,""That could be normal, but let's schedule a check-up to be safe."",voice,https://cdn.example.md/uploads/msg_1017.mp3,1,2026-08-23 02:37:00";;;;;;;
1018,172,102,patient,When should I come back for a follow-up?,text,,1,2026-08-23 04:04:00;;;;;;;
"1019,172,35,doctor,""Sure, I can move it to next week. What day works for you?"",text,,0,2026-08-23 06:20:00";;;;;;;
1020,172,102,patient,Could you clarify the dosage instructions?,text,,0,2026-08-23 08:44:00;;;;;;;
1021,172,102,patient,Is this side effect normal?,text,,1,2026-08-23 08:50:00;;;;;;;
"1022,173,9,doctor,""That side effect can occur, but let me know if it worsens."",voice,https://cdn.example.md/uploads/msg_1022.mp3,1,2026-08-27 01:10:00";;;;;;;
"1023,173,9,doctor,""Sure, I can move it to next week. What day works for you?"",text,,1,2026-08-27 02:54:00";;;;;;;
"1024,173,9,doctor,""You're welcome, take care and reach out if anything changes."",image,https://cdn.example.md/uploads/msg_1024.jpg,1,2026-08-27 04:36:00";;;;;;;
"1025,173,9,doctor,""That side effect can occur, but let me know if it worsens."",file,https://cdn.example.md/uploads/msg_1025.pdf,1,2026-08-27 06:12:00";;;;;;;
1026,173,74,patient,Is this side effect normal?,voice,https://cdn.example.md/uploads/msg_1026.mp3,1,2026-08-27 08:30:00;;;;;;;
"1027,174,39,doctor,""That could be normal, but let's schedule a check-up to be safe."",text,,1,2026-08-22 01:59:00";;;;;;;
"1028,174,39,doctor,""You're welcome, take care and reach out if anything changes."",voice,https://cdn.example.md/uploads/msg_1028.mp3,1,2026-08-22 04:40:00";;;;;;;
"1029,174,39,doctor,""That side effect can occur, but let me know if it worsens."",text,,1,2026-08-22 06:43:00";;;;;;;
"1030,174,39,doctor,""That could be normal, but let's schedule a check-up to be safe."",text,,1,2026-08-22 07:59:00";;;;;;;
1031,174,39,doctor,Take one tablet twice a day after meals.,voice,https://cdn.example.md/uploads/msg_1031.mp3,1,2026-08-22 09:39:00;;;;;;;
"1032,174,39,doctor,""Sure, I can move it to next week. What day works for you?"",text,,1,2026-08-22 10:44:00";;;;;;;
"1033,174,394,patient,""I've been feeling better since the last visit, thank you."",text,,1,2026-08-22 12:34:00";;;;;;;
1034,175,14,doctor,Please continue the medication as prescribed and monitor for changes.,text,,1,2026-08-15 00:37:00;;;;;;;
1035,175,14,doctor,Please continue the medication as prescribed and monitor for changes.,voice,https://cdn.example.md/uploads/msg_1035.mp3,0,2026-08-15 02:59:00;;;;;;;
1036,175,42,patient,Is this side effect normal?,file,https://cdn.example.md/uploads/msg_1036.pdf,1,2026-08-15 03:48:00;;;;;;;
1037,175,42,patient,Can we reschedule my next appointment?,file,https://cdn.example.md/uploads/msg_1037.pdf,0,2026-08-15 05:16:00;;;;;;;
"1038,176,25,doctor,""That's good to hear, keep up with the treatment plan."",text,,0,2026-08-13 00:30:00";;;;;;;
1039,176,351,patient,Could you clarify the dosage instructions?,text,,0,2026-08-13 01:16:00;;;;;;;
"1040,176,25,doctor,""Thanks, I'll review the results and get back to you shortly."",text,,1,2026-08-13 01:23:00";;;;;;;
"1041,176,351,patient,""I still have some pain, should I be concerned?"",text,,1,2026-08-13 01:29:00";;;;;;;
"1042,176,25,doctor,""Sure, I can move it to next week. What day works for you?"",file,https://cdn.example.md/uploads/msg_1042.pdf,1,2026-08-13 03:28:00";;;;;;;
"1043,177,29,doctor,""That could be normal, but let's schedule a check-up to be safe."",file,https://cdn.example.md/uploads/msg_1043.pdf,0,2026-08-20 02:37:00";;;;;;;
"1044,177,29,doctor,""Thanks, I'll review the results and get back to you shortly."",text,,0,2026-08-20 02:41:00";;;;;;;
"1045,177,386,patient,""I uploaded my lab results, please check when you can."",text,,1,2026-08-20 03:28:00";;;;;;;
"1046,177,386,patient,""I've been feeling better since the last visit, thank you."",image,https://cdn.example.md/uploads/msg_1046.jpg,0,2026-08-20 04:01:00";;;;;;;
1047,178,7,doctor,Let's plan a follow-up in two weeks.,file,https://cdn.example.md/uploads/msg_1047.pdf,1,2026-09-01 02:06:00;;;;;;;
"1048,178,7,doctor,""Hello, thanks for reaching out. Let's review your symptoms."",image,https://cdn.example.md/uploads/msg_1048.jpg,1,2026-09-01 04:41:00";;;;;;;
1049,178,213,patient,Could you clarify the dosage instructions?,text,,1,2026-09-01 05:16:00;;;;;;;
1050,178,213,patient,Is it okay to take this medication with food?,file,https://cdn.example.md/uploads/msg_1050.pdf,1,2026-09-01 06:17:00;;;;;;;
"1051,178,7,doctor,""That's good to hear, keep up with the treatment plan."",text,,1,2026-09-01 09:17:00";;;;;;;
1052,178,213,patient,Could you clarify the dosage instructions?,text,,1,2026-09-01 09:29:00;;;;;;;
1053,178,7,doctor,Let's plan a follow-up in two weeks.,text,,1,2026-09-01 10:22:00;;;;;;;
1054,179,98,patient,When should I come back for a follow-up?,image,https://cdn.example.md/uploads/msg_1054.jpg,1,2026-08-25 02:55:00;;;;;;;
1055,179,98,patient,Is it okay to take this medication with food?,text,,1,2026-08-25 05:09:00;;;;;;;
1056,179,22,doctor,Take one tablet twice a day after meals.,text,,1,2026-08-25 06:11:00;;;;;;;
1057,179,98,patient,Can we reschedule my next appointment?,file,https://cdn.example.md/uploads/msg_1057.pdf,1,2026-08-25 06:29:00;;;;;;;
"1058,180,221,patient,""I've been feeling better since the last visit, thank you."",text,,0,2026-08-30 01:12:00";;;;;;;
1059,180,221,patient,Can we reschedule my next appointment?,file,https://cdn.example.md/uploads/msg_1059.pdf,1,2026-08-30 03:44:00;;;;;;;
1060,180,32,doctor,Please continue the medication as prescribed and monitor for changes.,text,,1,2026-08-30 04:37:00;;;;;;;
"1061,180,221,patient,""I've been feeling better since the last visit, thank you."",text,,0,2026-08-30 05:02:00";;;;;;;
1062,181,153,patient,Thank you for the consultation today.,text,,1,2026-08-24 01:20:00;;;;;;;
"1063,181,153,patient,""I've been feeling better since the last visit, thank you."",text,,0,2026-08-24 03:24:00";;;;;;;
1064,181,7,doctor,Please continue the medication as prescribed and monitor for changes.,file,https://cdn.example.md/uploads/msg_1064.pdf,0,2026-08-24 03:32:00;;;;;;;
1065,181,153,patient,Could you clarify the dosage instructions?,text,,0,2026-08-24 06:18:00;;;;;;;
1066,182,362,patient,Is this side effect normal?,voice,https://cdn.example.md/uploads/msg_1066.mp3,1,2026-08-21 02:02:00;;;;;;;
1067,182,362,patient,Is this side effect normal?,image,https://cdn.example.md/uploads/msg_1067.jpg,1,2026-08-21 04:23:00;;;;;;;
1068,182,362,patient,Is it okay to take this medication with food?,file,https://cdn.example.md/uploads/msg_1068.pdf,0,2026-08-21 05:39:00;;;;;;;
1069,182,362,patient,Thank you for the consultation today.,text,,0,2026-08-21 06:50:00;;;;;;;
"1070,182,5,doctor,""Hello, thanks for reaching out. Let's review your symptoms."",text,,1,2026-08-21 07:48:00";;;;;;;
1071,183,25,doctor,Take one tablet twice a day after meals.,text,,1,2026-08-28 01:41:00;;;;;;;
1072,183,131,patient,When should I come back for a follow-up?,file,https://cdn.example.md/uploads/msg_1072.pdf,1,2026-08-28 03:30:00;;;;;;;
"1073,183,131,patient,""Hello doctor, I wanted to ask about my recent symptoms."",text,,0,2026-08-28 06:14:00";;;;;;;
"1074,183,25,doctor,""That side effect can occur, but let me know if it worsens."",text,,1,2026-08-28 08:30:00";;;;;;;
"1075,183,25,doctor,""Hello, thanks for reaching out. Let's review your symptoms."",text,,1,2026-08-28 10:21:00";;;;;;;
1076,183,131,patient,Thank you for the consultation today.,text,,1,2026-08-28 12:17:00;;;;;;;
"1077,183,25,doctor,""You're welcome, take care and reach out if anything changes."",text,,0,2026-08-28 13:02:00";;;;;;;
"1078,184,28,doctor,""Hello, thanks for reaching out. Let's review your symptoms."",text,,1,2026-08-24 00:25:00";;;;;;;
1079,184,365,patient,Could you clarify the dosage instructions?,text,,1,2026-08-24 03:12:00;;;;;;;
"1080,184,28,doctor,""Sure, I can move it to next week. What day works for you?"",text,,1,2026-08-24 03:28:00";;;;;;;
1081,184,365,patient,Is it okay to take this medication with food?,file,https://cdn.example.md/uploads/msg_1081.pdf,1,2026-08-24 06:15:00;;;;;;;
1082,184,28,doctor,Let's plan a follow-up in two weeks.,text,,1,2026-08-24 08:41:00;;;;;;;
1083,184,28,doctor,Let's plan a follow-up in two weeks.,text,,1,2026-08-24 10:23:00;;;;;;;
"1084,184,28,doctor,""Thanks, I'll review the results and get back to you shortly."",image,https://cdn.example.md/uploads/msg_1084.jpg,0,2026-08-24 12:13:00";;;;;;;
1085,184,28,doctor,Please continue the medication as prescribed and monitor for changes.,voice,https://cdn.example.md/uploads/msg_1085.mp3,1,2026-08-24 13:40:00;;;;;;;
1086,185,15,doctor,Please continue the medication as prescribed and monitor for changes.,file,https://cdn.example.md/uploads/msg_1086.pdf,1,2026-08-31 00:47:00;;;;;;;
1087,185,362,patient,Is this side effect normal?,file,https://cdn.example.md/uploads/msg_1087.pdf,1,2026-08-31 03:39:00;;;;;;;
1088,185,362,patient,Thank you for the consultation today.,text,,1,2026-08-31 05:11:00;;;;;;;
"1089,185,15,doctor,""Sure, I can move it to next week. What day works for you?"",text,,1,2026-08-31 05:41:00";;;;;;;
1090,185,362,patient,Thank you for the consultation today.,voice,https://cdn.example.md/uploads/msg_1090.mp3,1,2026-08-31 07:34:00;;;;;;;
1091,185,15,doctor,Please continue the medication as prescribed and monitor for changes.,text,,0,2026-08-31 08:44:00;;;;;;;
"1092,185,15,doctor,""That's good to hear, keep up with the treatment plan."",text,,1,2026-08-31 11:43:00";;;;;;;
1093,185,362,patient,Thank you for the consultation today.,text,,0,2026-08-31 12:03:00;;;;;;;
"1094,186,364,patient,""Hello doctor, I wanted to ask about my recent symptoms."",text,,1,2026-08-24 00:25:00";;;;;;;
1095,186,364,patient,Can we reschedule my next appointment?,image,https://cdn.example.md/uploads/msg_1095.jpg,1,2026-08-24 00:44:00;;;;;;;
1096,186,31,doctor,Please continue the medication as prescribed and monitor for changes.,text,,1,2026-08-24 03:36:00;;;;;;;
1097,186,364,patient,Could you clarify the dosage instructions?,file,https://cdn.example.md/uploads/msg_1097.pdf,1,2026-08-24 03:45:00;;;;;;;
"1098,186,31,doctor,""Hello, thanks for reaching out. Let's review your symptoms."",text,,1,2026-08-24 04:59:00";;;;;;;
1099,186,31,doctor,Take one tablet twice a day after meals.,text,,0,2026-08-24 06:52:00;;;;;;;
"1100,186,364,patient,""I still have some pain, should I be concerned?"",text,,1,2026-08-24 08:56:00";;;;;;;
"1101,187,36,doctor,""You're welcome, take care and reach out if anything changes."",voice,https://cdn.example.md/uploads/msg_1101.mp3,0,2026-08-20 02:43:00";;;;;;;
"1102,187,36,doctor,""Hello, thanks for reaching out. Let's review your symptoms."",image,https://cdn.example.md/uploads/msg_1102.jpg,0,2026-08-20 05:00:00";;;;;;;
"1103,187,36,doctor,""You're welcome, take care and reach out if anything changes."",image,https://cdn.example.md/uploads/msg_1103.jpg,1,2026-08-20 07:10:00";;;;;;;
1104,187,36,doctor,Let's plan a follow-up in two weeks.,voice,https://cdn.example.md/uploads/msg_1104.mp3,1,2026-08-20 08:59:00;;;;;;;
"1105,187,383,patient,""I uploaded my lab results, please check when you can."",file,https://cdn.example.md/uploads/msg_1105.pdf,1,2026-08-20 11:19:00";;;;;;;
"1106,187,36,doctor,""Sure, I can move it to next week. What day works for you?"",text,,1,2026-08-20 12:09:00";;;;;;;
1107,187,383,patient,Could you clarify the dosage instructions?,voice,https://cdn.example.md/uploads/msg_1107.mp3,1,2026-08-20 14:57:00;;;;;;;
"1108,188,29,doctor,""Sure, I can move it to next week. What day works for you?"",text,,1,2026-08-13 02:02:00";;;;;;;
"1109,188,377,patient,""I uploaded my lab results, please check when you can."",image,https://cdn.example.md/uploads/msg_1109.jpg,0,2026-08-13 02:40:00";;;;;;;
1110,188,377,patient,Is this side effect normal?,text,,1,2026-08-13 02:51:00;;;;;;;
"1111,188,377,patient,""I've been feeling better since the last visit, thank you."",text,,1,2026-08-13 04:32:00";;;;;;;
"1112,188,377,patient,""I uploaded my lab results, please check when you can."",text,,0,2026-08-13 05:26:00";;;;;;;
"1113,188,377,patient,""I uploaded my lab results, please check when you can."",file,https://cdn.example.md/uploads/msg_1113.pdf,0,2026-08-13 06:12:00";;;;;;;
"1114,188,377,patient,""Hello doctor, I wanted to ask about my recent symptoms."",text,,1,2026-08-13 07:16:00";;;;;;;
"1115,188,29,doctor,""That's good to hear, keep up with the treatment plan."",image,https://cdn.example.md/uploads/msg_1115.jpg,1,2026-08-13 08:29:00";;;;;;;
"1116,189,38,doctor,""Hello, thanks for reaching out. Let's review your symptoms."",file,https://cdn.example.md/uploads/msg_1116.pdf,1,2026-08-18 00:22:00";;;;;;;
"1117,189,287,patient,""I still have some pain, should I be concerned?"",text,,1,2026-08-18 02:56:00";;;;;;;
1118,189,287,patient,Is this side effect normal?,text,,1,2026-08-18 05:31:00;;;;;;;
"1119,189,38,doctor,""That's good to hear, keep up with the treatment plan."",text,,1,2026-08-18 06:26:00";;;;;;;
"1120,189,38,doctor,""Sure, I can move it to next week. What day works for you?"",file,https://cdn.example.md/uploads/msg_1120.pdf,1,2026-08-18 08:51:00";;;;;;;
"1121,189,287,patient,""Hello doctor, I wanted to ask about my recent symptoms."",text,,1,2026-08-18 09:14:00";;;;;;;
1122,189,287,patient,Is this side effect normal?,file,https://cdn.example.md/uploads/msg_1122.pdf,1,2026-08-18 09:46:00;;;;;;;
1123,189,287,patient,Is this side effect normal?,file,https://cdn.example.md/uploads/msg_1123.pdf,1,2026-08-18 10:34:00;;;;;;;
1124,190,138,patient,Thank you for the consultation today.,text,,1,2026-08-20 02:41:00;;;;;;;
1125,190,138,patient,Is it okay to take this medication with food?,text,,0,2026-08-20 04:14:00;;;;;;;
"1126,190,10,doctor,""Hello, thanks for reaching out. Let's review your symptoms."",text,,0,2026-08-20 05:33:00";;;;;;;
"1127,190,10,doctor,""Sure, I can move it to next week. What day works for you?"",voice,https://cdn.example.md/uploads/msg_1127.mp3,1,2026-08-20 07:50:00";;;;;;;
"1128,190,10,doctor,""That could be normal, but let's schedule a check-up to be safe."",image,https://cdn.example.md/uploads/msg_1128.jpg,1,2026-08-20 10:25:00";;;;;;;
"1129,190,10,doctor,""That's good to hear, keep up with the treatment plan."",voice,https://cdn.example.md/uploads/msg_1129.mp3,1,2026-08-20 12:04:00";;;;;;;
1130,190,138,patient,Could you clarify the dosage instructions?,text,,1,2026-08-20 13:01:00;;;;;;;
"1131,191,19,doctor,""That's good to hear, keep up with the treatment plan."",text,,1,2026-08-18 02:18:00";;;;;;;
1132,191,322,patient,When should I come back for a follow-up?,file,https://cdn.example.md/uploads/msg_1132.pdf,1,2026-08-18 03:47:00;;;;;;;
"1133,191,322,patient,""I still have some pain, should I be concerned?"",text,,1,2026-08-18 06:00:00";;;;;;;
1134,191,322,patient,Could you clarify the dosage instructions?,text,,1,2026-08-18 07:20:00;;;;;;;
1135,192,36,doctor,Let's plan a follow-up in two weeks.,text,,1,2026-08-29 02:15:00;;;;;;;
"1136,192,319,patient,""Hello doctor, I wanted to ask about my recent symptoms."",voice,https://cdn.example.md/uploads/msg_1136.mp3,1,2026-08-29 04:02:00";;;;;;;
"1137,192,36,doctor,""That's good to hear, keep up with the treatment plan."",text,,1,2026-08-29 06:54:00";;;;;;;
1138,192,36,doctor,Take one tablet twice a day after meals.,voice,https://cdn.example.md/uploads/msg_1138.mp3,1,2026-08-29 07:14:00;;;;;;;
"1139,192,36,doctor,""Sure, I can move it to next week. What day works for you?"",text,,1,2026-08-29 07:16:00";;;;;;;
1140,192,319,patient,When should I come back for a follow-up?,file,https://cdn.example.md/uploads/msg_1140.pdf,1,2026-08-29 08:28:00;;;;;;;
1141,192,319,patient,Could you clarify the dosage instructions?,text,,1,2026-08-29 08:53:00;;;;;;;
"1142,192,36,doctor,""Sure, I can move it to next week. What day works for you?"",image,https://cdn.example.md/uploads/msg_1142.jpg,1,2026-08-29 11:18:00";;;;;;;
1143,193,141,patient,Is this side effect normal?,voice,https://cdn.example.md/uploads/msg_1143.mp3,1,2026-08-16 00:18:00;;;;;;;
1144,193,141,patient,Can we reschedule my next appointment?,image,https://cdn.example.md/uploads/msg_1144.jpg,1,2026-08-16 02:07:00;;;;;;;
1145,193,141,patient,Is it okay to take this medication with food?,image,https://cdn.example.md/uploads/msg_1145.jpg,0,2026-08-16 03:29:00;;;;;;;
1146,193,141,patient,Could you clarify the dosage instructions?,text,,1,2026-08-16 05:47:00;;;;;;;
"1147,193,141,patient,""I still have some pain, should I be concerned?"",text,,1,2026-08-16 08:34:00";;;;;;;
1148,194,262,patient,Thank you for the consultation today.,voice,https://cdn.example.md/uploads/msg_1148.mp3,0,2026-08-20 01:55:00;;;;;;;
"1149,194,262,patient,""I uploaded my lab results, please check when you can."",text,,1,2026-08-20 04:05:00";;;;;;;
1150,194,24,doctor,Take one tablet twice a day after meals.,text,,1,2026-08-20 05:16:00;;;;;;;
1151,194,262,patient,When should I come back for a follow-up?,text,,1,2026-08-20 05:30:00;;;;;;;
"1152,194,24,doctor,""Sure, I can move it to next week. What day works for you?"",text,,1,2026-08-20 06:42:00";;;;;;;
"1153,194,262,patient,""I still have some pain, should I be concerned?"",text,,1,2026-08-20 07:46:00";;;;;;;
1154,195,37,patient,Is it okay to take this medication with food?,text,,1,2026-08-27 02:19:00;;;;;;;
1155,195,37,patient,Thank you for the consultation today.,file,https://cdn.example.md/uploads/msg_1155.pdf,1,2026-08-27 03:39:00;;;;;;;
"1156,195,13,doctor,""You're welcome, take care and reach out if anything changes."",text,,0,2026-08-27 06:32:00";;;;;;;
"1157,195,13,doctor,""Hello, thanks for reaching out. Let's review your symptoms."",text,,1,2026-08-27 09:13:00";;;;;;;
1158,195,13,doctor,Take one tablet twice a day after meals.,text,,1,2026-08-27 10:27:00;;;;;;;
"1159,195,37,patient,""I uploaded my lab results, please check when you can."",text,,1,2026-08-27 10:34:00";;;;;;;
"1160,195,13,doctor,""Thanks, I'll review the results and get back to you shortly."",file,https://cdn.example.md/uploads/msg_1160.pdf,1,2026-08-27 12:25:00";;;;;;;
"1161,195,37,patient,""Hello doctor, I wanted to ask about my recent symptoms."",voice,https://cdn.example.md/uploads/msg_1161.mp3,0,2026-08-27 15:19:00";;;;;;;
"1162,196,302,patient,""I uploaded my lab results, please check when you can."",text,,1,2026-08-23 01:35:00";;;;;;;
1163,196,302,patient,Is this side effect normal?,voice,https://cdn.example.md/uploads/msg_1163.mp3,1,2026-08-23 03:15:00;;;;;;;
"1164,196,14,doctor,""That's good to hear, keep up with the treatment plan."",text,,1,2026-08-23 06:03:00";;;;;;;
1165,196,302,patient,When should I come back for a follow-up?,text,,1,2026-08-23 08:38:00;;;;;;;
"1166,196,302,patient,""I've been feeling better since the last visit, thank you."",text,,1,2026-08-23 09:11:00";;;;;;;
1167,196,302,patient,Thank you for the consultation today.,file,https://cdn.example.md/uploads/msg_1167.pdf,1,2026-08-23 10:25:00;;;;;;;
"1168,196,14,doctor,""That's good to hear, keep up with the treatment plan."",text,,0,2026-08-23 12:32:00";;;;;;;
"1169,197,7,doctor,""That's good to hear, keep up with the treatment plan."",image,https://cdn.example.md/uploads/msg_1169.jpg,1,2026-08-18 02:18:00";;;;;;;
"1170,197,14,patient,""Hello doctor, I wanted to ask about my recent symptoms."",text,,1,2026-08-18 03:39:00";;;;;;;
1171,197,7,doctor,Take one tablet twice a day after meals.,text,,1,2026-08-18 05:21:00;;;;;;;
"1172,197,7,doctor,""Hello, thanks for reaching out. Let's review your symptoms."",voice,https://cdn.example.md/uploads/msg_1172.mp3,1,2026-08-18 05:46:00";;;;;;;
1173,197,14,patient,Is it okay to take this medication with food?,text,,1,2026-08-18 06:51:00;;;;;;;
"1174,197,7,doctor,""You're welcome, take care and reach out if anything changes."",voice,https://cdn.example.md/uploads/msg_1174.mp3,0,2026-08-18 07:21:00";;;;;;;
1175,198,101,patient,Is this side effect normal?,text,,1,2026-08-21 01:13:00;;;;;;;
"1176,198,12,doctor,""That's good to hear, keep up with the treatment plan."",text,,0,2026-08-21 01:22:00";;;;;;;
"1177,198,12,doctor,""That side effect can occur, but let me know if it worsens."",voice,https://cdn.example.md/uploads/msg_1177.mp3,0,2026-08-21 01:54:00";;;;;;;
1178,198,12,doctor,Take one tablet twice a day after meals.,file,https://cdn.example.md/uploads/msg_1178.pdf,0,2026-08-21 03:10:00;;;;;;;
1179,198,101,patient,Thank you for the consultation today.,text,,0,2026-08-21 03:26:00;;;;;;;
"1180,198,101,patient,""I uploaded my lab results, please check when you can."",text,,1,2026-08-21 04:40:00";;;;;;;
1181,198,101,patient,Is it okay to take this medication with food?,text,,0,2026-08-21 06:09:00;;;;;;;
"1182,199,5,doctor,""Hello, thanks for reaching out. Let's review your symptoms."",file,https://cdn.example.md/uploads/msg_1182.pdf,1,2026-08-12 01:09:00";;;;;;;
1183,199,270,patient,When should I come back for a follow-up?,text,,0,2026-08-12 01:35:00;;;;;;;
1184,199,270,patient,Is this side effect normal?,text,,0,2026-08-12 03:03:00;;;;;;;
1185,199,270,patient,Is it okay to take this medication with food?,file,https://cdn.example.md/uploads/msg_1185.pdf,1,2026-08-12 04:33:00;;;;;;;
"1186,199,270,patient,""Hello doctor, I wanted to ask about my recent symptoms."",text,,0,2026-08-12 04:46:00";;;;;;;
1187,199,270,patient,Is it okay to take this medication with food?,voice,https://cdn.example.md/uploads/msg_1187.mp3,1,2026-08-12 07:31:00;;;;;;;
1188,199,5,doctor,Take one tablet twice a day after meals.,voice,https://cdn.example.md/uploads/msg_1188.mp3,0,2026-08-12 10:09:00;;;;;;;
1189,200,122,patient,Can we reschedule my next appointment?,text,,1,2026-08-19 02:52:00;;;;;;;
1190,200,24,doctor,Take one tablet twice a day after meals.,text,,1,2026-08-19 05:49:00;;;;;;;
1191,200,122,patient,Is it okay to take this medication with food?,text,,1,2026-08-19 07:40:00;;;;;;;
"1192,200,24,doctor,""That side effect can occur, but let me know if it worsens."",image,https://cdn.example.md/uploads/msg_1192.jpg,1,2026-08-19 09:16:00";;;;;;;
1193,200,122,patient,Is it okay to take this medication with food?,text,,0,2026-08-19 09:29:00;;;;;;;
"1194,201,348,patient,""Hello doctor, I wanted to ask about my recent symptoms."",text,,1,2026-08-22 02:42:00";;;;;;;
1195,201,22,doctor,Take one tablet twice a day after meals.,text,,0,2026-08-22 05:11:00;;;;;;;
"1196,201,22,doctor,""That's good to hear, keep up with the treatment plan."",text,,1,2026-08-22 05:22:00";;;;;;;
1197,201,348,patient,Is this side effect normal?,text,,1,2026-08-22 06:32:00;;;;;;;
"1198,201,348,patient,""I uploaded my lab results, please check when you can."",text,,1,2026-08-22 07:41:00";;;;;;;
"1199,201,22,doctor,""Thanks, I'll review the results and get back to you shortly."",voice,https://cdn.example.md/uploads/msg_1199.mp3,1,2026-08-22 09:59:00";;;;;;;
1200,201,348,patient,Can we reschedule my next appointment?,voice,https://cdn.example.md/uploads/msg_1200.mp3,1,2026-08-22 11:08:00;;;;;;;
"1201,202,24,doctor,""You're welcome, take care and reach out if anything changes."",text,,1,2026-08-28 01:30:00";;;;;;;
"1202,202,202,patient,""I've been feeling better since the last visit, thank you."",text,,0,2026-08-28 02:19:00";;;;;;;
"1203,202,24,doctor,""Thanks, I'll review the results and get back to you shortly."",text,,0,2026-08-28 03:33:00";;;;;;;
"1204,202,24,doctor,""That could be normal, but let's schedule a check-up to be safe."",text,,1,2026-08-28 05:17:00";;;;;;;
1205,202,24,doctor,Take one tablet twice a day after meals.,text,,0,2026-08-28 07:04:00;;;;;;;
"1206,203,87,patient,""I still have some pain, should I be concerned?"",voice,https://cdn.example.md/uploads/msg_1206.mp3,1,2026-08-14 01:02:00";;;;;;;
1207,203,18,doctor,Let's plan a follow-up in two weeks.,text,,0,2026-08-14 02:32:00;;;;;;;
1208,203,18,doctor,Please continue the medication as prescribed and monitor for changes.,voice,https://cdn.example.md/uploads/msg_1208.mp3,0,2026-08-14 03:29:00;;;;;;;
1209,203,87,patient,Is this side effect normal?,file,https://cdn.example.md/uploads/msg_1209.pdf,1,2026-08-14 04:36:00;;;;;;;
1210,203,18,doctor,Please continue the medication as prescribed and monitor for changes.,voice,https://cdn.example.md/uploads/msg_1210.mp3,0,2026-08-14 05:03:00;;;;;;;
1211,203,87,patient,When should I come back for a follow-up?,text,,1,2026-08-14 07:10:00;;;;;;;
1212,204,103,patient,Is it okay to take this medication with food?,text,,0,2026-08-19 02:14:00;;;;;;;
"1213,204,33,doctor,""That's good to hear, keep up with the treatment plan."",voice,https://cdn.example.md/uploads/msg_1213.mp3,1,2026-08-19 03:48:00";;;;;;;
1214,204,33,doctor,Please continue the medication as prescribed and monitor for changes.,text,,1,2026-08-19 05:24:00;;;;;;;
1215,204,33,doctor,Take one tablet twice a day after meals.,voice,https://cdn.example.md/uploads/msg_1215.mp3,0,2026-08-19 07:56:00;;;;;;;
1216,204,103,patient,Could you clarify the dosage instructions?,text,,1,2026-08-19 09:01:00;;;;;;;
1217,204,33,doctor,Take one tablet twice a day after meals.,text,,0,2026-08-19 09:39:00;;;;;;;
1218,204,33,doctor,Take one tablet twice a day after meals.,text,,1,2026-08-19 09:59:00;;;;;;;
1219,204,103,patient,Is it okay to take this medication with food?,voice,https://cdn.example.md/uploads/msg_1219.mp3,0,2026-08-19 11:51:00;;;;;;;
1220,205,171,patient,Is it okay to take this medication with food?,text,,1,2026-09-01 01:21:00;;;;;;;
"1221,205,32,doctor,""Thanks, I'll review the results and get back to you shortly."",file,https://cdn.example.md/uploads/msg_1221.pdf,1,2026-09-01 02:48:00";;;;;;;
"1222,205,32,doctor,""That could be normal, but let's schedule a check-up to be safe."",text,,1,2026-09-01 05:07:00";;;;;;;
1223,205,171,patient,Is it okay to take this medication with food?,image,https://cdn.example.md/uploads/msg_1223.jpg,1,2026-09-01 05:40:00;;;;;;;
1224,205,171,patient,Is this side effect normal?,text,,1,2026-09-01 08:14:00;;;;;;;
1225,205,171,patient,When should I come back for a follow-up?,text,,1,2026-09-01 08:47:00;;;;;;;
"1226,205,171,patient,""Hello doctor, I wanted to ask about my recent symptoms."",text,,0,2026-09-01 11:02:00";;;;;;;
"1227,205,32,doctor,""That side effect can occur, but let me know if it worsens."",text,,1,2026-09-01 12:19:00";;;;;;;
1228,206,40,doctor,Let's plan a follow-up in two weeks.,voice,https://cdn.example.md/uploads/msg_1228.mp3,1,2026-08-18 01:35:00;;;;;;;
1229,206,187,patient,Can we reschedule my next appointment?,file,https://cdn.example.md/uploads/msg_1229.pdf,1,2026-08-18 02:36:00;;;;;;;
"1230,206,40,doctor,""That side effect can occur, but let me know if it worsens."",file,https://cdn.example.md/uploads/msg_1230.pdf,0,2026-08-18 04:26:00";;;;;;;
"1231,206,40,doctor,""That could be normal, but let's schedule a check-up to be safe."",voice,https://cdn.example.md/uploads/msg_1231.mp3,0,2026-08-18 06:24:00";;;;;;;
"1232,206,40,doctor,""You're welcome, take care and reach out if anything changes."",file,https://cdn.example.md/uploads/msg_1232.pdf,1,2026-08-18 08:52:00";;;;;;;
"1233,206,40,doctor,""That's good to hear, keep up with the treatment plan."",file,https://cdn.example.md/uploads/msg_1233.pdf,1,2026-08-18 11:39:00";;;;;;;
"1234,206,187,patient,""I've been feeling better since the last visit, thank you."",text,,1,2026-08-18 12:17:00";;;;;;;
1235,207,61,patient,Thank you for the consultation today.,image,https://cdn.example.md/uploads/msg_1235.jpg,1,2026-08-30 00:03:00;;;;;;;
"1236,207,12,doctor,""Hello, thanks for reaching out. Let's review your symptoms."",file,https://cdn.example.md/uploads/msg_1236.pdf,1,2026-08-30 00:28:00";;;;;;;
"1237,207,61,patient,""Hello doctor, I wanted to ask about my recent symptoms."",text,,1,2026-08-30 02:23:00";;;;;;;
1238,207,61,patient,Is this side effect normal?,image,https://cdn.example.md/uploads/msg_1238.jpg,1,2026-08-30 02:31:00;;;;;;;
"1239,207,12,doctor,""That side effect can occur, but let me know if it worsens."",text,,1,2026-08-30 04:02:00";;;;;;;
1240,207,61,patient,Is this side effect normal?,file,https://cdn.example.md/uploads/msg_1240.pdf,1,2026-08-30 06:33:00;;;;;;;
"1241,208,33,doctor,""That's good to hear, keep up with the treatment plan."",text,,1,2026-08-24 02:16:00";;;;;;;
1242,208,242,patient,Can we reschedule my next appointment?,text,,1,2026-08-24 04:42:00;;;;;;;
1243,208,242,patient,Thank you for the consultation today.,image,https://cdn.example.md/uploads/msg_1243.jpg,1,2026-08-24 05:34:00;;;;;;;
1244,208,242,patient,Can we reschedule my next appointment?,text,,1,2026-08-24 07:23:00;;;;;;;
"1245,208,33,doctor,""That side effect can occur, but let me know if it worsens."",image,https://cdn.example.md/uploads/msg_1245.jpg,1,2026-08-24 09:54:00";;;;;;;
"1246,208,33,doctor,""That's good to hear, keep up with the treatment plan."",image,https://cdn.example.md/uploads/msg_1246.jpg,1,2026-08-24 11:43:00";;;;;;;
1247,208,242,patient,Can we reschedule my next appointment?,text,,1,2026-08-24 14:15:00;;;;;;;
1248,208,242,patient,Thank you for the consultation today.,text,,1,2026-08-24 14:18:00;;;;;;;
"1249,209,399,patient,""I still have some pain, should I be concerned?"",voice,https://cdn.example.md/uploads/msg_1249.mp3,1,2026-08-12 01:27:00";;;;;;;
"1250,209,13,doctor,""That's good to hear, keep up with the treatment plan."",image,https://cdn.example.md/uploads/msg_1250.jpg,1,2026-08-12 03:57:00";;;;;;;
1251,209,399,patient,When should I come back for a follow-up?,text,,1,2026-08-12 05:08:00;;;;;;;
"1252,209,399,patient,""I uploaded my lab results, please check when you can."",text,,1,2026-08-12 05:54:00";;;;;;;
1253,209,13,doctor,Take one tablet twice a day after meals.,voice,https://cdn.example.md/uploads/msg_1253.mp3,1,2026-08-12 06:58:00;;;;;;;
1254,210,169,patient,When should I come back for a follow-up?,text,,0,2026-08-21 02:20:00;;;;;;;
1255,210,169,patient,Is this side effect normal?,text,,1,2026-08-21 03:24:00;;;;;;;
1256,210,19,doctor,Please continue the medication as prescribed and monitor for changes.,text,,1,2026-08-21 05:49:00;;;;;;;
1257,210,19,doctor,Please continue the medication as prescribed and monitor for changes.,text,,1,2026-08-21 07:49:00;;;;;;;
1258,210,19,doctor,Take one tablet twice a day after meals.,text,,1,2026-08-21 10:25:00;;;;;;;
"1259,211,38,doctor,""You're welcome, take care and reach out if anything changes."",text,,1,2026-08-16 00:08:00";;;;;;;
1260,211,38,doctor,Let's plan a follow-up in two weeks.,text,,1,2026-08-16 01:39:00;;;;;;;
1261,211,83,patient,Could you clarify the dosage instructions?,text,,1,2026-08-16 04:16:00;;;;;;;
1262,211,83,patient,When should I come back for a follow-up?,text,,1,2026-08-16 04:17:00;;;;;;;
1263,211,83,patient,Is this side effect normal?,text,,0,2026-08-16 06:51:00;;;;;;;
"1264,211,83,patient,""I've been feeling better since the last visit, thank you."",text,,1,2026-08-16 07:06:00";;;;;;;
1265,212,9,doctor,Take one tablet twice a day after meals.,text,,1,2026-09-01 01:05:00;;;;;;;
"1266,212,309,patient,""Hello doctor, I wanted to ask about my recent symptoms."",text,,1,2026-09-01 01:09:00";;;;;;;
"1267,212,9,doctor,""That side effect can occur, but let me know if it worsens."",text,,1,2026-09-01 02:24:00";;;;;;;
"1268,212,9,doctor,""Sure, I can move it to next week. What day works for you?"",text,,1,2026-09-01 03:21:00";;;;;;;
1269,212,309,patient,Can we reschedule my next appointment?,file,https://cdn.example.md/uploads/msg_1269.pdf,1,2026-09-01 05:52:00;;;;;;;
"1270,213,27,doctor,""You're welcome, take care and reach out if anything changes."",text,,1,2026-08-12 00:47:00";;;;;;;
"1271,213,24,patient,""I've been feeling better since the last visit, thank you."",image,https://cdn.example.md/uploads/msg_1271.jpg,1,2026-08-12 02:53:00";;;;;;;
"1272,213,27,doctor,""Sure, I can move it to next week. What day works for you?"",text,,1,2026-08-12 03:06:00";;;;;;;
"1273,213,27,doctor,""You're welcome, take care and reach out if anything changes."",file,https://cdn.example.md/uploads/msg_1273.pdf,1,2026-08-12 04:47:00";;;;;;;
"1274,213,27,doctor,""Hello, thanks for reaching out. Let's review your symptoms."",text,,1,2026-08-12 07:32:00";;;;;;;
"1275,213,27,doctor,""Sure, I can move it to next week. What day works for you?"",text,,1,2026-08-12 07:55:00";;;;;;;
1276,213,24,patient,Could you clarify the dosage instructions?,text,,1,2026-08-12 08:54:00;;;;;;;
1277,214,34,doctor,Please continue the medication as prescribed and monitor for changes.,file,https://cdn.example.md/uploads/msg_1277.pdf,1,2026-08-20 00:04:00;;;;;;;
"1278,214,34,doctor,""Thanks, I'll review the results and get back to you shortly."",text,,1,2026-08-20 00:10:00";;;;;;;
1279,214,34,doctor,Let's plan a follow-up in two weeks.,text,,1,2026-08-20 00:22:00;;;;;;;
1280,214,387,patient,Can we reschedule my next appointment?,text,,1,2026-08-20 02:47:00;;;;;;;
1281,214,387,patient,Is this side effect normal?,file,https://cdn.example.md/uploads/msg_1281.pdf,1,2026-08-20 05:43:00;;;;;;;
"1282,214,34,doctor,""Thanks, I'll review the results and get back to you shortly."",text,,1,2026-08-20 08:08:00";;;;;;;
1283,215,26,doctor,Please continue the medication as prescribed and monitor for changes.,file,https://cdn.example.md/uploads/msg_1283.pdf,1,2026-08-14 02:13:00;;;;;;;
"1284,215,165,patient,""I've been feeling better since the last visit, thank you."",text,,1,2026-08-14 04:59:00";;;;;;;
1285,215,165,patient,When should I come back for a follow-up?,text,,1,2026-08-14 07:18:00;;;;;;;
"1286,215,165,patient,""I uploaded my lab results, please check when you can."",text,,0,2026-08-14 10:07:00";;;;;;;
1287,216,24,doctor,Take one tablet twice a day after meals.,text,,1,2026-08-17 02:47:00;;;;;;;
"1288,216,24,doctor,""You're welcome, take care and reach out if anything changes."",text,,0,2026-08-17 05:22:00";;;;;;;
1289,216,285,patient,Can we reschedule my next appointment?,image,https://cdn.example.md/uploads/msg_1289.jpg,1,2026-08-17 06:38:00;;;;;;;
1290,216,285,patient,Can we reschedule my next appointment?,text,,1,2026-08-17 07:31:00;;;;;;;
"1291,217,370,patient,""I uploaded my lab results, please check when you can."",text,,1,2026-08-31 01:36:00";;;;;;;
"1292,217,37,doctor,""Thanks, I'll review the results and get back to you shortly."",text,,1,2026-08-31 02:42:00";;;;;;;
1293,217,370,patient,Could you clarify the dosage instructions?,text,,1,2026-08-31 04:04:00;;;;;;;
"1294,217,370,patient,""I still have some pain, should I be concerned?"",text,,1,2026-08-31 05:58:00";;;;;;;
"1295,217,37,doctor,""That side effect can occur, but let me know if it worsens."",text,,1,2026-08-31 06:35:00";;;;;;;
"1296,218,90,patient,""I still have some pain, should I be concerned?"",text,,1,2026-08-21 02:18:00";;;;;;;
"1297,218,2,doctor,""Hello, thanks for reaching out. Let's review your symptoms."",text,,1,2026-08-21 04:29:00";;;;;;;
1298,218,2,doctor,Take one tablet twice a day after meals.,image,https://cdn.example.md/uploads/msg_1298.jpg,1,2026-08-21 05:31:00;;;;;;;
"1299,218,90,patient,""I still have some pain, should I be concerned?"",image,https://cdn.example.md/uploads/msg_1299.jpg,1,2026-08-21 07:40:00";;;;;;;
"1300,218,2,doctor,""Thanks, I'll review the results and get back to you shortly."",text,,1,2026-08-21 10:07:00";;;;;;;
"1301,218,90,patient,""I still have some pain, should I be concerned?"",voice,https://cdn.example.md/uploads/msg_1301.mp3,1,2026-08-21 10:25:00";;;;;;;
1302,218,90,patient,Is this side effect normal?,image,https://cdn.example.md/uploads/msg_1302.jpg,1,2026-08-21 12:02:00;;;;;;;
1303,219,40,doctor,Please continue the medication as prescribed and monitor for changes.,voice,https://cdn.example.md/uploads/msg_1303.mp3,1,2026-08-26 02:40:00;;;;;;;
1304,219,337,patient,Is this side effect normal?,text,,1,2026-08-26 03:00:00;;;;;;;
1305,219,337,patient,Can we reschedule my next appointment?,file,https://cdn.example.md/uploads/msg_1305.pdf,1,2026-08-26 05:26:00;;;;;;;
"1306,219,40,doctor,""Hello, thanks for reaching out. Let's review your symptoms."",text,,1,2026-08-26 07:07:00";;;;;;;
"1307,219,40,doctor,""Hello, thanks for reaching out. Let's review your symptoms."",text,,1,2026-08-26 07:14:00";;;;;;;
"1308,220,20,doctor,""Sure, I can move it to next week. What day works for you?"",image,https://cdn.example.md/uploads/msg_1308.jpg,0,2026-08-19 00:38:00";;;;;;;
"1309,220,20,doctor,""Sure, I can move it to next week. What day works for you?"",file,https://cdn.example.md/uploads/msg_1309.pdf,0,2026-08-19 01:51:00";;;;;;;
"1310,220,64,patient,""I still have some pain, should I be concerned?"",text,,0,2026-08-19 04:33:00";;;;;;;
1311,220,64,patient,Thank you for the consultation today.,image,https://cdn.example.md/uploads/msg_1311.jpg,1,2026-08-19 07:31:00;;;;;;;
1312,220,64,patient,Thank you for the consultation today.,text,,1,2026-08-19 10:16:00;;;;;;;
"1313,220,64,patient,""Hello doctor, I wanted to ask about my recent symptoms."",file,https://cdn.example.md/uploads/msg_1313.pdf,0,2026-08-19 12:30:00";;;;;;;
"1314,220,64,patient,""I still have some pain, should I be concerned?"",voice,https://cdn.example.md/uploads/msg_1314.mp3,1,2026-08-19 15:07:00";;;;;;;
"1315,221,6,doctor,""Hello, thanks for reaching out. Let's review your symptoms."",text,,1,2026-08-24 02:19:00";;;;;;;
"1316,221,6,doctor,""That side effect can occur, but let me know if it worsens."",text,,1,2026-08-24 02:26:00";;;;;;;
"1317,221,305,patient,""Hello doctor, I wanted to ask about my recent symptoms."",text,,1,2026-08-24 03:26:00";;;;;;;
"1318,221,6,doctor,""Sure, I can move it to next week. What day works for you?"",file,https://cdn.example.md/uploads/msg_1318.pdf,1,2026-08-24 06:11:00";;;;;;;
"1319,221,6,doctor,""That's good to hear, keep up with the treatment plan."",text,,1,2026-08-24 07:50:00";;;;;;;
1320,221,6,doctor,Please continue the medication as prescribed and monitor for changes.,text,,1,2026-08-24 08:04:00;;;;;;;
1321,221,305,patient,Can we reschedule my next appointment?,text,,1,2026-08-24 08:54:00;;;;;;;
"1322,221,6,doctor,""Hello, thanks for reaching out. Let's review your symptoms."",image,https://cdn.example.md/uploads/msg_1322.jpg,1,2026-08-24 10:11:00";;;;;;;
1323,222,382,patient,Is this side effect normal?,file,https://cdn.example.md/uploads/msg_1323.pdf,1,2026-08-16 01:26:00;;;;;;;
1324,222,382,patient,Can we reschedule my next appointment?,text,,0,2026-08-16 03:26:00;;;;;;;
1325,222,382,patient,When should I come back for a follow-up?,text,,1,2026-08-16 03:44:00;;;;;;;
1326,222,382,patient,Thank you for the consultation today.,file,https://cdn.example.md/uploads/msg_1326.pdf,1,2026-08-16 03:53:00;;;;;;;
"1327,222,17,doctor,""That's good to hear, keep up with the treatment plan."",voice,https://cdn.example.md/uploads/msg_1327.mp3,0,2026-08-16 05:37:00";;;;;;;
"1328,222,17,doctor,""That's good to hear, keep up with the treatment plan."",voice,https://cdn.example.md/uploads/msg_1328.mp3,1,2026-08-16 07:12:00";;;;;;;
1329,222,382,patient,Could you clarify the dosage instructions?,text,,1,2026-08-16 08:07:00;;;;;;;
1330,223,335,patient,Is it okay to take this medication with food?,text,,1,2026-08-20 02:54:00;;;;;;;
1331,223,8,doctor,Please continue the medication as prescribed and monitor for changes.,text,,1,2026-08-20 04:37:00;;;;;;;
1332,223,335,patient,Thank you for the consultation today.,text,,0,2026-08-20 05:19:00;;;;;;;
"1333,223,8,doctor,""Hello, thanks for reaching out. Let's review your symptoms."",text,,1,2026-08-20 05:47:00";;;;;;;
1334,223,335,patient,Could you clarify the dosage instructions?,voice,https://cdn.example.md/uploads/msg_1334.mp3,0,2026-08-20 07:46:00;;;;;;;
1335,223,335,patient,Thank you for the consultation today.,text,,0,2026-08-20 09:12:00;;;;;;;
1336,223,335,patient,Could you clarify the dosage instructions?,text,,1,2026-08-20 10:14:00;;;;;;;
"1337,224,39,doctor,""That could be normal, but let's schedule a check-up to be safe."",voice,https://cdn.example.md/uploads/msg_1337.mp3,1,2026-08-23 01:31:00";;;;;;;
1338,224,196,patient,Thank you for the consultation today.,text,,1,2026-08-23 02:28:00;;;;;;;
1339,224,196,patient,Is it okay to take this medication with food?,image,https://cdn.example.md/uploads/msg_1339.jpg,0,2026-08-23 03:11:00;;;;;;;
"1340,224,39,doctor,""Thanks, I'll review the results and get back to you shortly."",text,,0,2026-08-23 04:41:00";;;;;;;
"1341,224,39,doctor,""Sure, I can move it to next week. What day works for you?"",file,https://cdn.example.md/uploads/msg_1341.pdf,1,2026-08-23 05:54:00";;;;;;;
"1342,225,16,doctor,""You're welcome, take care and reach out if anything changes."",image,https://cdn.example.md/uploads/msg_1342.jpg,1,2026-09-01 00:41:00";;;;;;;
"1343,225,16,doctor,""That side effect can occur, but let me know if it worsens."",voice,https://cdn.example.md/uploads/msg_1343.mp3,1,2026-09-01 00:58:00";;;;;;;
1344,225,379,patient,Could you clarify the dosage instructions?,text,,1,2026-09-01 03:35:00;;;;;;;
1345,225,16,doctor,Take one tablet twice a day after meals.,text,,1,2026-09-01 03:53:00;;;;;;;
"1346,225,16,doctor,""That side effect can occur, but let me know if it worsens."",text,,1,2026-09-01 06:52:00";;;;;;;
1347,225,379,patient,Thank you for the consultation today.,text,,1,2026-09-01 08:38:00;;;;;;;
"1348,225,379,patient,""I've been feeling better since the last visit, thank you."",text,,1,2026-09-01 09:00:00";;;;;;;
1349,226,125,patient,Could you clarify the dosage instructions?,text,,1,2026-08-13 01:20:00;;;;;;;
"1350,226,16,doctor,""Hello, thanks for reaching out. Let's review your symptoms."",voice,https://cdn.example.md/uploads/msg_1350.mp3,0,2026-08-13 02:40:00";;;;;;;
"1351,226,16,doctor,""That could be normal, but let's schedule a check-up to be safe."",text,,1,2026-08-13 05:02:00";;;;;;;
1352,226,125,patient,Is this side effect normal?,text,,1,2026-08-13 05:46:00;;;;;;;
"1353,226,16,doctor,""You're welcome, take care and reach out if anything changes."",text,,1,2026-08-13 07:31:00";;;;;;;
1354,226,125,patient,Is it okay to take this medication with food?,file,https://cdn.example.md/uploads/msg_1354.pdf,1,2026-08-13 08:45:00;;;;;;;
1355,226,125,patient,Thank you for the consultation today.,file,https://cdn.example.md/uploads/msg_1355.pdf,1,2026-08-13 11:01:00;;;;;;;
1356,226,125,patient,Could you clarify the dosage instructions?,voice,https://cdn.example.md/uploads/msg_1356.mp3,1,2026-08-13 13:02:00;;;;;;;
"1357,227,297,patient,""I uploaded my lab results, please check when you can."",text,,0,2026-08-15 02:00:00";;;;;;;
"1358,227,38,doctor,""That's good to hear, keep up with the treatment plan."",text,,1,2026-08-15 03:42:00";;;;;;;
1359,227,297,patient,Is it okay to take this medication with food?,voice,https://cdn.example.md/uploads/msg_1359.mp3,0,2026-08-15 04:00:00;;;;;;;
"1360,227,38,doctor,""Sure, I can move it to next week. What day works for you?"",text,,0,2026-08-15 05:55:00";;;;;;;
"1361,227,38,doctor,""That could be normal, but let's schedule a check-up to be safe."",text,,1,2026-08-15 07:54:00";;;;;;;
"1362,227,38,doctor,""Sure, I can move it to next week. What day works for you?"",text,,1,2026-08-15 08:31:00";;;;;;;
1363,228,243,patient,Is it okay to take this medication with food?,image,https://cdn.example.md/uploads/msg_1363.jpg,1,2026-08-23 02:43:00;;;;;;;
"1364,228,11,doctor,""Thanks, I'll review the results and get back to you shortly."",text,,1,2026-08-23 02:55:00";;;;;;;
1365,228,243,patient,Is it okay to take this medication with food?,text,,1,2026-08-23 03:32:00;;;;;;;
"1366,228,243,patient,""Hello doctor, I wanted to ask about my recent symptoms."",text,,1,2026-08-23 05:18:00";;;;;;;
"1367,229,147,patient,""Hello doctor, I wanted to ask about my recent symptoms."",text,,1,2026-08-20 01:25:00";;;;;;;
"1368,229,19,doctor,""That could be normal, but let's schedule a check-up to be safe."",image,https://cdn.example.md/uploads/msg_1368.jpg,1,2026-08-20 02:10:00";;;;;;;
"1369,229,147,patient,""I still have some pain, should I be concerned?"",voice,https://cdn.example.md/uploads/msg_1369.mp3,1,2026-08-20 04:15:00";;;;;;;
1370,229,147,patient,Could you clarify the dosage instructions?,text,,1,2026-08-20 06:49:00;;;;;;;
"1371,229,147,patient,""I still have some pain, should I be concerned?"",voice,https://cdn.example.md/uploads/msg_1371.mp3,1,2026-08-20 07:16:00";;;;;;;
1372,229,19,doctor,Let's plan a follow-up in two weeks.,text,,0,2026-08-20 10:08:00;;;;;;;
"1373,230,234,patient,""Hello doctor, I wanted to ask about my recent symptoms."",text,,0,2026-08-24 02:46:00";;;;;;;
1374,230,234,patient,Is it okay to take this medication with food?,file,https://cdn.example.md/uploads/msg_1374.pdf,1,2026-08-24 03:05:00;;;;;;;
1375,230,234,patient,Is this side effect normal?,text,,1,2026-08-24 04:54:00;;;;;;;
1376,230,234,patient,Can we reschedule my next appointment?,file,https://cdn.example.md/uploads/msg_1376.pdf,0,2026-08-24 04:56:00;;;;;;;
"1377,230,28,doctor,""Hello, thanks for reaching out. Let's review your symptoms."",text,,1,2026-08-24 05:25:00";;;;;;;
"1378,230,28,doctor,""You're welcome, take care and reach out if anything changes."",text,,0,2026-08-24 08:06:00";;;;;;;
1379,231,59,patient,Thank you for the consultation today.,text,,1,2026-08-14 00:05:00;;;;;;;
1380,231,59,patient,Thank you for the consultation today.,voice,https://cdn.example.md/uploads/msg_1380.mp3,1,2026-08-14 02:53:00;;;;;;;
1381,231,22,doctor,Let's plan a follow-up in two weeks.,text,,1,2026-08-14 04:00:00;;;;;;;
1382,231,59,patient,Can we reschedule my next appointment?,text,,1,2026-08-14 04:19:00;;;;;;;
1383,231,59,patient,Is it okay to take this medication with food?,file,https://cdn.example.md/uploads/msg_1383.pdf,1,2026-08-14 06:18:00;;;;;;;
"1384,231,22,doctor,""That side effect can occur, but let me know if it worsens."",image,https://cdn.example.md/uploads/msg_1384.jpg,1,2026-08-14 09:15:00";;;;;;;
1385,232,293,patient,When should I come back for a follow-up?,file,https://cdn.example.md/uploads/msg_1385.pdf,1,2026-08-16 02:44:00;;;;;;;
1386,232,293,patient,Is this side effect normal?,text,,1,2026-08-16 04:36:00;;;;;;;
"1387,232,7,doctor,""That's good to hear, keep up with the treatment plan."",text,,1,2026-08-16 05:13:00";;;;;;;
"1388,232,7,doctor,""That side effect can occur, but let me know if it worsens."",text,,1,2026-08-16 06:31:00";;;;;;;
1389,232,293,patient,Thank you for the consultation today.,text,,1,2026-08-16 06:58:00;;;;;;;
1390,232,293,patient,Thank you for the consultation today.,image,https://cdn.example.md/uploads/msg_1390.jpg,1,2026-08-16 07:48:00;;;;;;;
"1391,232,7,doctor,""That could be normal, but let's schedule a check-up to be safe."",text,,1,2026-08-16 09:28:00";;;;;;;
1392,233,333,patient,Thank you for the consultation today.,image,https://cdn.example.md/uploads/msg_1392.jpg,0,2026-08-17 02:23:00;;;;;;;
"1393,233,333,patient,""Hello doctor, I wanted to ask about my recent symptoms."",voice,https://cdn.example.md/uploads/msg_1393.mp3,1,2026-08-17 04:57:00";;;;;;;
"1394,233,333,patient,""Hello doctor, I wanted to ask about my recent symptoms."",text,,1,2026-08-17 07:33:00";;;;;;;
1395,233,333,patient,Is it okay to take this medication with food?,image,https://cdn.example.md/uploads/msg_1395.jpg,1,2026-08-17 08:25:00;;;;;;;
1396,233,333,patient,Is this side effect normal?,text,,1,2026-08-17 09:33:00;;;;;;;
"1397,234,190,patient,""Hello doctor, I wanted to ask about my recent symptoms."",text,,1,2026-09-01 02:27:00";;;;;;;
1398,234,19,doctor,Take one tablet twice a day after meals.,text,,0,2026-09-01 04:14:00;;;;;;;
1399,234,190,patient,Can we reschedule my next appointment?,text,,1,2026-09-01 04:55:00;;;;;;;
1400,234,190,patient,When should I come back for a follow-up?,file,https://cdn.example.md/uploads/msg_1400.pdf,0,2026-09-01 06:20:00;;;;;;;
1401,234,19,doctor,Let's plan a follow-up in two weeks.,voice,https://cdn.example.md/uploads/msg_1401.mp3,0,2026-09-01 08:46:00;;;;;;;
1402,234,190,patient,Thank you for the consultation today.,image,https://cdn.example.md/uploads/msg_1402.jpg,1,2026-09-01 10:40:00;;;;;;;
"1403,234,190,patient,""I still have some pain, should I be concerned?"",text,,1,2026-09-01 12:51:00";;;;;;;
1404,235,118,patient,Is this side effect normal?,text,,1,2026-08-30 01:11:00;;;;;;;
"1405,235,38,doctor,""Thanks, I'll review the results and get back to you shortly."",text,,0,2026-08-30 01:59:00";;;;;;;
1406,235,118,patient,Can we reschedule my next appointment?,voice,https://cdn.example.md/uploads/msg_1406.mp3,1,2026-08-30 02:43:00;;;;;;;
1407,235,118,patient,When should I come back for a follow-up?,file,https://cdn.example.md/uploads/msg_1407.pdf,0,2026-08-30 03:20:00;;;;;;;
"1408,235,118,patient,""I uploaded my lab results, please check when you can."",voice,https://cdn.example.md/uploads/msg_1408.mp3,1,2026-08-30 05:56:00";;;;;;;
"1409,235,38,doctor,""Sure, I can move it to next week. What day works for you?"",text,,1,2026-08-30 08:09:00";;;;;;;
1410,236,323,patient,Thank you for the consultation today.,text,,1,2026-08-27 02:28:00;;;;;;;
"1411,236,323,patient,""Hello doctor, I wanted to ask about my recent symptoms."",text,,1,2026-08-27 02:36:00";;;;;;;
1412,236,37,doctor,Let's plan a follow-up in two weeks.,image,https://cdn.example.md/uploads/msg_1412.jpg,1,2026-08-27 02:48:00;;;;;;;
1413,236,323,patient,Thank you for the consultation today.,text,,1,2026-08-27 04:23:00;;;;;;;
"1414,236,37,doctor,""That's good to hear, keep up with the treatment plan."",image,https://cdn.example.md/uploads/msg_1414.jpg,1,2026-08-27 04:31:00";;;;;;;
"1415,236,323,patient,""I uploaded my lab results, please check when you can."",text,,1,2026-08-27 06:57:00";;;;;;;
1416,236,323,patient,Is this side effect normal?,text,,1,2026-08-27 09:56:00;;;;;;;
1417,236,323,patient,Could you clarify the dosage instructions?,text,,1,2026-08-27 10:55:00;;;;;;;
1418,237,219,patient,When should I come back for a follow-up?,text,,1,2026-08-13 01:34:00;;;;;;;
"1419,237,219,patient,""Hello doctor, I wanted to ask about my recent symptoms."",text,,1,2026-08-13 04:03:00";;;;;;;
1420,237,219,patient,Could you clarify the dosage instructions?,text,,1,2026-08-13 04:39:00;;;;;;;
"1421,237,32,doctor,""That side effect can occur, but let me know if it worsens."",text,,1,2026-08-13 07:01:00";;;;;;;
1422,237,32,doctor,Please continue the medication as prescribed and monitor for changes.,image,https://cdn.example.md/uploads/msg_1422.jpg,1,2026-08-13 08:50:00;;;;;;;
"1423,237,32,doctor,""Sure, I can move it to next week. What day works for you?"",voice,https://cdn.example.md/uploads/msg_1423.mp3,0,2026-08-13 09:00:00";;;;;;;
1424,237,219,patient,Can we reschedule my next appointment?,text,,1,2026-08-13 09:06:00;;;;;;;
1425,238,11,doctor,Please continue the medication as prescribed and monitor for changes.,text,,1,2026-08-22 00:47:00;;;;;;;
"1426,238,11,doctor,""You're welcome, take care and reach out if anything changes."",image,https://cdn.example.md/uploads/msg_1426.jpg,1,2026-08-22 02:17:00";;;;;;;
1427,238,186,patient,Can we reschedule my next appointment?,voice,https://cdn.example.md/uploads/msg_1427.mp3,1,2026-08-22 04:13:00;;;;;;;
"1428,238,186,patient,""I've been feeling better since the last visit, thank you."",text,,1,2026-08-22 06:44:00";;;;;;;
"1429,238,186,patient,""I uploaded my lab results, please check when you can."",text,,0,2026-08-22 08:56:00";;;;;;;
"1430,238,11,doctor,""That's good to hear, keep up with the treatment plan."",text,,1,2026-08-22 09:33:00";;;;;;;
1431,239,264,patient,Could you clarify the dosage instructions?,file,https://cdn.example.md/uploads/msg_1431.pdf,1,2026-08-18 02:45:00;;;;;;;
"1432,239,38,doctor,""That side effect can occur, but let me know if it worsens."",text,,0,2026-08-18 04:41:00";;;;;;;
1433,239,264,patient,Is this side effect normal?,image,https://cdn.example.md/uploads/msg_1433.jpg,0,2026-08-18 07:09:00;;;;;;;
"1434,239,38,doctor,""Thanks, I'll review the results and get back to you shortly."",text,,1,2026-08-18 07:46:00";;;;;;;
1435,240,14,doctor,Take one tablet twice a day after meals.,file,https://cdn.example.md/uploads/msg_1435.pdf,1,2026-08-18 02:53:00;;;;;;;
"1436,240,196,patient,""I've been feeling better since the last visit, thank you."",text,,1,2026-08-18 04:06:00";;;;;;;
1437,240,196,patient,Could you clarify the dosage instructions?,text,,1,2026-08-18 06:23:00;;;;;;;
1438,240,196,patient,Could you clarify the dosage instructions?,text,,1,2026-08-18 08:50:00;;;;;;;
"1439,240,196,patient,""I've been feeling better since the last visit, thank you."",text,,0,2026-08-18 11:34:00";;;;;;;
"1440,241,250,patient,""I uploaded my lab results, please check when you can."",text,,1,2026-08-27 02:55:00";;;;;;;
"1441,241,250,patient,""Hello doctor, I wanted to ask about my recent symptoms."",text,,1,2026-08-27 03:46:00";;;;;;;
1442,241,250,patient,Is this side effect normal?,text,,1,2026-08-27 04:29:00;;;;;;;
"1443,241,250,patient,""I uploaded my lab results, please check when you can."",text,,1,2026-08-27 05:53:00";;;;;;;
"1444,241,250,patient,""Hello doctor, I wanted to ask about my recent symptoms."",text,,0,2026-08-27 08:04:00";;;;;;;
"1445,242,349,patient,""I still have some pain, should I be concerned?"",text,,1,2026-08-15 00:55:00";;;;;;;
"1446,242,349,patient,""I uploaded my lab results, please check when you can."",text,,1,2026-08-15 02:48:00";;;;;;;
"1447,242,20,doctor,""That's good to hear, keep up with the treatment plan."",text,,0,2026-08-15 04:59:00";;;;;;;
"1448,242,349,patient,""I still have some pain, should I be concerned?"",text,,1,2026-08-15 06:47:00";;;;;;;
1449,242,20,doctor,Please continue the medication as prescribed and monitor for changes.,text,,0,2026-08-15 09:40:00;;;;;;;
1450,242,20,doctor,Please continue the medication as prescribed and monitor for changes.,text,,0,2026-08-15 11:37:00;;;;;;;
1451,243,12,patient,Thank you for the consultation today.,image,https://cdn.example.md/uploads/msg_1451.jpg,1,2026-08-28 02:08:00;;;;;;;
"1452,243,12,patient,""Hello doctor, I wanted to ask about my recent symptoms."",text,,1,2026-08-28 03:31:00";;;;;;;
1453,243,5,doctor,Take one tablet twice a day after meals.,file,https://cdn.example.md/uploads/msg_1453.pdf,0,2026-08-28 05:24:00;;;;;;;
1454,243,12,patient,Could you clarify the dosage instructions?,text,,1,2026-08-28 07:00:00;;;;;;;
1455,243,12,patient,Could you clarify the dosage instructions?,text,,0,2026-08-28 08:06:00;;;;;;;
"1456,243,5,doctor,""That could be normal, but let's schedule a check-up to be safe."",image,https://cdn.example.md/uploads/msg_1456.jpg,1,2026-08-28 10:39:00";;;;;;;
"1457,243,5,doctor,""That side effect can occur, but let me know if it worsens."",text,,1,2026-08-28 11:09:00";;;;;;;
1458,243,12,patient,When should I come back for a follow-up?,voice,https://cdn.example.md/uploads/msg_1458.mp3,1,2026-08-28 12:02:00;;;;;;;
"1459,244,28,patient,""Hello doctor, I wanted to ask about my recent symptoms."",text,,1,2026-08-22 02:20:00";;;;;;;
"1460,244,11,doctor,""That could be normal, but let's schedule a check-up to be safe."",image,https://cdn.example.md/uploads/msg_1460.jpg,0,2026-08-22 03:34:00";;;;;;;
1461,244,28,patient,Thank you for the consultation today.,voice,https://cdn.example.md/uploads/msg_1461.mp3,1,2026-08-22 03:55:00;;;;;;;
"1462,244,11,doctor,""Thanks, I'll review the results and get back to you shortly."",text,,1,2026-08-22 05:04:00";;;;;;;
1463,244,28,patient,When should I come back for a follow-up?,text,,1,2026-08-22 05:38:00;;;;;;;
1464,244,11,doctor,Let's plan a follow-up in two weeks.,text,,1,2026-08-22 07:36:00;;;;;;;
"1465,245,280,patient,""I've been feeling better since the last visit, thank you."",text,,0,2026-08-12 02:33:00";;;;;;;
"1466,245,14,doctor,""Hello, thanks for reaching out. Let's review your symptoms."",text,,1,2026-08-12 04:21:00";;;;;;;
1467,245,280,patient,Thank you for the consultation today.,text,,1,2026-08-12 06:24:00;;;;;;;
1468,245,14,doctor,Let's plan a follow-up in two weeks.,file,https://cdn.example.md/uploads/msg_1468.pdf,1,2026-08-12 08:41:00;;;;;;;
"1469,245,14,doctor,""You're welcome, take care and reach out if anything changes."",image,https://cdn.example.md/uploads/msg_1469.jpg,1,2026-08-12 11:30:00";;;;;;;
1470,245,280,patient,Can we reschedule my next appointment?,voice,https://cdn.example.md/uploads/msg_1470.mp3,1,2026-08-12 12:50:00;;;;;;;
1471,246,29,doctor,Let's plan a follow-up in two weeks.,text,,1,2026-08-20 02:43:00;;;;;;;
"1472,246,29,doctor,""Sure, I can move it to next week. What day works for you?"",text,,1,2026-08-20 05:32:00";;;;;;;
1473,246,29,doctor,Let's plan a follow-up in two weeks.,text,,0,2026-08-20 07:20:00;;;;;;;
"1474,246,29,doctor,""That could be normal, but let's schedule a check-up to be safe."",voice,https://cdn.example.md/uploads/msg_1474.mp3,1,2026-08-20 09:37:00";;;;;;;
"1475,246,29,doctor,""That could be normal, but let's schedule a check-up to be safe."",text,,1,2026-08-20 09:42:00";;;;;;;
"1476,247,304,patient,""I still have some pain, should I be concerned?"",image,https://cdn.example.md/uploads/msg_1476.jpg,1,2026-08-13 00:21:00";;;;;;;
1477,247,304,patient,When should I come back for a follow-up?,text,,1,2026-08-13 03:20:00;;;;;;;
1478,247,4,doctor,Let's plan a follow-up in two weeks.,file,https://cdn.example.md/uploads/msg_1478.pdf,1,2026-08-13 04:13:00;;;;;;;
"1479,247,304,patient,""Hello doctor, I wanted to ask about my recent symptoms."",voice,https://cdn.example.md/uploads/msg_1479.mp3,1,2026-08-13 05:37:00";;;;;;;
1480,247,304,patient,Is it okay to take this medication with food?,voice,https://cdn.example.md/uploads/msg_1480.mp3,1,2026-08-13 07:20:00;;;;;;;
1481,247,304,patient,Is this side effect normal?,text,,0,2026-08-13 08:51:00;;;;;;;
"1482,247,4,doctor,""You're welcome, take care and reach out if anything changes."",text,,1,2026-08-13 11:17:00";;;;;;;
"1483,247,4,doctor,""That side effect can occur, but let me know if it worsens."",text,,0,2026-08-13 11:52:00";;;;;;;
1484,248,127,patient,When should I come back for a follow-up?,text,,1,2026-08-22 02:27:00;;;;;;;
"1485,248,127,patient,""I still have some pain, should I be concerned?"",image,https://cdn.example.md/uploads/msg_1485.jpg,0,2026-08-22 04:09:00";;;;;;;
"1486,248,127,patient,""I uploaded my lab results, please check when you can."",text,,1,2026-08-22 06:26:00";;;;;;;
1487,248,127,patient,When should I come back for a follow-up?,file,https://cdn.example.md/uploads/msg_1487.pdf,1,2026-08-22 06:44:00;;;;;;;
"1488,248,5,doctor,""You're welcome, take care and reach out if anything changes."",image,https://cdn.example.md/uploads/msg_1488.jpg,1,2026-08-22 08:07:00";;;;;;;
"1489,248,5,doctor,""You're welcome, take care and reach out if anything changes."",voice,https://cdn.example.md/uploads/msg_1489.mp3,1,2026-08-22 10:38:00";;;;;;;
1490,248,127,patient,Could you clarify the dosage instructions?,text,,1,2026-08-22 11:28:00;;;;;;;
"1491,249,19,doctor,""You're welcome, take care and reach out if anything changes."",text,,0,2026-08-31 02:34:00";;;;;;;
"1492,249,61,patient,""Hello doctor, I wanted to ask about my recent symptoms."",file,https://cdn.example.md/uploads/msg_1492.pdf,1,2026-08-31 04:25:00";;;;;;;
"1493,249,19,doctor,""Hello, thanks for reaching out. Let's review your symptoms."",text,,0,2026-08-31 05:42:00";;;;;;;
1494,249,61,patient,Could you clarify the dosage instructions?,text,,1,2026-08-31 05:59:00;;;;;;;
"1495,249,19,doctor,""That side effect can occur, but let me know if it worsens."",file,https://cdn.example.md/uploads/msg_1495.pdf,0,2026-08-31 08:26:00";;;;;;;
"1496,250,19,doctor,""You're welcome, take care and reach out if anything changes."",text,,1,2026-08-17 01:44:00";;;;;;;
"1497,250,19,doctor,""Hello, thanks for reaching out. Let's review your symptoms."",text,,1,2026-08-17 03:44:00";;;;;;;
"1498,250,19,doctor,""That side effect can occur, but let me know if it worsens."",text,,1,2026-08-17 05:42:00";;;;;;;
1499,250,19,doctor,Let's plan a follow-up in two weeks.,text,,1,2026-08-17 07:23:00;;;;;;;
1500,251,94,patient,Is this side effect normal?,text,,1,2026-08-15 00:16:00;;;;;;;
1501,251,94,patient,Can we reschedule my next appointment?,image,https://cdn.example.md/uploads/msg_1501.jpg,1,2026-08-15 01:25:00;;;;;;;
"1502,251,94,patient,""I've been feeling better since the last visit, thank you."",text,,1,2026-08-15 02:20:00";;;;;;;
1503,251,94,patient,Can we reschedule my next appointment?,image,https://cdn.example.md/uploads/msg_1503.jpg,1,2026-08-15 04:06:00;;;;;;;
"1504,251,18,doctor,""That's good to hear, keep up with the treatment plan."",file,https://cdn.example.md/uploads/msg_1504.pdf,1,2026-08-15 06:32:00";;;;;;;
1505,251,94,patient,When should I come back for a follow-up?,text,,1,2026-08-15 07:25:00;;;;;;;
1506,252,125,patient,When should I come back for a follow-up?,voice,https://cdn.example.md/uploads/msg_1506.mp3,1,2026-08-12 00:53:00;;;;;;;
1507,252,125,patient,Thank you for the consultation today.,voice,https://cdn.example.md/uploads/msg_1507.mp3,1,2026-08-12 02:56:00;;;;;;;
"1508,252,125,patient,""Hello doctor, I wanted to ask about my recent symptoms."",image,https://cdn.example.md/uploads/msg_1508.jpg,1,2026-08-12 05:25:00";;;;;;;
"1509,252,12,doctor,""Hello, thanks for reaching out. Let's review your symptoms."",text,,0,2026-08-12 06:28:00";;;;;;;
1510,252,125,patient,Is it okay to take this medication with food?,text,,1,2026-08-12 07:24:00;;;;;;;
"1511,253,19,doctor,""That's good to hear, keep up with the treatment plan."",text,,1,2026-08-26 02:32:00";;;;;;;
"1512,253,334,patient,""I uploaded my lab results, please check when you can."",text,,0,2026-08-26 04:43:00";;;;;;;
1513,253,19,doctor,Take one tablet twice a day after meals.,image,https://cdn.example.md/uploads/msg_1513.jpg,1,2026-08-26 07:32:00;;;;;;;
1514,253,334,patient,Could you clarify the dosage instructions?,text,,1,2026-08-26 08:55:00;;;;;;;
"1515,253,19,doctor,""Hello, thanks for reaching out. Let's review your symptoms."",voice,https://cdn.example.md/uploads/msg_1515.mp3,1,2026-08-26 10:14:00";;;;;;;
1516,253,334,patient,Is this side effect normal?,text,,1,2026-08-26 10:23:00;;;;;;;
"1517,253,19,doctor,""That could be normal, but let's schedule a check-up to be safe."",text,,1,2026-08-26 11:34:00";;;;;;;
"1518,253,19,doctor,""Thanks, I'll review the results and get back to you shortly."",text,,1,2026-08-26 14:22:00";;;;;;;
"1519,254,9,doctor,""Hello, thanks for reaching out. Let's review your symptoms."",voice,https://cdn.example.md/uploads/msg_1519.mp3,0,2026-08-22 00:09:00";;;;;;;
1520,254,328,patient,Is it okay to take this medication with food?,voice,https://cdn.example.md/uploads/msg_1520.mp3,1,2026-08-22 02:16:00;;;;;;;
1521,254,9,doctor,Please continue the medication as prescribed and monitor for changes.,text,,1,2026-08-22 03:10:00;;;;;;;
1522,254,328,patient,Could you clarify the dosage instructions?,file,https://cdn.example.md/uploads/msg_1522.pdf,0,2026-08-22 04:53:00;;;;;;;
1523,254,328,patient,Thank you for the consultation today.,text,,1,2026-08-22 05:42:00;;;;;;;
"1524,254,328,patient,""Hello doctor, I wanted to ask about my recent symptoms."",text,,1,2026-08-22 07:51:00";;;;;;;
"1525,254,9,doctor,""Hello, thanks for reaching out. Let's review your symptoms."",voice,https://cdn.example.md/uploads/msg_1525.mp3,0,2026-08-22 09:47:00";;;;;;;
"1526,255,38,patient,""I uploaded my lab results, please check when you can."",text,,1,2026-08-27 00:23:00";;;;;;;
1527,255,38,patient,Thank you for the consultation today.,text,,1,2026-08-27 00:43:00;;;;;;;
1528,255,16,doctor,Let's plan a follow-up in two weeks.,text,,1,2026-08-27 03:31:00;;;;;;;
1529,255,38,patient,Could you clarify the dosage instructions?,text,,1,2026-08-27 06:13:00;;;;;;;
1530,255,38,patient,Can we reschedule my next appointment?,text,,1,2026-08-27 07:49:00;;;;;;;
"1531,255,38,patient,""I uploaded my lab results, please check when you can."",file,https://cdn.example.md/uploads/msg_1531.pdf,1,2026-08-27 10:20:00";;;;;;;
1532,255,38,patient,Can we reschedule my next appointment?,voice,https://cdn.example.md/uploads/msg_1532.mp3,0,2026-08-27 11:09:00;;;;;;;
"1533,256,2,doctor,""You're welcome, take care and reach out if anything changes."",voice,https://cdn.example.md/uploads/msg_1533.mp3,0,2026-08-25 02:12:00";;;;;;;
1534,256,199,patient,Is this side effect normal?,text,,1,2026-08-25 03:10:00;;;;;;;
1535,256,199,patient,Is this side effect normal?,text,,0,2026-08-25 05:58:00;;;;;;;
1536,256,199,patient,When should I come back for a follow-up?,text,,0,2026-08-25 05:59:00;;;;;;;
"1537,257,335,patient,""Hello doctor, I wanted to ask about my recent symptoms."",voice,https://cdn.example.md/uploads/msg_1537.mp3,1,2026-08-22 02:02:00";;;;;;;
1538,257,335,patient,Is it okay to take this medication with food?,file,https://cdn.example.md/uploads/msg_1538.pdf,1,2026-08-22 02:04:00;;;;;;;
"1539,257,20,doctor,""That could be normal, but let's schedule a check-up to be safe."",text,,0,2026-08-22 04:50:00";;;;;;;
"1540,257,335,patient,""I uploaded my lab results, please check when you can."",text,,1,2026-08-22 05:59:00";;;;;;;
1541,258,253,patient,When should I come back for a follow-up?,text,,1,2026-08-21 01:01:00;;;;;;;
"1542,258,253,patient,""I uploaded my lab results, please check when you can."",image,https://cdn.example.md/uploads/msg_1542.jpg,0,2026-08-21 02:16:00";;;;;;;
1543,258,253,patient,Is it okay to take this medication with food?,text,,1,2026-08-21 03:07:00;;;;;;;
1544,258,21,doctor,Take one tablet twice a day after meals.,voice,https://cdn.example.md/uploads/msg_1544.mp3,1,2026-08-21 03:37:00;;;;;;;
"1545,259,297,patient,""I uploaded my lab results, please check when you can."",text,,1,2026-08-24 02:19:00";;;;;;;
"1546,259,14,doctor,""Thanks, I'll review the results and get back to you shortly."",text,,1,2026-08-24 03:57:00";;;;;;;
"1547,259,14,doctor,""That's good to hear, keep up with the treatment plan."",text,,1,2026-08-24 04:06:00";;;;;;;
"1548,259,297,patient,""I still have some pain, should I be concerned?"",text,,1,2026-08-24 06:54:00";;;;;;;
1549,259,14,doctor,Take one tablet twice a day after meals.,image,https://cdn.example.md/uploads/msg_1549.jpg,1,2026-08-24 08:40:00;;;;;;;
"1550,259,14,doctor,""Sure, I can move it to next week. What day works for you?"",voice,https://cdn.example.md/uploads/msg_1550.mp3,1,2026-08-24 09:59:00";;;;;;;
"1551,259,14,doctor,""That could be normal, but let's schedule a check-up to be safe."",voice,https://cdn.example.md/uploads/msg_1551.mp3,0,2026-08-24 12:39:00";;;;;;;
1552,259,14,doctor,Take one tablet twice a day after meals.,text,,1,2026-08-24 13:23:00;;;;;;;
1553,260,117,patient,Is this side effect normal?,text,,1,2026-08-30 02:32:00;;;;;;;
"1554,260,2,doctor,""Thanks, I'll review the results and get back to you shortly."",text,,1,2026-08-30 04:27:00";;;;;;;
1555,260,117,patient,Is this side effect normal?,text,,1,2026-08-30 06:25:00;;;;;;;
"1556,260,2,doctor,""Hello, thanks for reaching out. Let's review your symptoms."",voice,https://cdn.example.md/uploads/msg_1556.mp3,0,2026-08-30 08:37:00";;;;;;;
1557,260,2,doctor,Take one tablet twice a day after meals.,text,,1,2026-08-30 10:29:00;;;;;;;
"1558,261,3,doctor,""That could be normal, but let's schedule a check-up to be safe."",text,,0,2026-08-14 00:23:00";;;;;;;
"1559,261,3,doctor,""Sure, I can move it to next week. What day works for you?"",text,,1,2026-08-14 00:53:00";;;;;;;
1560,261,3,doctor,Let's plan a follow-up in two weeks.,text,,0,2026-08-14 03:30:00;;;;;;;
1561,261,71,patient,Thank you for the consultation today.,text,,1,2026-08-14 04:46:00;;;;;;;
1562,261,71,patient,When should I come back for a follow-up?,text,,1,2026-08-14 06:26:00;;;;;;;
"1563,262,12,patient,""I've been feeling better since the last visit, thank you."",voice,https://cdn.example.md/uploads/msg_1563.mp3,1,2026-08-12 02:53:00";;;;;;;
1564,262,12,patient,Is it okay to take this medication with food?,text,,1,2026-08-12 03:49:00;;;;;;;
"1565,262,12,patient,""Hello doctor, I wanted to ask about my recent symptoms."",text,,1,2026-08-12 05:23:00";;;;;;;
1566,262,6,doctor,Please continue the medication as prescribed and monitor for changes.,text,,1,2026-08-12 07:48:00;;;;;;;
1567,263,215,patient,Is it okay to take this medication with food?,text,,1,2026-08-15 02:39:00;;;;;;;
1568,263,215,patient,Could you clarify the dosage instructions?,text,,1,2026-08-15 04:02:00;;;;;;;
"1569,263,215,patient,""Hello doctor, I wanted to ask about my recent symptoms."",file,https://cdn.example.md/uploads/msg_1569.pdf,0,2026-08-15 06:59:00";;;;;;;
1570,263,17,doctor,Let's plan a follow-up in two weeks.,file,https://cdn.example.md/uploads/msg_1570.pdf,1,2026-08-15 09:37:00;;;;;;;
"1571,263,215,patient,""I've been feeling better since the last visit, thank you."",image,https://cdn.example.md/uploads/msg_1571.jpg,1,2026-08-15 12:26:00";;;;;;;
"1572,263,215,patient,""I've been feeling better since the last visit, thank you."",text,,0,2026-08-15 13:24:00";;;;;;;
"1573,263,17,doctor,""You're welcome, take care and reach out if anything changes."",text,,0,2026-08-15 15:04:00";;;;;;;
"1574,264,27,doctor,""That's good to hear, keep up with the treatment plan."",voice,https://cdn.example.md/uploads/msg_1574.mp3,1,2026-09-01 02:36:00";;;;;;;
1575,264,46,patient,Is this side effect normal?,text,,1,2026-09-01 03:03:00;;;;;;;
"1576,264,27,doctor,""That's good to hear, keep up with the treatment plan."",text,,0,2026-09-01 03:31:00";;;;;;;
1577,264,46,patient,Thank you for the consultation today.,text,,1,2026-09-01 04:05:00;;;;;;;
"1578,264,46,patient,""I still have some pain, should I be concerned?"",text,,0,2026-09-01 06:32:00";;;;;;;
1579,264,46,patient,Is this side effect normal?,image,https://cdn.example.md/uploads/msg_1579.jpg,1,2026-09-01 08:07:00;;;;;;;
"1580,264,27,doctor,""Hello, thanks for reaching out. Let's review your symptoms."",text,,1,2026-09-01 10:06:00";;;;;;;
1581,265,4,doctor,Let's plan a follow-up in two weeks.,file,https://cdn.example.md/uploads/msg_1581.pdf,0,2026-08-17 02:23:00;;;;;;;
1582,265,54,patient,Thank you for the consultation today.,text,,1,2026-08-17 03:13:00;;;;;;;
"1583,265,54,patient,""I've been feeling better since the last visit, thank you."",text,,0,2026-08-17 05:12:00";;;;;;;
1584,265,54,patient,Could you clarify the dosage instructions?,text,,1,2026-08-17 06:10:00;;;;;;;
1585,265,54,patient,Could you clarify the dosage instructions?,text,,1,2026-08-17 08:40:00;;;;;;;
1586,266,6,doctor,Please continue the medication as prescribed and monitor for changes.,image,https://cdn.example.md/uploads/msg_1586.jpg,1,2026-08-19 02:16:00;;;;;;;
1587,266,226,patient,Can we reschedule my next appointment?,text,,1,2026-08-19 05:07:00;;;;;;;
"1588,266,226,patient,""I still have some pain, should I be concerned?"",image,https://cdn.example.md/uploads/msg_1588.jpg,1,2026-08-19 06:45:00";;;;;;;
1589,266,226,patient,Is this side effect normal?,text,,1,2026-08-19 08:33:00;;;;;;;
"1590,266,6,doctor,""Thanks, I'll review the results and get back to you shortly."",voice,https://cdn.example.md/uploads/msg_1590.mp3,1,2026-08-19 10:03:00";;;;;;;
"1591,266,6,doctor,""Sure, I can move it to next week. What day works for you?"",text,,0,2026-08-19 11:30:00";;;;;;;
1592,267,37,doctor,Let's plan a follow-up in two weeks.,voice,https://cdn.example.md/uploads/msg_1592.mp3,1,2026-08-24 03:00:00;;;;;;;
"1593,267,37,doctor,""That could be normal, but let's schedule a check-up to be safe."",text,,1,2026-08-24 04:11:00";;;;;;;
"1594,267,303,patient,""Hello doctor, I wanted to ask about my recent symptoms."",text,,0,2026-08-24 04:36:00";;;;;;;
"1595,267,37,doctor,""Sure, I can move it to next week. What day works for you?"",text,,1,2026-08-24 05:34:00";;;;;;;
"1596,267,303,patient,""Hello doctor, I wanted to ask about my recent symptoms."",text,,0,2026-08-24 05:49:00";;;;;;;
"1597,267,37,doctor,""Sure, I can move it to next week. What day works for you?"",voice,https://cdn.example.md/uploads/msg_1597.mp3,1,2026-08-24 06:18:00";;;;;;;
"1598,267,37,doctor,""That could be normal, but let's schedule a check-up to be safe."",text,,1,2026-08-24 08:25:00";;;;;;;
"1599,267,303,patient,""I uploaded my lab results, please check when you can."",text,,0,2026-08-24 09:03:00";;;;;;;
"1600,268,200,patient,""Hello doctor, I wanted to ask about my recent symptoms."",text,,1,2026-08-16 00:02:00";;;;;;;
"1601,268,200,patient,""I still have some pain, should I be concerned?"",text,,1,2026-08-16 00:18:00";;;;;;;
1602,268,200,patient,Thank you for the consultation today.,voice,https://cdn.example.md/uploads/msg_1602.mp3,1,2026-08-16 02:23:00;;;;;;;
1603,268,200,patient,Is it okay to take this medication with food?,image,https://cdn.example.md/uploads/msg_1603.jpg,1,2026-08-16 03:21:00;;;;;;;
1604,268,200,patient,Could you clarify the dosage instructions?,text,,0,2026-08-16 03:48:00;;;;;;;
1605,268,200,patient,Is this side effect normal?,text,,1,2026-08-16 06:16:00;;;;;;;
1606,268,200,patient,When should I come back for a follow-up?,text,,1,2026-08-16 08:54:00;;;;;;;
1607,269,336,patient,Could you clarify the dosage instructions?,text,,0,2026-08-23 00:35:00;;;;;;;
"1608,269,37,doctor,""That's good to hear, keep up with the treatment plan."",text,,1,2026-08-23 01:45:00";;;;;;;
1609,269,336,patient,Is it okay to take this medication with food?,text,,0,2026-08-23 02:41:00;;;;;;;
1610,269,336,patient,Can we reschedule my next appointment?,text,,1,2026-08-23 04:59:00;;;;;;;
1611,269,37,doctor,Let's plan a follow-up in two weeks.,file,https://cdn.example.md/uploads/msg_1611.pdf,1,2026-08-23 07:43:00;;;;;;;
"1612,269,37,doctor,""That's good to hear, keep up with the treatment plan."",text,,1,2026-08-23 09:45:00";;;;;;;
1613,270,53,patient,Is this side effect normal?,text,,1,2026-08-17 00:11:00;;;;;;;
1614,270,6,doctor,Let's plan a follow-up in two weeks.,text,,1,2026-08-17 02:48:00;;;;;;;
1615,270,53,patient,When should I come back for a follow-up?,text,,1,2026-08-17 03:16:00;;;;;;;
"1616,270,53,patient,""I've been feeling better since the last visit, thank you."",text,,1,2026-08-17 05:24:00";;;;;;;
"1617,270,6,doctor,""Hello, thanks for reaching out. Let's review your symptoms."",text,,1,2026-08-17 06:30:00";;;;;;;
"1618,270,6,doctor,""Sure, I can move it to next week. What day works for you?"",text,,1,2026-08-17 07:16:00";;;;;;;
"1619,270,6,doctor,""Sure, I can move it to next week. What day works for you?"",image,https://cdn.example.md/uploads/msg_1619.jpg,1,2026-08-17 07:38:00";;;;;;;
1620,270,53,patient,Could you clarify the dosage instructions?,text,,1,2026-08-17 09:49:00;;;;;;;
"1621,271,364,patient,""Hello doctor, I wanted to ask about my recent symptoms."",text,,1,2026-08-18 02:27:00";;;;;;;
"1622,271,38,doctor,""Sure, I can move it to next week. What day works for you?"",voice,https://cdn.example.md/uploads/msg_1622.mp3,1,2026-08-18 04:58:00";;;;;;;
"1623,271,38,doctor,""Sure, I can move it to next week. What day works for you?"",text,,1,2026-08-18 07:25:00";;;;;;;
"1624,271,38,doctor,""Hello, thanks for reaching out. Let's review your symptoms."",text,,1,2026-08-18 09:13:00";;;;;;;
"1625,271,364,patient,""I've been feeling better since the last visit, thank you."",text,,1,2026-08-18 09:49:00";;;;;;;
"1626,272,227,patient,""Hello doctor, I wanted to ask about my recent symptoms."",text,,1,2026-08-21 00:20:00";;;;;;;
"1627,272,227,patient,""I uploaded my lab results, please check when you can."",image,https://cdn.example.md/uploads/msg_1627.jpg,1,2026-08-21 00:48:00";;;;;;;
1628,272,227,patient,When should I come back for a follow-up?,image,https://cdn.example.md/uploads/msg_1628.jpg,1,2026-08-21 01:29:00;;;;;;;
"1629,272,2,doctor,""That's good to hear, keep up with the treatment plan."",image,https://cdn.example.md/uploads/msg_1629.jpg,1,2026-08-21 04:24:00";;;;;;;
1630,273,36,doctor,Let's plan a follow-up in two weeks.,text,,0,2026-08-13 01:16:00;;;;;;;
1631,273,360,patient,Is it okay to take this medication with food?,voice,https://cdn.example.md/uploads/msg_1631.mp3,0,2026-08-13 01:22:00;;;;;;;
1632,273,360,patient,Is it okay to take this medication with food?,text,,1,2026-08-13 03:06:00;;;;;;;
1633,273,360,patient,Is this side effect normal?,text,,1,2026-08-13 05:34:00;;;;;;;
"1634,273,36,doctor,""That could be normal, but let's schedule a check-up to be safe."",text,,1,2026-08-13 06:23:00";;;;;;;
"1635,273,36,doctor,""That could be normal, but let's schedule a check-up to be safe."",text,,0,2026-08-13 08:45:00";;;;;;;
"1636,274,18,doctor,""Sure, I can move it to next week. What day works for you?"",image,https://cdn.example.md/uploads/msg_1636.jpg,1,2026-08-21 01:40:00";;;;;;;
"1637,274,18,doctor,""That's good to hear, keep up with the treatment plan."",file,https://cdn.example.md/uploads/msg_1637.pdf,0,2026-08-21 04:11:00";;;;;;;
1638,274,89,patient,Can we reschedule my next appointment?,text,,1,2026-08-21 05:44:00;;;;;;;
"1639,274,18,doctor,""Thanks, I'll review the results and get back to you shortly."",text,,1,2026-08-21 05:56:00";;;;;;;
1640,274,89,patient,Can we reschedule my next appointment?,image,https://cdn.example.md/uploads/msg_1640.jpg,0,2026-08-21 08:17:00;;;;;;;
"1641,274,18,doctor,""You're welcome, take care and reach out if anything changes."",voice,https://cdn.example.md/uploads/msg_1641.mp3,0,2026-08-21 10:30:00";;;;;;;
1642,274,89,patient,Is this side effect normal?,text,,1,2026-08-21 12:46:00;;;;;;;
1643,275,39,doctor,Take one tablet twice a day after meals.,voice,https://cdn.example.md/uploads/msg_1643.mp3,1,2026-08-25 01:16:00;;;;;;;
"1644,275,177,patient,""I still have some pain, should I be concerned?"",text,,1,2026-08-25 03:05:00";;;;;;;
"1645,275,39,doctor,""Hello, thanks for reaching out. Let's review your symptoms."",text,,1,2026-08-25 04:18:00";;;;;;;
1646,275,177,patient,Is this side effect normal?,text,,1,2026-08-25 06:37:00;;;;;;;
1647,275,177,patient,When should I come back for a follow-up?,image,https://cdn.example.md/uploads/msg_1647.jpg,1,2026-08-25 08:16:00;;;;;;;
1648,275,177,patient,Is this side effect normal?,voice,https://cdn.example.md/uploads/msg_1648.mp3,1,2026-08-25 10:21:00;;;;;;;
"1649,275,39,doctor,""Sure, I can move it to next week. What day works for you?"",voice,https://cdn.example.md/uploads/msg_1649.mp3,0,2026-08-25 10:56:00";;;;;;;
"1650,276,259,patient,""I uploaded my lab results, please check when you can."",text,,1,2026-08-28 02:10:00";;;;;;;
1651,276,259,patient,Could you clarify the dosage instructions?,voice,https://cdn.example.md/uploads/msg_1651.mp3,0,2026-08-28 03:15:00;;;;;;;
1652,276,28,doctor,Let's plan a follow-up in two weeks.,text,,0,2026-08-28 03:34:00;;;;;;;
1653,276,28,doctor,Please continue the medication as prescribed and monitor for changes.,file,https://cdn.example.md/uploads/msg_1653.pdf,1,2026-08-28 03:46:00;;;;;;;
1654,276,259,patient,Is this side effect normal?,file,https://cdn.example.md/uploads/msg_1654.pdf,1,2026-08-28 04:49:00;;;;;;;
"1655,276,28,doctor,""Hello, thanks for reaching out. Let's review your symptoms."",text,,1,2026-08-28 07:45:00";;;;;;;
1656,277,161,patient,When should I come back for a follow-up?,text,,1,2026-08-22 02:39:00;;;;;;;
1657,277,161,patient,Thank you for the consultation today.,text,,0,2026-08-22 03:50:00;;;;;;;
1658,277,16,doctor,Please continue the medication as prescribed and monitor for changes.,file,https://cdn.example.md/uploads/msg_1658.pdf,1,2026-08-22 04:38:00;;;;;;;
"1659,277,161,patient,""I've been feeling better since the last visit, thank you."",text,,1,2026-08-22 06:23:00";;;;;;;
1660,277,16,doctor,Let's plan a follow-up in two weeks.,text,,1,2026-08-22 06:49:00;;;;;;;
"1661,277,16,doctor,""Thanks, I'll review the results and get back to you shortly."",image,https://cdn.example.md/uploads/msg_1661.jpg,1,2026-08-22 07:11:00";;;;;;;
"1662,277,16,doctor,""That could be normal, but let's schedule a check-up to be safe."",text,,1,2026-08-22 07:46:00";;;;;;;
1663,278,3,doctor,Please continue the medication as prescribed and monitor for changes.,text,,1,2026-08-24 02:23:00;;;;;;;
1664,278,3,doctor,Let's plan a follow-up in two weeks.,voice,https://cdn.example.md/uploads/msg_1664.mp3,0,2026-08-24 03:25:00;;;;;;;
1665,278,345,patient,Could you clarify the dosage instructions?,image,https://cdn.example.md/uploads/msg_1665.jpg,0,2026-08-24 03:47:00;;;;;;;
1666,278,345,patient,Is it okay to take this medication with food?,image,https://cdn.example.md/uploads/msg_1666.jpg,1,2026-08-24 04:53:00;;;;;;;
"1667,278,345,patient,""I've been feeling better since the last visit, thank you."",text,,1,2026-08-24 07:29:00";;;;;;;
1668,278,345,patient,Can we reschedule my next appointment?,text,,0,2026-08-24 10:29:00;;;;;;;
1669,279,16,patient,Is it okay to take this medication with food?,text,,1,2026-08-23 02:32:00;;;;;;;
1670,279,16,patient,Can we reschedule my next appointment?,text,,0,2026-08-23 03:57:00;;;;;;;
"1671,279,16,patient,""I've been feeling better since the last visit, thank you."",file,https://cdn.example.md/uploads/msg_1671.pdf,1,2026-08-23 04:06:00";;;;;;;
1672,279,37,doctor,Take one tablet twice a day after meals.,text,,1,2026-08-23 05:32:00;;;;;;;
1673,279,16,patient,Is it okay to take this medication with food?,text,,1,2026-08-23 06:26:00;;;;;;;
"1674,279,37,doctor,""That side effect can occur, but let me know if it worsens."",text,,1,2026-08-23 09:09:00";;;;;;;
"1675,279,16,patient,""I still have some pain, should I be concerned?"",text,,1,2026-08-23 11:58:00";;;;;;;
"1676,280,151,patient,""Hello doctor, I wanted to ask about my recent symptoms."",text,,1,2026-08-27 00:34:00";;;;;;;
"1677,280,151,patient,""I've been feeling better since the last visit, thank you."",file,https://cdn.example.md/uploads/msg_1677.pdf,1,2026-08-27 03:21:00";;;;;;;
"1678,280,33,doctor,""Sure, I can move it to next week. What day works for you?"",text,,1,2026-08-27 03:31:00";;;;;;;
"1679,280,151,patient,""I still have some pain, should I be concerned?"",text,,1,2026-08-27 03:49:00";;;;;;;
"1680,280,33,doctor,""That side effect can occur, but let me know if it worsens."",file,https://cdn.example.md/uploads/msg_1680.pdf,1,2026-08-27 05:58:00";;;;;;;
1681,280,151,patient,When should I come back for a follow-up?,file,https://cdn.example.md/uploads/msg_1681.pdf,1,2026-08-27 06:19:00;;;;;;;
"1682,281,31,doctor,""That side effect can occur, but let me know if it worsens."",text,,1,2026-08-12 02:46:00";;;;;;;
"1683,281,31,doctor,""Hello, thanks for reaching out. Let's review your symptoms."",text,,1,2026-08-12 04:03:00";;;;;;;
"1684,281,14,patient,""I've been feeling better since the last visit, thank you."",text,,1,2026-08-12 06:43:00";;;;;;;
1685,281,14,patient,Thank you for the consultation today.,text,,1,2026-08-12 09:43:00;;;;;;;
"1686,281,31,doctor,""Sure, I can move it to next week. What day works for you?"",text,,1,2026-08-12 12:22:00";;;;;;;
1687,281,14,patient,Can we reschedule my next appointment?,voice,https://cdn.example.md/uploads/msg_1687.mp3,1,2026-08-12 13:04:00;;;;;;;
"1688,282,4,doctor,""Sure, I can move it to next week. What day works for you?"",file,https://cdn.example.md/uploads/msg_1688.pdf,1,2026-08-16 01:20:00";;;;;;;
1689,282,340,patient,Could you clarify the dosage instructions?,text,,0,2026-08-16 02:45:00;;;;;;;
"1690,282,4,doctor,""That could be normal, but let's schedule a check-up to be safe."",text,,1,2026-08-16 03:12:00";;;;;;;
"1691,282,4,doctor,""Thanks, I'll review the results and get back to you shortly."",file,https://cdn.example.md/uploads/msg_1691.pdf,1,2026-08-16 03:16:00";;;;;;;
1692,283,205,patient,Is this side effect normal?,text,,1,2026-08-20 00:22:00;;;;;;;
1693,283,205,patient,Could you clarify the dosage instructions?,voice,https://cdn.example.md/uploads/msg_1693.mp3,1,2026-08-20 01:42:00;;;;;;;
1694,283,205,patient,Can we reschedule my next appointment?,voice,https://cdn.example.md/uploads/msg_1694.mp3,1,2026-08-20 02:57:00;;;;;;;
"1695,283,40,doctor,""That side effect can occur, but let me know if it worsens."",text,,1,2026-08-20 03:19:00";;;;;;;
1696,283,40,doctor,Let's plan a follow-up in two weeks.,image,https://cdn.example.md/uploads/msg_1696.jpg,0,2026-08-20 05:32:00;;;;;;;
1697,283,205,patient,Is it okay to take this medication with food?,text,,1,2026-08-20 07:56:00;;;;;;;
1698,284,294,patient,Is it okay to take this medication with food?,text,,1,2026-08-22 02:06:00;;;;;;;
"1699,284,294,patient,""Hello doctor, I wanted to ask about my recent symptoms."",text,,0,2026-08-22 02:21:00";;;;;;;
"1700,284,17,doctor,""You're welcome, take care and reach out if anything changes."",text,,1,2026-08-22 04:48:00";;;;;;;
"1701,284,17,doctor,""Thanks, I'll review the results and get back to you shortly."",text,,1,2026-08-22 06:34:00";;;;;;;
1702,284,17,doctor,Please continue the medication as prescribed and monitor for changes.,image,https://cdn.example.md/uploads/msg_1702.jpg,1,2026-08-22 09:17:00;;;;;;;
"1703,285,101,patient,""I've been feeling better since the last visit, thank you."",voice,https://cdn.example.md/uploads/msg_1703.mp3,0,2026-08-18 02:02:00";;;;;;;
"1704,285,101,patient,""I've been feeling better since the last visit, thank you."",text,,1,2026-08-18 03:00:00";;;;;;;
"1705,285,101,patient,""Hello doctor, I wanted to ask about my recent symptoms."",voice,https://cdn.example.md/uploads/msg_1705.mp3,0,2026-08-18 03:09:00";;;;;;;
"1706,285,14,doctor,""Thanks, I'll review the results and get back to you shortly."",text,,1,2026-08-18 03:43:00";;;;;;;
1707,285,14,doctor,Please continue the medication as prescribed and monitor for changes.,image,https://cdn.example.md/uploads/msg_1707.jpg,1,2026-08-18 06:02:00;;;;;;;
"1708,286,4,doctor,""You're welcome, take care and reach out if anything changes."",voice,https://cdn.example.md/uploads/msg_1708.mp3,1,2026-08-17 01:23:00";;;;;;;
"1709,286,4,doctor,""You're welcome, take care and reach out if anything changes."",image,https://cdn.example.md/uploads/msg_1709.jpg,1,2026-08-17 04:06:00";;;;;;;
"1710,286,4,doctor,""That could be normal, but let's schedule a check-up to be safe."",text,,1,2026-08-17 04:11:00";;;;;;;
"1711,286,4,doctor,""Sure, I can move it to next week. What day works for you?"",text,,1,2026-08-17 05:22:00";;;;;;;
"1712,286,4,doctor,""That's good to hear, keep up with the treatment plan."",file,https://cdn.example.md/uploads/msg_1712.pdf,1,2026-08-17 07:12:00";;;;;;;
1713,286,146,patient,Could you clarify the dosage instructions?,text,,1,2026-08-17 09:52:00;;;;;;;
"1714,286,146,patient,""Hello doctor, I wanted to ask about my recent symptoms."",text,,1,2026-08-17 10:03:00";;;;;;;
1715,287,14,doctor,Take one tablet twice a day after meals.,file,https://cdn.example.md/uploads/msg_1715.pdf,0,2026-08-25 02:49:00;;;;;;;
1716,287,57,patient,Could you clarify the dosage instructions?,text,,0,2026-08-25 03:19:00;;;;;;;
1717,287,14,doctor,Take one tablet twice a day after meals.,text,,1,2026-08-25 05:04:00;;;;;;;
"1718,287,14,doctor,""You're welcome, take care and reach out if anything changes."",voice,https://cdn.example.md/uploads/msg_1718.mp3,1,2026-08-25 07:01:00";;;;;;;
"1719,287,14,doctor,""Sure, I can move it to next week. What day works for you?"",image,https://cdn.example.md/uploads/msg_1719.jpg,1,2026-08-25 08:03:00";;;;;;;
1720,287,14,doctor,Take one tablet twice a day after meals.,text,,1,2026-08-25 10:58:00;;;;;;;
"1721,287,14,doctor,""That side effect can occur, but let me know if it worsens."",text,,1,2026-08-25 11:23:00";;;;;;;
"1722,288,40,doctor,""Hello, thanks for reaching out. Let's review your symptoms."",text,,1,2026-08-31 02:10:00";;;;;;;
"1723,288,40,doctor,""That's good to hear, keep up with the treatment plan."",file,https://cdn.example.md/uploads/msg_1723.pdf,1,2026-08-31 05:10:00";;;;;;;
"1724,288,35,patient,""Hello doctor, I wanted to ask about my recent symptoms."",text,,1,2026-08-31 07:20:00";;;;;;;
"1725,288,40,doctor,""That side effect can occur, but let me know if it worsens."",text,,0,2026-08-31 08:30:00";;;;;;;
1726,288,40,doctor,Please continue the medication as prescribed and monitor for changes.,text,,0,2026-08-31 11:22:00;;;;;;;
"1727,288,40,doctor,""You're welcome, take care and reach out if anything changes."",text,,1,2026-08-31 12:24:00";;;;;;;
1728,288,40,doctor,Take one tablet twice a day after meals.,text,,1,2026-08-31 13:52:00;;;;;;;
"1729,288,40,doctor,""That could be normal, but let's schedule a check-up to be safe."",text,,1,2026-08-31 14:21:00";;;;;;;
"1730,289,32,doctor,""That's good to hear, keep up with the treatment plan."",text,,1,2026-08-26 02:35:00";;;;;;;
"1731,289,32,doctor,""You're welcome, take care and reach out if anything changes."",text,,1,2026-08-26 03:37:00";;;;;;;
1732,289,207,patient,When should I come back for a follow-up?,text,,1,2026-08-26 06:10:00;;;;;;;
"1733,289,207,patient,""I still have some pain, should I be concerned?"",text,,1,2026-08-26 07:02:00";;;;;;;
1734,290,67,patient,Can we reschedule my next appointment?,file,https://cdn.example.md/uploads/msg_1734.pdf,0,2026-08-18 01:01:00;;;;;;;
"1735,290,67,patient,""I still have some pain, should I be concerned?"",text,,1,2026-08-18 03:35:00";;;;;;;
"1736,290,23,doctor,""Sure, I can move it to next week. What day works for you?"",text,,0,2026-08-18 05:39:00";;;;;;;
1737,290,67,patient,Is this side effect normal?,text,,1,2026-08-18 08:25:00;;;;;;;
"1738,290,67,patient,""I still have some pain, should I be concerned?"",text,,0,2026-08-18 10:12:00";;;;;;;
"1739,290,67,patient,""I've been feeling better since the last visit, thank you."",text,,1,2026-08-18 11:22:00";;;;;;;
"1740,291,29,doctor,""That could be normal, but let's schedule a check-up to be safe."",text,,1,2026-08-12 01:01:00";;;;;;;
1741,291,346,patient,Can we reschedule my next appointment?,image,https://cdn.example.md/uploads/msg_1741.jpg,1,2026-08-12 02:46:00;;;;;;;
1742,291,29,doctor,Please continue the medication as prescribed and monitor for changes.,text,,0,2026-08-12 02:50:00;;;;;;;
"1743,291,346,patient,""Hello doctor, I wanted to ask about my recent symptoms."",image,https://cdn.example.md/uploads/msg_1743.jpg,1,2026-08-12 03:24:00";;;;;;;
"1744,291,29,doctor,""That side effect can occur, but let me know if it worsens."",voice,https://cdn.example.md/uploads/msg_1744.mp3,1,2026-08-12 04:27:00";;;;;;;
"1745,291,346,patient,""I still have some pain, should I be concerned?"",image,https://cdn.example.md/uploads/msg_1745.jpg,1,2026-08-12 05:59:00";;;;;;;
1746,291,29,doctor,Let's plan a follow-up in two weeks.,text,,1,2026-08-12 06:48:00;;;;;;;
1747,292,244,patient,Thank you for the consultation today.,text,,0,2026-09-01 02:57:00;;;;;;;
"1748,292,36,doctor,""You're welcome, take care and reach out if anything changes."",text,,1,2026-09-01 03:54:00";;;;;;;
"1749,292,244,patient,""I still have some pain, should I be concerned?"",image,https://cdn.example.md/uploads/msg_1749.jpg,1,2026-09-01 04:43:00";;;;;;;
1750,292,244,patient,Thank you for the consultation today.,text,,0,2026-09-01 04:48:00;;;;;;;
"1751,292,36,doctor,""That's good to hear, keep up with the treatment plan."",text,,1,2026-09-01 06:50:00";;;;;;;
1752,292,244,patient,When should I come back for a follow-up?,voice,https://cdn.example.md/uploads/msg_1752.mp3,1,2026-09-01 07:56:00;;;;;;;
1753,292,36,doctor,Please continue the medication as prescribed and monitor for changes.,text,,1,2026-09-01 09:52:00;;;;;;;
1754,292,244,patient,Could you clarify the dosage instructions?,file,https://cdn.example.md/uploads/msg_1754.pdf,1,2026-09-01 10:11:00;;;;;;;
"1755,293,29,doctor,""That could be normal, but let's schedule a check-up to be safe."",image,https://cdn.example.md/uploads/msg_1755.jpg,0,2026-08-18 02:14:00";;;;;;;
"1756,293,29,doctor,""You're welcome, take care and reach out if anything changes."",image,https://cdn.example.md/uploads/msg_1756.jpg,0,2026-08-18 04:39:00";;;;;;;
"1757,293,129,patient,""I've been feeling better since the last visit, thank you."",image,https://cdn.example.md/uploads/msg_1757.jpg,1,2026-08-18 06:17:00";;;;;;;
"1758,293,129,patient,""Hello doctor, I wanted to ask about my recent symptoms."",text,,1,2026-08-18 06:26:00";;;;;;;
1759,293,129,patient,When should I come back for a follow-up?,text,,1,2026-08-18 07:26:00;;;;;;;
"1760,293,29,doctor,""That's good to hear, keep up with the treatment plan."",image,https://cdn.example.md/uploads/msg_1760.jpg,1,2026-08-18 09:28:00";;;;;;;
"1761,293,29,doctor,""You're welcome, take care and reach out if anything changes."",image,https://cdn.example.md/uploads/msg_1761.jpg,1,2026-08-18 12:26:00";;;;;;;
"1762,294,24,doctor,""You're welcome, take care and reach out if anything changes."",text,,1,2026-08-13 02:11:00";;;;;;;
1763,294,24,doctor,Take one tablet twice a day after meals.,file,https://cdn.example.md/uploads/msg_1763.pdf,1,2026-08-13 02:16:00;;;;;;;
"1764,294,24,doctor,""Sure, I can move it to next week. What day works for you?"",text,,1,2026-08-13 04:13:00";;;;;;;
1765,294,24,doctor,Take one tablet twice a day after meals.,voice,https://cdn.example.md/uploads/msg_1765.mp3,0,2026-08-13 06:21:00;;;;;;;
"1766,294,24,doctor,""You're welcome, take care and reach out if anything changes."",voice,https://cdn.example.md/uploads/msg_1766.mp3,1,2026-08-13 07:39:00";;;;;;;
"1767,294,275,patient,""Hello doctor, I wanted to ask about my recent symptoms."",text,,1,2026-08-13 08:15:00";;;;;;;
1768,294,275,patient,Thank you for the consultation today.,text,,0,2026-08-13 10:16:00;;;;;;;
1769,295,12,doctor,Let's plan a follow-up in two weeks.,text,,1,2026-08-29 00:46:00;;;;;;;
"1770,295,391,patient,""I uploaded my lab results, please check when you can."",voice,https://cdn.example.md/uploads/msg_1770.mp3,1,2026-08-29 03:24:00";;;;;;;
"1771,295,12,doctor,""Thanks, I'll review the results and get back to you shortly."",file,https://cdn.example.md/uploads/msg_1771.pdf,1,2026-08-29 03:57:00";;;;;;;
1772,295,391,patient,When should I come back for a follow-up?,file,https://cdn.example.md/uploads/msg_1772.pdf,0,2026-08-29 04:23:00;;;;;;;
1773,295,391,patient,Is this side effect normal?,text,,0,2026-08-29 05:53:00;;;;;;;
"1774,295,12,doctor,""You're welcome, take care and reach out if anything changes."",voice,https://cdn.example.md/uploads/msg_1774.mp3,1,2026-08-29 08:37:00";;;;;;;
1775,295,12,doctor,Please continue the medication as prescribed and monitor for changes.,voice,https://cdn.example.md/uploads/msg_1775.mp3,1,2026-08-29 09:57:00;;;;;;;
1776,295,12,doctor,Please continue the medication as prescribed and monitor for changes.,text,,1,2026-08-29 11:41:00;;;;;;;
"1777,296,12,doctor,""Sure, I can move it to next week. What day works for you?"",voice,https://cdn.example.md/uploads/msg_1777.mp3,0,2026-08-13 02:11:00";;;;;;;
"1778,296,12,doctor,""Sure, I can move it to next week. What day works for you?"",text,,1,2026-08-13 04:34:00";;;;;;;
1779,296,323,patient,Could you clarify the dosage instructions?,text,,1,2026-08-13 06:34:00;;;;;;;
1780,296,323,patient,Could you clarify the dosage instructions?,file,https://cdn.example.md/uploads/msg_1780.pdf,1,2026-08-13 06:48:00;;;;;;;
1781,296,12,doctor,Please continue the medication as prescribed and monitor for changes.,image,https://cdn.example.md/uploads/msg_1781.jpg,1,2026-08-13 08:27:00;;;;;;;
1782,296,323,patient,Is this side effect normal?,text,,0,2026-08-13 09:43:00;;;;;;;
"1783,296,323,patient,""I still have some pain, should I be concerned?"",image,https://cdn.example.md/uploads/msg_1783.jpg,1,2026-08-13 11:27:00";;;;;;;
"1784,297,20,doctor,""That side effect can occur, but let me know if it worsens."",file,https://cdn.example.md/uploads/msg_1784.pdf,1,2026-08-23 00:23:00";;;;;;;
"1785,297,20,doctor,""Sure, I can move it to next week. What day works for you?"",text,,1,2026-08-23 01:53:00";;;;;;;
"1786,297,20,doctor,""That side effect can occur, but let me know if it worsens."",text,,1,2026-08-23 02:54:00";;;;;;;
1787,297,45,patient,Is it okay to take this medication with food?,image,https://cdn.example.md/uploads/msg_1787.jpg,1,2026-08-23 04:48:00;;;;;;;
"1788,298,39,doctor,""That side effect can occur, but let me know if it worsens."",voice,https://cdn.example.md/uploads/msg_1788.mp3,1,2026-08-18 01:19:00";;;;;;;
"1789,298,39,doctor,""That side effect can occur, but let me know if it worsens."",file,https://cdn.example.md/uploads/msg_1789.pdf,1,2026-08-18 02:49:00";;;;;;;
"1790,298,39,doctor,""Thanks, I'll review the results and get back to you shortly."",text,,1,2026-08-18 03:31:00";;;;;;;
"1791,298,39,doctor,""That side effect can occur, but let me know if it worsens."",image,https://cdn.example.md/uploads/msg_1791.jpg,1,2026-08-18 05:56:00";;;;;;;
"1792,298,291,patient,""I uploaded my lab results, please check when you can."",text,,1,2026-08-18 05:59:00";;;;;;;
"1793,298,39,doctor,""You're welcome, take care and reach out if anything changes."",text,,1,2026-08-18 07:45:00";;;;;;;
1794,298,291,patient,Could you clarify the dosage instructions?,text,,0,2026-08-18 09:29:00;;;;;;;
1795,299,16,patient,Can we reschedule my next appointment?,text,,1,2026-09-01 00:53:00;;;;;;;
1796,299,16,patient,Could you clarify the dosage instructions?,text,,0,2026-09-01 03:49:00;;;;;;;
1797,299,16,patient,Thank you for the consultation today.,text,,0,2026-09-01 06:00:00;;;;;;;
1798,299,16,patient,Could you clarify the dosage instructions?,text,,1,2026-09-01 07:43:00;;;;;;;
1799,299,16,patient,Can we reschedule my next appointment?,text,,1,2026-09-01 08:25:00;;;;;;;
1800,299,16,patient,Can we reschedule my next appointment?,image,https://cdn.example.md/uploads/msg_1800.jpg,0,2026-09-01 10:38:00;;;;;;;
"1801,300,6,doctor,""That side effect can occur, but let me know if it worsens."",text,,0,2026-08-20 01:10:00";;;;;;;
"1802,300,34,patient,""I've been feeling better since the last visit, thank you."",image,https://cdn.example.md/uploads/msg_1802.jpg,1,2026-08-20 03:03:00";;;;;;;
"1803,300,6,doctor,""That side effect can occur, but let me know if it worsens."",text,,1,2026-08-20 04:31:00";;;;;;;
1804,300,34,patient,Thank you for the consultation today.,text,,0,2026-08-20 05:06:00;;;;;;;
"1805,300,34,patient,""I've been feeling better since the last visit, thank you."",file,https://cdn.example.md/uploads/msg_1805.pdf,0,2026-08-20 05:26:00";;;;;;;
"1806,300,34,patient,""I still have some pain, should I be concerned?"",file,https://cdn.example.md/uploads/msg_1806.pdf,1,2026-08-20 08:03:00";;;;;;;
"1807,301,10,doctor,""Thanks, I'll review the results and get back to you shortly."",file,https://cdn.example.md/uploads/msg_1807.pdf,0,2026-08-19 02:29:00";;;;;;;
1808,301,10,doctor,Let's plan a follow-up in two weeks.,image,https://cdn.example.md/uploads/msg_1808.jpg,1,2026-08-19 04:58:00;;;;;;;
"1809,301,180,patient,""I still have some pain, should I be concerned?"",text,,1,2026-08-19 06:41:00";;;;;;;
"1810,301,180,patient,""I uploaded my lab results, please check when you can."",text,,1,2026-08-19 06:43:00";;;;;;;
1811,302,36,doctor,Let's plan a follow-up in two weeks.,text,,1,2026-08-30 00:46:00;;;;;;;
"1812,302,36,doctor,""That side effect can occur, but let me know if it worsens."",text,,1,2026-08-30 03:26:00";;;;;;;
"1813,302,353,patient,""I uploaded my lab results, please check when you can."",text,,0,2026-08-30 05:03:00";;;;;;;
1814,302,353,patient,Is this side effect normal?,file,https://cdn.example.md/uploads/msg_1814.pdf,1,2026-08-30 05:44:00;;;;;;;
1815,303,258,patient,Thank you for the consultation today.,file,https://cdn.example.md/uploads/msg_1815.pdf,0,2026-08-22 02:44:00;;;;;;;
1816,303,258,patient,Is this side effect normal?,text,,1,2026-08-22 04:45:00;;;;;;;
1817,303,6,doctor,Please continue the medication as prescribed and monitor for changes.,text,,1,2026-08-22 06:27:00;;;;;;;
1818,303,258,patient,Is it okay to take this medication with food?,text,,1,2026-08-22 08:56:00;;;;;;;
"1819,303,258,patient,""Hello doctor, I wanted to ask about my recent symptoms."",file,https://cdn.example.md/uploads/msg_1819.pdf,1,2026-08-22 10:52:00";;;;;;;
1820,304,2,doctor,Let's plan a follow-up in two weeks.,image,https://cdn.example.md/uploads/msg_1820.jpg,0,2026-08-30 02:38:00;;;;;;;
"1821,304,382,patient,""Hello doctor, I wanted to ask about my recent symptoms."",file,https://cdn.example.md/uploads/msg_1821.pdf,0,2026-08-30 03:16:00";;;;;;;
1822,304,2,doctor,Take one tablet twice a day after meals.,text,,1,2026-08-30 03:28:00;;;;;;;
"1823,304,382,patient,""Hello doctor, I wanted to ask about my recent symptoms."",image,https://cdn.example.md/uploads/msg_1823.jpg,0,2026-08-30 03:56:00";;;;;;;
1824,304,382,patient,Is it okay to take this medication with food?,voice,https://cdn.example.md/uploads/msg_1824.mp3,1,2026-08-30 05:28:00;;;;;;;
"1825,304,382,patient,""I've been feeling better since the last visit, thank you."",image,https://cdn.example.md/uploads/msg_1825.jpg,1,2026-08-30 08:15:00";;;;;;;
1826,304,382,patient,Thank you for the consultation today.,text,,1,2026-08-30 08:42:00;;;;;;;
"1827,304,2,doctor,""Thanks, I'll review the results and get back to you shortly."",text,,1,2026-08-30 09:50:00";;;;;;;
"1828,305,11,doctor,""Hello, thanks for reaching out. Let's review your symptoms."",text,,1,2026-08-18 02:30:00";;;;;;;
"1829,305,11,doctor,""You're welcome, take care and reach out if anything changes."",text,,0,2026-08-18 03:00:00";;;;;;;
1830,305,333,patient,Can we reschedule my next appointment?,text,,1,2026-08-18 03:45:00;;;;;;;
1831,305,333,patient,Thank you for the consultation today.,voice,https://cdn.example.md/uploads/msg_1831.mp3,1,2026-08-18 05:09:00;;;;;;;
1832,306,391,patient,When should I come back for a follow-up?,text,,0,2026-08-19 01:11:00;;;;;;;
1833,306,391,patient,Could you clarify the dosage instructions?,text,,0,2026-08-19 01:36:00;;;;;;;
"1834,306,26,doctor,""Sure, I can move it to next week. What day works for you?"",file,https://cdn.example.md/uploads/msg_1834.pdf,1,2026-08-19 03:09:00";;;;;;;
1835,306,26,doctor,Take one tablet twice a day after meals.,text,,1,2026-08-19 03:34:00;;;;;;;
"1836,306,26,doctor,""You're welcome, take care and reach out if anything changes."",image,https://cdn.example.md/uploads/msg_1836.jpg,1,2026-08-19 06:04:00";;;;;;;
"1837,306,391,patient,""I uploaded my lab results, please check when you can."",text,,1,2026-08-19 07:34:00";;;;;;;
"1838,306,26,doctor,""That could be normal, but let's schedule a check-up to be safe."",voice,https://cdn.example.md/uploads/msg_1838.mp3,0,2026-08-19 08:36:00";;;;;;;
"1839,306,26,doctor,""That's good to hear, keep up with the treatment plan."",text,,1,2026-08-19 08:42:00";;;;;;;
1840,307,378,patient,Could you clarify the dosage instructions?,image,https://cdn.example.md/uploads/msg_1840.jpg,1,2026-08-17 01:35:00;;;;;;;
1841,307,378,patient,Is this side effect normal?,file,https://cdn.example.md/uploads/msg_1841.pdf,1,2026-08-17 03:25:00;;;;;;;
1842,307,378,patient,Could you clarify the dosage instructions?,text,,1,2026-08-17 05:39:00;;;;;;;
"1843,307,12,doctor,""Sure, I can move it to next week. What day works for you?"",text,,0,2026-08-17 06:18:00";;;;;;;
"1844,307,12,doctor,""Hello, thanks for reaching out. Let's review your symptoms."",voice,https://cdn.example.md/uploads/msg_1844.mp3,0,2026-08-17 09:01:00";;;;;;;
"1845,307,12,doctor,""You're welcome, take care and reach out if anything changes."",text,,1,2026-08-17 11:41:00";;;;;;;
"1846,307,12,doctor,""Thanks, I'll review the results and get back to you shortly."",text,,1,2026-08-17 14:01:00";;;;;;;
"1847,308,20,doctor,""That could be normal, but let's schedule a check-up to be safe."",text,,0,2026-08-20 02:10:00";;;;;;;
"1848,308,20,doctor,""Hello, thanks for reaching out. Let's review your symptoms."",text,,0,2026-08-20 02:21:00";;;;;;;
"1849,308,175,patient,""I uploaded my lab results, please check when you can."",text,,1,2026-08-20 04:58:00";;;;;;;
"1850,308,20,doctor,""That's good to hear, keep up with the treatment plan."",text,,1,2026-08-20 05:24:00";;;;;;;
"1851,308,20,doctor,""That side effect can occur, but let me know if it worsens."",text,,1,2026-08-20 07:34:00";;;;;;;
"1852,308,175,patient,""I've been feeling better since the last visit, thank you."",text,,1,2026-08-20 09:16:00";;;;;;;
"1853,309,95,patient,""Hello doctor, I wanted to ask about my recent symptoms."",text,,1,2026-08-14 01:51:00";;;;;;;
"1854,309,11,doctor,""Thanks, I'll review the results and get back to you shortly."",image,https://cdn.example.md/uploads/msg_1854.jpg,1,2026-08-14 04:41:00";;;;;;;
"1855,309,11,doctor,""That could be normal, but let's schedule a check-up to be safe."",voice,https://cdn.example.md/uploads/msg_1855.mp3,0,2026-08-14 05:24:00";;;;;;;
1856,309,95,patient,Is this side effect normal?,voice,https://cdn.example.md/uploads/msg_1856.mp3,1,2026-08-14 06:48:00;;;;;;;
1857,310,11,doctor,Let's plan a follow-up in two weeks.,text,,1,2026-08-25 01:02:00;;;;;;;
1858,310,100,patient,Is this side effect normal?,voice,https://cdn.example.md/uploads/msg_1858.mp3,0,2026-08-25 01:37:00;;;;;;;
"1859,310,100,patient,""I still have some pain, should I be concerned?"",voice,https://cdn.example.md/uploads/msg_1859.mp3,1,2026-08-25 02:55:00";;;;;;;
"1860,310,100,patient,""I still have some pain, should I be concerned?"",text,,1,2026-08-25 04:29:00";;;;;;;
1861,310,100,patient,Is it okay to take this medication with food?,file,https://cdn.example.md/uploads/msg_1861.pdf,1,2026-08-25 05:15:00;;;;;;;
1862,311,298,patient,Thank you for the consultation today.,text,,0,2026-08-31 02:12:00;;;;;;;
1863,311,298,patient,Is this side effect normal?,file,https://cdn.example.md/uploads/msg_1863.pdf,0,2026-08-31 02:58:00;;;;;;;
1864,311,298,patient,Can we reschedule my next appointment?,text,,1,2026-08-31 03:43:00;;;;;;;
1865,311,298,patient,Can we reschedule my next appointment?,text,,1,2026-08-31 03:50:00;;;;;;;
1866,311,298,patient,Could you clarify the dosage instructions?,voice,https://cdn.example.md/uploads/msg_1866.mp3,1,2026-08-31 05:50:00;;;;;;;
1867,311,298,patient,Thank you for the consultation today.,image,https://cdn.example.md/uploads/msg_1867.jpg,1,2026-08-31 06:33:00;;;;;;;
"1868,311,8,doctor,""Thanks, I'll review the results and get back to you shortly."",text,,0,2026-08-31 08:36:00";;;;;;;
"1869,311,8,doctor,""That side effect can occur, but let me know if it worsens."",voice,https://cdn.example.md/uploads/msg_1869.mp3,0,2026-08-31 10:43:00";;;;;;;
1870,312,11,doctor,Please continue the medication as prescribed and monitor for changes.,text,,1,2026-08-15 00:16:00;;;;;;;
"1871,312,11,doctor,""That side effect can occur, but let me know if it worsens."",text,,0,2026-08-15 01:42:00";;;;;;;
"1872,312,11,doctor,""Thanks, I'll review the results and get back to you shortly."",file,https://cdn.example.md/uploads/msg_1872.pdf,1,2026-08-15 02:09:00";;;;;;;
"1873,312,143,patient,""Hello doctor, I wanted to ask about my recent symptoms."",voice,https://cdn.example.md/uploads/msg_1873.mp3,1,2026-08-15 04:18:00";;;;;;;
1874,312,143,patient,Can we reschedule my next appointment?,text,,1,2026-08-15 04:39:00;;;;;;;
"1875,313,317,patient,""I still have some pain, should I be concerned?"",text,,0,2026-08-24 00:48:00";;;;;;;
1876,313,317,patient,Is it okay to take this medication with food?,text,,0,2026-08-24 02:05:00;;;;;;;
1877,313,33,doctor,Take one tablet twice a day after meals.,image,https://cdn.example.md/uploads/msg_1877.jpg,1,2026-08-24 02:51:00;;;;;;;
"1878,313,33,doctor,""That's good to hear, keep up with the treatment plan."",text,,1,2026-08-24 03:44:00";;;;;;;
"1879,313,33,doctor,""Thanks, I'll review the results and get back to you shortly."",file,https://cdn.example.md/uploads/msg_1879.pdf,1,2026-08-24 05:04:00";;;;;;;
"1880,313,33,doctor,""Thanks, I'll review the results and get back to you shortly."",image,https://cdn.example.md/uploads/msg_1880.jpg,1,2026-08-24 07:40:00";;;;;;;
1881,313,317,patient,Is this side effect normal?,image,https://cdn.example.md/uploads/msg_1881.jpg,1,2026-08-24 10:40:00;;;;;;;
1882,313,317,patient,Is this side effect normal?,file,https://cdn.example.md/uploads/msg_1882.pdf,1,2026-08-24 11:05:00;;;;;;;
1883,314,36,doctor,Let's plan a follow-up in two weeks.,image,https://cdn.example.md/uploads/msg_1883.jpg,1,2026-08-27 02:32:00;;;;;;;
1884,314,87,patient,Is this side effect normal?,text,,0,2026-08-27 04:26:00;;;;;;;
1885,314,36,doctor,Please continue the medication as prescribed and monitor for changes.,image,https://cdn.example.md/uploads/msg_1885.jpg,0,2026-08-27 05:49:00;;;;;;;
"1886,314,36,doctor,""That's good to hear, keep up with the treatment plan."",voice,https://cdn.example.md/uploads/msg_1886.mp3,0,2026-08-27 08:46:00";;;;;;;
"1887,314,36,doctor,""That's good to hear, keep up with the treatment plan."",voice,https://cdn.example.md/uploads/msg_1887.mp3,1,2026-08-27 10:50:00";;;;;;;
"1888,315,358,patient,""I've been feeling better since the last visit, thank you."",text,,1,2026-08-12 01:41:00";;;;;;;
"1889,315,358,patient,""I uploaded my lab results, please check when you can."",image,https://cdn.example.md/uploads/msg_1889.jpg,1,2026-08-12 04:41:00";;;;;;;
1890,315,358,patient,Is it okay to take this medication with food?,file,https://cdn.example.md/uploads/msg_1890.pdf,1,2026-08-12 04:44:00;;;;;;;
1891,315,358,patient,When should I come back for a follow-up?,text,,1,2026-08-12 05:13:00;;;;;;;
1892,315,358,patient,Thank you for the consultation today.,file,https://cdn.example.md/uploads/msg_1892.pdf,1,2026-08-12 05:34:00;;;;;;;
"1893,315,11,doctor,""That could be normal, but let's schedule a check-up to be safe."",text,,1,2026-08-12 06:51:00";;;;;;;
1894,315,11,doctor,Take one tablet twice a day after meals.,text,,0,2026-08-12 07:45:00;;;;;;;
1895,316,24,doctor,Take one tablet twice a day after meals.,text,,0,2026-08-18 00:12:00;;;;;;;
1896,316,24,doctor,Let's plan a follow-up in two weeks.,text,,1,2026-08-18 00:15:00;;;;;;;
"1897,316,24,doctor,""Thanks, I'll review the results and get back to you shortly."",image,https://cdn.example.md/uploads/msg_1897.jpg,0,2026-08-18 01:26:00";;;;;;;
"1898,316,24,doctor,""Thanks, I'll review the results and get back to you shortly."",voice,https://cdn.example.md/uploads/msg_1898.mp3,1,2026-08-18 03:45:00";;;;;;;
"1899,316,24,doctor,""Hello, thanks for reaching out. Let's review your symptoms."",text,,1,2026-08-18 05:58:00";;;;;;;
"1900,316,24,doctor,""That could be normal, but let's schedule a check-up to be safe."",text,,1,2026-08-18 06:41:00";;;;;;;
1901,317,310,patient,Is it okay to take this medication with food?,text,,1,2026-08-21 02:57:00;;;;;;;
1902,317,17,doctor,Take one tablet twice a day after meals.,file,https://cdn.example.md/uploads/msg_1902.pdf,1,2026-08-21 05:39:00;;;;;;;
"1903,317,17,doctor,""That side effect can occur, but let me know if it worsens."",text,,1,2026-08-21 05:57:00";;;;;;;
1904,317,310,patient,Is this side effect normal?,text,,0,2026-08-21 07:46:00;;;;;;;
"1905,317,17,doctor,""You're welcome, take care and reach out if anything changes."",text,,1,2026-08-21 10:39:00";;;;;;;
1906,317,17,doctor,Take one tablet twice a day after meals.,file,https://cdn.example.md/uploads/msg_1906.pdf,0,2026-08-21 12:25:00;;;;;;;
"1907,318,18,doctor,""That's good to hear, keep up with the treatment plan."",text,,0,2026-08-19 02:47:00";;;;;;;
1908,318,18,doctor,Please continue the medication as prescribed and monitor for changes.,image,https://cdn.example.md/uploads/msg_1908.jpg,0,2026-08-19 04:35:00;;;;;;;
"1909,318,18,doctor,""Hello, thanks for reaching out. Let's review your symptoms."",image,https://cdn.example.md/uploads/msg_1909.jpg,1,2026-08-19 05:29:00";;;;;;;
"1910,318,18,doctor,""Thanks, I'll review the results and get back to you shortly."",text,,1,2026-08-19 08:20:00";;;;;;;
"1911,318,18,doctor,""Sure, I can move it to next week. What day works for you?"",text,,0,2026-08-19 10:27:00";;;;;;;
1912,319,6,doctor,Please continue the medication as prescribed and monitor for changes.,file,https://cdn.example.md/uploads/msg_1912.pdf,0,2026-08-31 00:37:00;;;;;;;
1913,319,197,patient,Is it okay to take this medication with food?,text,,1,2026-08-31 02:31:00;;;;;;;
"1914,319,6,doctor,""That could be normal, but let's schedule a check-up to be safe."",text,,1,2026-08-31 04:16:00";;;;;;;
"1915,319,6,doctor,""Hello, thanks for reaching out. Let's review your symptoms."",text,,1,2026-08-31 06:29:00";;;;;;;
"1916,319,6,doctor,""Hello, thanks for reaching out. Let's review your symptoms."",image,https://cdn.example.md/uploads/msg_1916.jpg,1,2026-08-31 07:50:00";;;;;;;
1917,320,76,patient,Is it okay to take this medication with food?,text,,1,2026-08-13 02:51:00;;;;;;;
"1918,320,76,patient,""Hello doctor, I wanted to ask about my recent symptoms."",text,,0,2026-08-13 05:31:00";;;;;;;
"1919,320,38,doctor,""That's good to hear, keep up with the treatment plan."",voice,https://cdn.example.md/uploads/msg_1919.mp3,1,2026-08-13 07:41:00";;;;;;;
"1920,320,76,patient,""Hello doctor, I wanted to ask about my recent symptoms."",text,,1,2026-08-13 09:27:00";;;;;;;
"1921,320,76,patient,""Hello doctor, I wanted to ask about my recent symptoms."",text,,1,2026-08-13 11:15:00";;;;;;;
1922,320,76,patient,Can we reschedule my next appointment?,file,https://cdn.example.md/uploads/msg_1922.pdf,1,2026-08-13 13:20:00;;;;;;;
"1923,320,38,doctor,""Hello, thanks for reaching out. Let's review your symptoms."",text,,1,2026-08-13 14:54:00";;;;;;;
1924,320,38,doctor,Let's plan a follow-up in two weeks.,text,,1,2026-08-13 17:36:00;;;;;;;
1925,321,127,patient,Can we reschedule my next appointment?,text,,1,2026-08-18 01:47:00;;;;;;;
"1926,321,127,patient,""I've been feeling better since the last visit, thank you."",text,,0,2026-08-18 03:05:00";;;;;;;
"1927,321,18,doctor,""Hello, thanks for reaching out. Let's review your symptoms."",file,https://cdn.example.md/uploads/msg_1927.pdf,0,2026-08-18 05:16:00";;;;;;;
1928,321,18,doctor,Let's plan a follow-up in two weeks.,voice,https://cdn.example.md/uploads/msg_1928.mp3,1,2026-08-18 06:32:00;;;;;;;
"1929,321,18,doctor,""Hello, thanks for reaching out. Let's review your symptoms."",file,https://cdn.example.md/uploads/msg_1929.pdf,0,2026-08-18 09:12:00";;;;;;;
"1930,321,18,doctor,""That's good to hear, keep up with the treatment plan."",text,,1,2026-08-18 11:55:00";;;;;;;
1931,322,235,patient,Is this side effect normal?,text,,0,2026-08-29 00:36:00;;;;;;;
"1932,322,35,doctor,""That side effect can occur, but let me know if it worsens."",image,https://cdn.example.md/uploads/msg_1932.jpg,0,2026-08-29 02:21:00";;;;;;;
1933,322,235,patient,Can we reschedule my next appointment?,voice,https://cdn.example.md/uploads/msg_1933.mp3,1,2026-08-29 04:50:00;;;;;;;
1934,322,235,patient,Is it okay to take this medication with food?,voice,https://cdn.example.md/uploads/msg_1934.mp3,1,2026-08-29 05:44:00;;;;;;;
"1935,323,289,patient,""I still have some pain, should I be concerned?"",image,https://cdn.example.md/uploads/msg_1935.jpg,1,2026-09-01 02:58:00";;;;;;;
"1936,323,289,patient,""I uploaded my lab results, please check when you can."",voice,https://cdn.example.md/uploads/msg_1936.mp3,1,2026-09-01 03:44:00";;;;;;;
1937,323,289,patient,Thank you for the consultation today.,image,https://cdn.example.md/uploads/msg_1937.jpg,0,2026-09-01 06:39:00;;;;;;;
1938,323,289,patient,Is it okay to take this medication with food?,text,,1,2026-09-01 07:36:00;;;;;;;
1939,323,289,patient,Can we reschedule my next appointment?,text,,0,2026-09-01 10:26:00;;;;;;;
"1940,323,6,doctor,""That side effect can occur, but let me know if it worsens."",text,,1,2026-09-01 11:58:00";;;;;;;
"1941,323,6,doctor,""That could be normal, but let's schedule a check-up to be safe."",text,,0,2026-09-01 14:43:00";;;;;;;
1942,323,289,patient,Is it okay to take this medication with food?,file,https://cdn.example.md/uploads/msg_1942.pdf,1,2026-09-01 17:38:00;;;;;;;
"1943,324,10,doctor,""That side effect can occur, but let me know if it worsens."",text,,1,2026-08-29 01:39:00";;;;;;;
1944,324,90,patient,Can we reschedule my next appointment?,text,,0,2026-08-29 02:02:00;;;;;;;
"1945,324,10,doctor,""That's good to hear, keep up with the treatment plan."",voice,https://cdn.example.md/uploads/msg_1945.mp3,0,2026-08-29 03:45:00";;;;;;;
"1946,324,90,patient,""Hello doctor, I wanted to ask about my recent symptoms."",image,https://cdn.example.md/uploads/msg_1946.jpg,1,2026-08-29 05:42:00";;;;;;;
"1947,324,90,patient,""I've been feeling better since the last visit, thank you."",voice,https://cdn.example.md/uploads/msg_1947.mp3,1,2026-08-29 07:18:00";;;;;;;
1948,325,265,patient,Is it okay to take this medication with food?,text,,1,2026-09-01 00:33:00;;;;;;;
1949,325,265,patient,Can we reschedule my next appointment?,text,,1,2026-09-01 02:53:00;;;;;;;
1950,325,2,doctor,Let's plan a follow-up in two weeks.,text,,1,2026-09-01 03:15:00;;;;;;;
"1951,325,265,patient,""I uploaded my lab results, please check when you can."",image,https://cdn.example.md/uploads/msg_1951.jpg,1,2026-09-01 06:14:00";;;;;;;
"1952,325,2,doctor,""You're welcome, take care and reach out if anything changes."",text,,1,2026-09-01 07:58:00";;;;;;;
1953,325,265,patient,Is this side effect normal?,image,https://cdn.example.md/uploads/msg_1953.jpg,1,2026-09-01 10:29:00;;;;;;;
"1954,326,5,doctor,""Hello, thanks for reaching out. Let's review your symptoms."",text,,1,2026-09-01 00:14:00";;;;;;;
1955,326,5,doctor,Take one tablet twice a day after meals.,file,https://cdn.example.md/uploads/msg_1955.pdf,1,2026-09-01 02:37:00;;;;;;;
"1956,326,5,doctor,""Hello, thanks for reaching out. Let's review your symptoms."",text,,1,2026-09-01 04:39:00";;;;;;;
"1957,326,302,patient,""Hello doctor, I wanted to ask about my recent symptoms."",file,https://cdn.example.md/uploads/msg_1957.pdf,1,2026-09-01 07:28:00";;;;;;;
"1958,326,5,doctor,""Thanks, I'll review the results and get back to you shortly."",text,,0,2026-09-01 09:24:00";;;;;;;
"1959,326,5,doctor,""You're welcome, take care and reach out if anything changes."",image,https://cdn.example.md/uploads/msg_1959.jpg,0,2026-09-01 10:36:00";;;;;;;
1960,326,5,doctor,Let's plan a follow-up in two weeks.,image,https://cdn.example.md/uploads/msg_1960.jpg,0,2026-09-01 10:47:00;;;;;;;
"1961,327,301,patient,""Hello doctor, I wanted to ask about my recent symptoms."",file,https://cdn.example.md/uploads/msg_1961.pdf,1,2026-08-19 01:26:00";;;;;;;
1962,327,16,doctor,Please continue the medication as prescribed and monitor for changes.,text,,1,2026-08-19 02:17:00;;;;;;;
1963,327,301,patient,Can we reschedule my next appointment?,text,,1,2026-08-19 03:43:00;;;;;;;
1964,327,16,doctor,Take one tablet twice a day after meals.,file,https://cdn.example.md/uploads/msg_1964.pdf,1,2026-08-19 05:18:00;;;;;;;
"1965,328,31,doctor,""Hello, thanks for reaching out. Let's review your symptoms."",text,,1,2026-08-20 00:46:00";;;;;;;
"1966,328,31,doctor,""That's good to hear, keep up with the treatment plan."",text,,1,2026-08-20 02:50:00";;;;;;;
"1967,328,31,doctor,""Thanks, I'll review the results and get back to you shortly."",text,,0,2026-08-20 04:38:00";;;;;;;
1968,328,31,doctor,Let's plan a follow-up in two weeks.,text,,1,2026-08-20 06:37:00;;;;;;;
1969,329,5,doctor,Please continue the medication as prescribed and monitor for changes.,text,,0,2026-08-29 02:11:00;;;;;;;
1970,329,5,doctor,Please continue the medication as prescribed and monitor for changes.,text,,0,2026-08-29 02:36:00;;;;;;;
"1971,329,5,doctor,""You're welcome, take care and reach out if anything changes."",voice,https://cdn.example.md/uploads/msg_1971.mp3,1,2026-08-29 05:11:00";;;;;;;
1972,329,304,patient,Is it okay to take this medication with food?,text,,1,2026-08-29 07:58:00;;;;;;;
1973,329,5,doctor,Let's plan a follow-up in two weeks.,text,,1,2026-08-29 08:54:00;;;;;;;
"1974,329,5,doctor,""Thanks, I'll review the results and get back to you shortly."",text,,1,2026-08-29 09:06:00";;;;;;;
1975,329,304,patient,Can we reschedule my next appointment?,text,,0,2026-08-29 09:50:00;;;;;;;
"1976,329,304,patient,""I still have some pain, should I be concerned?"",text,,1,2026-08-29 12:16:00";;;;;;;
1977,330,1,doctor,Let's plan a follow-up in two weeks.,file,https://cdn.example.md/uploads/msg_1977.pdf,0,2026-08-25 02:18:00;;;;;;;
1978,330,58,patient,When should I come back for a follow-up?,voice,https://cdn.example.md/uploads/msg_1978.mp3,1,2026-08-25 03:34:00;;;;;;;
"1979,330,1,doctor,""Hello, thanks for reaching out. Let's review your symptoms."",text,,1,2026-08-25 05:50:00";;;;;;;
1980,330,58,patient,Thank you for the consultation today.,voice,https://cdn.example.md/uploads/msg_1980.mp3,0,2026-08-25 08:21:00;;;;;;;
1981,331,392,patient,When should I come back for a follow-up?,text,,1,2026-08-29 00:35:00;;;;;;;
"1982,331,4,doctor,""Sure, I can move it to next week. What day works for you?"",text,,1,2026-08-29 02:42:00";;;;;;;
1983,331,4,doctor,Take one tablet twice a day after meals.,file,https://cdn.example.md/uploads/msg_1983.pdf,0,2026-08-29 03:33:00;;;;;;;
1984,331,392,patient,When should I come back for a follow-up?,text,,0,2026-08-29 06:29:00;;;;;;;
"1985,331,4,doctor,""Thanks, I'll review the results and get back to you shortly."",image,https://cdn.example.md/uploads/msg_1985.jpg,0,2026-08-29 09:11:00";;;;;;;
1986,331,392,patient,When should I come back for a follow-up?,voice,https://cdn.example.md/uploads/msg_1986.mp3,0,2026-08-29 11:15:00;;;;;;;
"1987,331,4,doctor,""That's good to hear, keep up with the treatment plan."",text,,0,2026-08-29 12:58:00";;;;;;;
"1988,332,3,doctor,""That's good to hear, keep up with the treatment plan."",text,,1,2026-08-28 01:45:00";;;;;;;
"1989,332,12,patient,""Hello doctor, I wanted to ask about my recent symptoms."",text,,1,2026-08-28 04:27:00";;;;;;;
"1990,332,12,patient,""I uploaded my lab results, please check when you can."",text,,1,2026-08-28 07:09:00";;;;;;;
1991,332,12,patient,When should I come back for a follow-up?,file,https://cdn.example.md/uploads/msg_1991.pdf,0,2026-08-28 09:07:00;;;;;;;
"1992,332,3,doctor,""That could be normal, but let's schedule a check-up to be safe."",text,,1,2026-08-28 10:18:00";;;;;;;
"1993,332,12,patient,""I uploaded my lab results, please check when you can."",image,https://cdn.example.md/uploads/msg_1993.jpg,1,2026-08-28 10:22:00";;;;;;;
"1994,332,3,doctor,""That's good to hear, keep up with the treatment plan."",file,https://cdn.example.md/uploads/msg_1994.pdf,1,2026-08-28 11:42:00";;;;;;;
"1995,332,3,doctor,""Hello, thanks for reaching out. Let's review your symptoms."",text,,0,2026-08-28 12:13:00";;;;;;;
"1996,333,336,patient,""I still have some pain, should I be concerned?"",image,https://cdn.example.md/uploads/msg_1996.jpg,0,2026-08-12 00:16:00";;;;;;;
1997,333,336,patient,Can we reschedule my next appointment?,voice,https://cdn.example.md/uploads/msg_1997.mp3,1,2026-08-12 02:25:00;;;;;;;
1998,333,336,patient,When should I come back for a follow-up?,voice,https://cdn.example.md/uploads/msg_1998.mp3,1,2026-08-12 03:27:00;;;;;;;
1999,333,336,patient,Can we reschedule my next appointment?,text,,0,2026-08-12 03:35:00;;;;;;;
"2000,333,11,doctor,""That's good to hear, keep up with the treatment plan."",text,,1,2026-08-12 06:32:00";;;;;;;
2001,333,336,patient,Is it okay to take this medication with food?,image,https://cdn.example.md/uploads/msg_2001.jpg,0,2026-08-12 08:03:00;;;;;;;
2002,333,336,patient,Could you clarify the dosage instructions?,voice,https://cdn.example.md/uploads/msg_2002.mp3,1,2026-08-12 10:56:00;;;;;;;
"2003,334,164,patient,""I've been feeling better since the last visit, thank you."",voice,https://cdn.example.md/uploads/msg_2003.mp3,1,2026-08-14 02:25:00";;;;;;;
"2004,334,164,patient,""I've been feeling better since the last visit, thank you."",text,,1,2026-08-14 03:49:00";;;;;;;
2005,334,164,patient,Could you clarify the dosage instructions?,text,,1,2026-08-14 04:38:00;;;;;;;
2006,334,29,doctor,Let's plan a follow-up in two weeks.,text,,1,2026-08-14 05:19:00;;;;;;;
2007,334,164,patient,Is this side effect normal?,image,https://cdn.example.md/uploads/msg_2007.jpg,1,2026-08-14 07:10:00;;;;;;;
2008,334,29,doctor,Please continue the medication as prescribed and monitor for changes.,file,https://cdn.example.md/uploads/msg_2008.pdf,0,2026-08-14 08:22:00;;;;;;;
"2009,334,164,patient,""I uploaded my lab results, please check when you can."",text,,1,2026-08-14 09:01:00";;;;;;;
"2010,334,164,patient,""I uploaded my lab results, please check when you can."",text,,0,2026-08-14 10:42:00";;;;;;;
2011,335,9,doctor,Let's plan a follow-up in two weeks.,text,,1,2026-08-22 02:18:00;;;;;;;
"2012,335,9,doctor,""You're welcome, take care and reach out if anything changes."",text,,1,2026-08-22 04:33:00";;;;;;;
"2013,335,9,doctor,""That's good to hear, keep up with the treatment plan."",file,https://cdn.example.md/uploads/msg_2013.pdf,0,2026-08-22 07:05:00";;;;;;;
"2014,335,9,doctor,""That side effect can occur, but let me know if it worsens."",text,,0,2026-08-22 07:37:00";;;;;;;
2015,336,26,doctor,Let's plan a follow-up in two weeks.,image,https://cdn.example.md/uploads/msg_2015.jpg,1,2026-08-27 00:26:00;;;;;;;
"2016,336,26,doctor,""Hello, thanks for reaching out. Let's review your symptoms."",text,,1,2026-08-27 01:25:00";;;;;;;
"2017,336,145,patient,""I've been feeling better since the last visit, thank you."",text,,1,2026-08-27 02:11:00";;;;;;;
"2018,336,26,doctor,""That's good to hear, keep up with the treatment plan."",file,https://cdn.example.md/uploads/msg_2018.pdf,1,2026-08-27 03:53:00";;;;;;;
2019,336,145,patient,Could you clarify the dosage instructions?,file,https://cdn.example.md/uploads/msg_2019.pdf,0,2026-08-27 04:33:00;;;;;;;
"2020,336,145,patient,""Hello doctor, I wanted to ask about my recent symptoms."",image,https://cdn.example.md/uploads/msg_2020.jpg,1,2026-08-27 04:35:00";;;;;;;
2021,337,261,patient,When should I come back for a follow-up?,text,,1,2026-08-26 01:42:00;;;;;;;
"2022,337,261,patient,""I still have some pain, should I be concerned?"",voice,https://cdn.example.md/uploads/msg_2022.mp3,1,2026-08-26 02:36:00";;;;;;;
"2023,337,31,doctor,""Sure, I can move it to next week. What day works for you?"",voice,https://cdn.example.md/uploads/msg_2023.mp3,1,2026-08-26 03:56:00";;;;;;;
"2024,337,31,doctor,""You're welcome, take care and reach out if anything changes."",file,https://cdn.example.md/uploads/msg_2024.pdf,0,2026-08-26 05:27:00";;;;;;;
"2025,338,13,doctor,""That could be normal, but let's schedule a check-up to be safe."",file,https://cdn.example.md/uploads/msg_2025.pdf,1,2026-08-24 01:28:00";;;;;;;
"2026,338,13,doctor,""That side effect can occur, but let me know if it worsens."",text,,1,2026-08-24 02:33:00";;;;;;;
2027,338,13,doctor,Let's plan a follow-up in two weeks.,text,,1,2026-08-24 04:48:00;;;;;;;
2028,338,306,patient,When should I come back for a follow-up?,text,,0,2026-08-24 05:28:00;;;;;;;
2029,338,13,doctor,Please continue the medication as prescribed and monitor for changes.,text,,1,2026-08-24 08:02:00;;;;;;;
"2030,338,13,doctor,""Hello, thanks for reaching out. Let's review your symptoms."",text,,0,2026-08-24 10:45:00";;;;;;;
"2031,338,13,doctor,""That side effect can occur, but let me know if it worsens."",text,,1,2026-08-24 11:57:00";;;;;;;
"2032,338,13,doctor,""That could be normal, but let's schedule a check-up to be safe."",text,,1,2026-08-24 13:20:00";;;;;;;
"2033,339,18,doctor,""Sure, I can move it to next week. What day works for you?"",text,,1,2026-08-30 02:52:00";;;;;;;
2034,339,18,doctor,Please continue the medication as prescribed and monitor for changes.,voice,https://cdn.example.md/uploads/msg_2034.mp3,1,2026-08-30 03:29:00;;;;;;;
2035,339,18,doctor,Please continue the medication as prescribed and monitor for changes.,text,,1,2026-08-30 04:34:00;;;;;;;
2036,339,18,doctor,Please continue the medication as prescribed and monitor for changes.,text,,1,2026-08-30 06:18:00;;;;;;;
2037,339,87,patient,When should I come back for a follow-up?,text,,1,2026-08-30 07:32:00;;;;;;;
2038,340,138,patient,Can we reschedule my next appointment?,image,https://cdn.example.md/uploads/msg_2038.jpg,1,2026-08-28 00:58:00;;;;;;;
2039,340,138,patient,When should I come back for a follow-up?,image,https://cdn.example.md/uploads/msg_2039.jpg,1,2026-08-28 01:13:00;;;;;;;
"2040,340,34,doctor,""Hello, thanks for reaching out. Let's review your symptoms."",text,,0,2026-08-28 01:56:00";;;;;;;
"2041,340,34,doctor,""Hello, thanks for reaching out. Let's review your symptoms."",text,,1,2026-08-28 03:00:00";;;;;;;
2042,341,10,doctor,Take one tablet twice a day after meals.,image,https://cdn.example.md/uploads/msg_2042.jpg,1,2026-08-26 02:24:00;;;;;;;
2043,341,207,patient,Is this side effect normal?,text,,1,2026-08-26 02:27:00;;;;;;;
2044,341,207,patient,Thank you for the consultation today.,text,,0,2026-08-26 02:46:00;;;;;;;
2045,341,10,doctor,Please continue the medication as prescribed and monitor for changes.,text,,0,2026-08-26 05:36:00;;;;;;;
"2046,342,30,doctor,""That could be normal, but let's schedule a check-up to be safe."",image,https://cdn.example.md/uploads/msg_2046.jpg,1,2026-08-14 02:16:00";;;;;;;
2047,342,119,patient,Thank you for the consultation today.,text,,1,2026-08-14 03:09:00;;;;;;;
"2048,342,119,patient,""I still have some pain, should I be concerned?"",text,,1,2026-08-14 03:55:00";;;;;;;
"2049,342,30,doctor,""That side effect can occur, but let me know if it worsens."",text,,1,2026-08-14 05:56:00";;;;;;;
2050,342,119,patient,Thank you for the consultation today.,file,https://cdn.example.md/uploads/msg_2050.pdf,1,2026-08-14 06:06:00;;;;;;;
2051,342,119,patient,Can we reschedule my next appointment?,text,,0,2026-08-14 08:42:00;;;;;;;
2052,342,119,patient,Can we reschedule my next appointment?,text,,0,2026-08-14 09:26:00;;;;;;;
2053,342,119,patient,Could you clarify the dosage instructions?,voice,https://cdn.example.md/uploads/msg_2053.mp3,0,2026-08-14 10:52:00;;;;;;;
"2054,343,25,doctor,""Thanks, I'll review the results and get back to you shortly."",file,https://cdn.example.md/uploads/msg_2054.pdf,0,2026-08-27 02:07:00";;;;;;;
2055,343,130,patient,Is this side effect normal?,text,,1,2026-08-27 03:56:00;;;;;;;
"2056,343,25,doctor,""That side effect can occur, but let me know if it worsens."",image,https://cdn.example.md/uploads/msg_2056.jpg,1,2026-08-27 05:54:00";;;;;;;
"2057,343,130,patient,""Hello doctor, I wanted to ask about my recent symptoms."",text,,1,2026-08-27 07:13:00";;;;;;;
2058,343,25,doctor,Take one tablet twice a day after meals.,text,,1,2026-08-27 08:36:00;;;;;;;
2059,343,130,patient,Can we reschedule my next appointment?,text,,1,2026-08-27 10:52:00;;;;;;;
"2060,344,24,doctor,""Thanks, I'll review the results and get back to you shortly."",text,,0,2026-08-16 00:40:00";;;;;;;
2061,344,310,patient,Can we reschedule my next appointment?,voice,https://cdn.example.md/uploads/msg_2061.mp3,1,2026-08-16 01:47:00;;;;;;;
"2062,344,24,doctor,""That side effect can occur, but let me know if it worsens."",image,https://cdn.example.md/uploads/msg_2062.jpg,1,2026-08-16 02:41:00";;;;;;;
"2063,344,24,doctor,""Hello, thanks for reaching out. Let's review your symptoms."",image,https://cdn.example.md/uploads/msg_2063.jpg,1,2026-08-16 04:38:00";;;;;;;
2064,345,20,patient,Can we reschedule my next appointment?,text,,1,2026-08-30 00:28:00;;;;;;;
"2065,345,20,patient,""Hello doctor, I wanted to ask about my recent symptoms."",text,,1,2026-08-30 00:54:00";;;;;;;
2066,345,20,patient,Can we reschedule my next appointment?,text,,1,2026-08-30 00:55:00;;;;;;;
"2067,345,20,patient,""Hello doctor, I wanted to ask about my recent symptoms."",file,https://cdn.example.md/uploads/msg_2067.pdf,0,2026-08-30 02:52:00";;;;;;;
2068,345,23,doctor,Take one tablet twice a day after meals.,voice,https://cdn.example.md/uploads/msg_2068.mp3,0,2026-08-30 04:36:00;;;;;;;
2069,346,253,patient,Could you clarify the dosage instructions?,file,https://cdn.example.md/uploads/msg_2069.pdf,0,2026-09-01 02:08:00;;;;;;;
2070,346,4,doctor,Please continue the medication as prescribed and monitor for changes.,text,,1,2026-09-01 03:36:00;;;;;;;
2071,346,253,patient,When should I come back for a follow-up?,file,https://cdn.example.md/uploads/msg_2071.pdf,1,2026-09-01 04:06:00;;;;;;;
"2072,346,253,patient,""Hello doctor, I wanted to ask about my recent symptoms."",image,https://cdn.example.md/uploads/msg_2072.jpg,1,2026-09-01 04:12:00";;;;;;;
"2073,346,4,doctor,""That could be normal, but let's schedule a check-up to be safe."",text,,1,2026-09-01 06:47:00";;;;;;;
2074,347,30,doctor,Take one tablet twice a day after meals.,text,,1,2026-08-20 02:59:00;;;;;;;
2075,347,210,patient,Thank you for the consultation today.,text,,0,2026-08-20 05:49:00;;;;;;;
"2076,347,30,doctor,""That's good to hear, keep up with the treatment plan."",text,,1,2026-08-20 06:03:00";;;;;;;
2077,347,210,patient,Is it okay to take this medication with food?,file,https://cdn.example.md/uploads/msg_2077.pdf,1,2026-08-20 07:26:00;;;;;;;
"2078,347,30,doctor,""Thanks, I'll review the results and get back to you shortly."",text,,1,2026-08-20 07:54:00";;;;;;;
"2079,347,30,doctor,""Hello, thanks for reaching out. Let's review your symptoms."",file,https://cdn.example.md/uploads/msg_2079.pdf,0,2026-08-20 08:37:00";;;;;;;
"2080,347,30,doctor,""You're welcome, take care and reach out if anything changes."",text,,1,2026-08-20 09:34:00";;;;;;;
"2081,347,30,doctor,""That could be normal, but let's schedule a check-up to be safe."",file,https://cdn.example.md/uploads/msg_2081.pdf,1,2026-08-20 11:41:00";;;;;;;
2082,348,285,patient,Is it okay to take this medication with food?,text,,0,2026-08-20 02:50:00;;;;;;;
2083,348,285,patient,Is it okay to take this medication with food?,image,https://cdn.example.md/uploads/msg_2083.jpg,0,2026-08-20 03:39:00;;;;;;;
"2084,348,285,patient,""I still have some pain, should I be concerned?"",text,,0,2026-08-20 04:26:00";;;;;;;
"2085,348,19,doctor,""That could be normal, but let's schedule a check-up to be safe."",text,,1,2026-08-20 06:47:00";;;;;;;
"2086,349,16,doctor,""Sure, I can move it to next week. What day works for you?"",text,,1,2026-08-20 02:12:00";;;;;;;
2087,349,52,patient,Thank you for the consultation today.,voice,https://cdn.example.md/uploads/msg_2087.mp3,0,2026-08-20 04:57:00;;;;;;;
"2088,349,16,doctor,""That's good to hear, keep up with the treatment plan."",text,,0,2026-08-20 07:43:00";;;;;;;
2089,349,16,doctor,Take one tablet twice a day after meals.,text,,1,2026-08-20 10:16:00;;;;;;;
"2090,349,16,doctor,""That could be normal, but let's schedule a check-up to be safe."",text,,1,2026-08-20 10:28:00";;;;;;;
"2091,349,16,doctor,""That could be normal, but let's schedule a check-up to be safe."",file,https://cdn.example.md/uploads/msg_2091.pdf,0,2026-08-20 11:58:00";;;;;;;
2092,350,62,patient,Could you clarify the dosage instructions?,voice,https://cdn.example.md/uploads/msg_2092.mp3,0,2026-08-25 00:03:00;;;;;;;
"2093,350,8,doctor,""Sure, I can move it to next week. What day works for you?"",voice,https://cdn.example.md/uploads/msg_2093.mp3,1,2026-08-25 00:25:00";;;;;;;
2094,350,8,doctor,Let's plan a follow-up in two weeks.,voice,https://cdn.example.md/uploads/msg_2094.mp3,1,2026-08-25 02:07:00;;;;;;;
"2095,350,62,patient,""Hello doctor, I wanted to ask about my recent symptoms."",image,https://cdn.example.md/uploads/msg_2095.jpg,0,2026-08-25 04:12:00";;;;;;;
2096,350,62,patient,Can we reschedule my next appointment?,image,https://cdn.example.md/uploads/msg_2096.jpg,0,2026-08-25 07:04:00;;;;;;;
2097,350,62,patient,Is it okay to take this medication with food?,text,,1,2026-08-25 08:17:00;;;;;;;
2098,351,34,patient,Could you clarify the dosage instructions?,image,https://cdn.example.md/uploads/msg_2098.jpg,1,2026-08-18 02:55:00;;;;;;;
2099,351,34,patient,Could you clarify the dosage instructions?,text,,0,2026-08-18 05:48:00;;;;;;;
2100,351,34,patient,Could you clarify the dosage instructions?,file,https://cdn.example.md/uploads/msg_2100.pdf,1,2026-08-18 08:15:00;;;;;;;
2101,351,34,patient,Is this side effect normal?,voice,https://cdn.example.md/uploads/msg_2101.mp3,1,2026-08-18 08:55:00;;;;;;;
2102,351,34,patient,Could you clarify the dosage instructions?,voice,https://cdn.example.md/uploads/msg_2102.mp3,1,2026-08-18 10:39:00;;;;;;;
2103,351,34,patient,Can we reschedule my next appointment?,voice,https://cdn.example.md/uploads/msg_2103.mp3,1,2026-08-18 12:48:00;;;;;;;
"2104,351,14,doctor,""That side effect can occur, but let me know if it worsens."",voice,https://cdn.example.md/uploads/msg_2104.mp3,1,2026-08-18 14:17:00";;;;;;;
"2105,352,7,doctor,""Sure, I can move it to next week. What day works for you?"",text,,0,2026-08-17 02:15:00";;;;;;;
"2106,352,7,doctor,""Thanks, I'll review the results and get back to you shortly."",voice,https://cdn.example.md/uploads/msg_2106.mp3,1,2026-08-17 03:46:00";;;;;;;
"2107,352,75,patient,""Hello doctor, I wanted to ask about my recent symptoms."",text,,1,2026-08-17 06:44:00";;;;;;;
2108,352,7,doctor,Take one tablet twice a day after meals.,file,https://cdn.example.md/uploads/msg_2108.pdf,1,2026-08-17 08:57:00;;;;;;;
2109,352,7,doctor,Please continue the medication as prescribed and monitor for changes.,text,,1,2026-08-17 11:49:00;;;;;;;
"2110,352,7,doctor,""Thanks, I'll review the results and get back to you shortly."",file,https://cdn.example.md/uploads/msg_2110.pdf,1,2026-08-17 12:40:00";;;;;;;
2111,352,75,patient,Thank you for the consultation today.,image,https://cdn.example.md/uploads/msg_2111.jpg,1,2026-08-17 15:08:00;;;;;;;
2112,353,18,doctor,Let's plan a follow-up in two weeks.,file,https://cdn.example.md/uploads/msg_2112.pdf,0,2026-08-30 00:20:00;;;;;;;
"2113,353,267,patient,""I uploaded my lab results, please check when you can."",file,https://cdn.example.md/uploads/msg_2113.pdf,0,2026-08-30 01:28:00";;;;;;;
"2114,353,267,patient,""I still have some pain, should I be concerned?"",text,,1,2026-08-30 03:48:00";;;;;;;
2115,353,18,doctor,Please continue the medication as prescribed and monitor for changes.,text,,0,2026-08-30 04:57:00;;;;;;;
2116,353,18,doctor,Please continue the medication as prescribed and monitor for changes.,file,https://cdn.example.md/uploads/msg_2116.pdf,1,2026-08-30 07:14:00;;;;;;;
"2117,353,267,patient,""I've been feeling better since the last visit, thank you."",voice,https://cdn.example.md/uploads/msg_2117.mp3,1,2026-08-30 10:07:00";;;;;;;
"2118,354,7,doctor,""That side effect can occur, but let me know if it worsens."",voice,https://cdn.example.md/uploads/msg_2118.mp3,1,2026-08-12 02:08:00";;;;;;;
"2119,354,7,doctor,""Thanks, I'll review the results and get back to you shortly."",text,,1,2026-08-12 04:28:00";;;;;;;
2120,354,12,patient,Is it okay to take this medication with food?,text,,0,2026-08-12 05:25:00;;;;;;;
2121,354,12,patient,Can we reschedule my next appointment?,voice,https://cdn.example.md/uploads/msg_2121.mp3,1,2026-08-12 07:04:00;;;;;;;
2122,354,12,patient,Thank you for the consultation today.,text,,1,2026-08-12 09:43:00;;;;;;;
"2123,354,7,doctor,""You're welcome, take care and reach out if anything changes."",file,https://cdn.example.md/uploads/msg_2123.pdf,1,2026-08-12 11:39:00";;;;;;;
"2124,354,12,patient,""I still have some pain, should I be concerned?"",voice,https://cdn.example.md/uploads/msg_2124.mp3,1,2026-08-12 13:20:00";;;;;;;
"2125,354,12,patient,""I still have some pain, should I be concerned?"",text,,1,2026-08-12 15:58:00";;;;;;;
2126,355,9,patient,Can we reschedule my next appointment?,voice,https://cdn.example.md/uploads/msg_2126.mp3,1,2026-08-20 00:11:00;;;;;;;
2127,355,9,patient,Could you clarify the dosage instructions?,text,,1,2026-08-20 01:12:00;;;;;;;
2128,355,9,patient,When should I come back for a follow-up?,text,,1,2026-08-20 03:00:00;;;;;;;
"2129,355,9,patient,""I've been feeling better since the last visit, thank you."",voice,https://cdn.example.md/uploads/msg_2129.mp3,1,2026-08-20 05:26:00";;;;;;;
"2130,356,13,doctor,""Hello, thanks for reaching out. Let's review your symptoms."",voice,https://cdn.example.md/uploads/msg_2130.mp3,1,2026-08-17 02:00:00";;;;;;;
"2131,356,13,doctor,""Thanks, I'll review the results and get back to you shortly."",text,,1,2026-08-17 04:31:00";;;;;;;
2132,356,13,doctor,Take one tablet twice a day after meals.,text,,1,2026-08-17 06:24:00;;;;;;;
"2133,356,303,patient,""I've been feeling better since the last visit, thank you."",image,https://cdn.example.md/uploads/msg_2133.jpg,1,2026-08-17 08:20:00";;;;;;;
"2134,356,13,doctor,""Hello, thanks for reaching out. Let's review your symptoms."",text,,1,2026-08-17 10:07:00";;;;;;;
2135,356,303,patient,Could you clarify the dosage instructions?,text,,1,2026-08-17 11:57:00;;;;;;;
2136,356,303,patient,Can we reschedule my next appointment?,text,,1,2026-08-17 12:21:00;;;;;;;
"2137,357,22,doctor,""Thanks, I'll review the results and get back to you shortly."",text,,0,2026-08-29 00:26:00";;;;;;;
"2138,357,322,patient,""I uploaded my lab results, please check when you can."",file,https://cdn.example.md/uploads/msg_2138.pdf,1,2026-08-29 01:29:00";;;;;;;
"2139,357,22,doctor,""Hello, thanks for reaching out. Let's review your symptoms."",voice,https://cdn.example.md/uploads/msg_2139.mp3,1,2026-08-29 01:48:00";;;;;;;
"2140,357,22,doctor,""Hello, thanks for reaching out. Let's review your symptoms."",text,,1,2026-08-29 03:46:00";;;;;;;
"2141,357,22,doctor,""That could be normal, but let's schedule a check-up to be safe."",text,,1,2026-08-29 04:49:00";;;;;;;
2142,357,22,doctor,Let's plan a follow-up in two weeks.,voice,https://cdn.example.md/uploads/msg_2142.mp3,0,2026-08-29 06:46:00;;;;;;;
"2143,358,80,patient,""I still have some pain, should I be concerned?"",voice,https://cdn.example.md/uploads/msg_2143.mp3,1,2026-08-21 00:59:00";;;;;;;
"2144,358,31,doctor,""Sure, I can move it to next week. What day works for you?"",file,https://cdn.example.md/uploads/msg_2144.pdf,0,2026-08-21 02:23:00";;;;;;;
"2145,358,80,patient,""Hello doctor, I wanted to ask about my recent symptoms."",text,,1,2026-08-21 04:39:00";;;;;;;
2146,358,80,patient,Thank you for the consultation today.,file,https://cdn.example.md/uploads/msg_2146.pdf,0,2026-08-21 07:39:00;;;;;;;
"2147,358,80,patient,""I still have some pain, should I be concerned?"",text,,1,2026-08-21 09:45:00";;;;;;;
"2148,358,80,patient,""Hello doctor, I wanted to ask about my recent symptoms."",file,https://cdn.example.md/uploads/msg_2148.pdf,1,2026-08-21 11:43:00";;;;;;;
2149,358,80,patient,Thank you for the consultation today.,voice,https://cdn.example.md/uploads/msg_2149.mp3,1,2026-08-21 12:41:00;;;;;;;
2150,359,240,patient,When should I come back for a follow-up?,text,,1,2026-08-20 01:47:00;;;;;;;
"2151,359,19,doctor,""That could be normal, but let's schedule a check-up to be safe."",image,https://cdn.example.md/uploads/msg_2151.jpg,0,2026-08-20 03:07:00";;;;;;;
"2152,359,240,patient,""I've been feeling better since the last visit, thank you."",text,,0,2026-08-20 05:41:00";;;;;;;
2153,359,240,patient,Could you clarify the dosage instructions?,text,,1,2026-08-20 08:38:00;;;;;;;
"2154,359,240,patient,""I've been feeling better since the last visit, thank you."",text,,1,2026-08-20 09:05:00";;;;;;;
2155,359,240,patient,Can we reschedule my next appointment?,image,https://cdn.example.md/uploads/msg_2155.jpg,1,2026-08-20 09:44:00;;;;;;;
2156,359,19,doctor,Take one tablet twice a day after meals.,text,,0,2026-08-20 10:46:00;;;;;;;
2157,360,12,doctor,Let's plan a follow-up in two weeks.,text,,0,2026-08-15 02:11:00;;;;;;;
2158,360,108,patient,When should I come back for a follow-up?,text,,1,2026-08-15 03:04:00;;;;;;;
"2159,360,12,doctor,""Thanks, I'll review the results and get back to you shortly."",text,,1,2026-08-15 04:49:00";;;;;;;
2160,360,108,patient,Can we reschedule my next appointment?,text,,1,2026-08-15 07:16:00;;;;;;;
"2161,360,12,doctor,""Sure, I can move it to next week. What day works for you?"",file,https://cdn.example.md/uploads/msg_2161.pdf,1,2026-08-15 09:59:00";;;;;;;
"2162,360,12,doctor,""Sure, I can move it to next week. What day works for you?"",text,,1,2026-08-15 10:34:00";;;;;;;
"2163,360,12,doctor,""Hello, thanks for reaching out. Let's review your symptoms."",voice,https://cdn.example.md/uploads/msg_2163.mp3,1,2026-08-15 11:21:00";;;;;;;
"2164,361,317,patient,""Hello doctor, I wanted to ask about my recent symptoms."",voice,https://cdn.example.md/uploads/msg_2164.mp3,1,2026-08-29 02:51:00";;;;;;;
"2165,361,2,doctor,""That side effect can occur, but let me know if it worsens."",text,,1,2026-08-29 05:42:00";;;;;;;
2166,361,2,doctor,Please continue the medication as prescribed and monitor for changes.,image,https://cdn.example.md/uploads/msg_2166.jpg,1,2026-08-29 07:58:00;;;;;;;
2167,361,2,doctor,Let's plan a follow-up in two weeks.,text,,1,2026-08-29 10:34:00;;;;;;;
"2168,361,2,doctor,""You're welcome, take care and reach out if anything changes."",file,https://cdn.example.md/uploads/msg_2168.pdf,1,2026-08-29 10:54:00";;;;;;;
2169,361,2,doctor,Let's plan a follow-up in two weeks.,image,https://cdn.example.md/uploads/msg_2169.jpg,1,2026-08-29 13:40:00;;;;;;;
"2170,361,317,patient,""I uploaded my lab results, please check when you can."",text,,0,2026-08-29 14:21:00";;;;;;;
2171,362,2,patient,Is it okay to take this medication with food?,text,,1,2026-08-23 02:08:00;;;;;;;
2172,362,2,patient,Could you clarify the dosage instructions?,text,,0,2026-08-23 04:09:00;;;;;;;
2173,362,2,patient,Can we reschedule my next appointment?,text,,1,2026-08-23 05:29:00;;;;;;;
"2174,362,2,patient,""I've been feeling better since the last visit, thank you."",text,,1,2026-08-23 06:15:00";;;;;;;
2175,363,7,doctor,Let's plan a follow-up in two weeks.,text,,1,2026-08-30 00:26:00;;;;;;;
"2176,363,7,doctor,""Sure, I can move it to next week. What day works for you?"",image,https://cdn.example.md/uploads/msg_2176.jpg,1,2026-08-30 01:38:00";;;;;;;
2177,363,332,patient,Can we reschedule my next appointment?,image,https://cdn.example.md/uploads/msg_2177.jpg,0,2026-08-30 03:28:00;;;;;;;
"2178,363,7,doctor,""You're welcome, take care and reach out if anything changes."",text,,1,2026-08-30 04:10:00";;;;;;;
"2179,363,7,doctor,""Sure, I can move it to next week. What day works for you?"",text,,1,2026-08-30 05:29:00";;;;;;;
"2180,364,31,doctor,""That could be normal, but let's schedule a check-up to be safe."",file,https://cdn.example.md/uploads/msg_2180.pdf,1,2026-08-12 02:13:00";;;;;;;
"2181,364,125,patient,""I uploaded my lab results, please check when you can."",text,,1,2026-08-12 03:22:00";;;;;;;
2182,364,125,patient,Is it okay to take this medication with food?,text,,1,2026-08-12 03:43:00;;;;;;;
"2183,364,31,doctor,""That's good to hear, keep up with the treatment plan."",image,https://cdn.example.md/uploads/msg_2183.jpg,1,2026-08-12 05:49:00";;;;;;;
2184,364,125,patient,Is it okay to take this medication with food?,text,,1,2026-08-12 07:09:00;;;;;;;
"2185,365,28,doctor,""That side effect can occur, but let me know if it worsens."",file,https://cdn.example.md/uploads/msg_2185.pdf,1,2026-08-23 01:37:00";;;;;;;
2186,365,28,doctor,Take one tablet twice a day after meals.,text,,0,2026-08-23 01:56:00;;;;;;;
"2187,365,28,doctor,""Thanks, I'll review the results and get back to you shortly."",text,,1,2026-08-23 02:04:00";;;;;;;
"2188,365,28,doctor,""Sure, I can move it to next week. What day works for you?"",text,,1,2026-08-23 02:49:00";;;;;;;
2189,365,170,patient,Is this side effect normal?,text,,1,2026-08-23 04:13:00;;;;;;;
"2190,365,170,patient,""I still have some pain, should I be concerned?"",text,,1,2026-08-23 06:40:00";;;;;;;
"2191,365,28,doctor,""That's good to hear, keep up with the treatment plan."",image,https://cdn.example.md/uploads/msg_2191.jpg,1,2026-08-23 07:07:00";;;;;;;
"2192,366,2,doctor,""That side effect can occur, but let me know if it worsens."",file,https://cdn.example.md/uploads/msg_2192.pdf,1,2026-08-20 02:49:00";;;;;;;
"2193,366,2,doctor,""That's good to hear, keep up with the treatment plan."",voice,https://cdn.example.md/uploads/msg_2193.mp3,1,2026-08-20 05:06:00";;;;;;;
"2194,366,2,doctor,""Thanks, I'll review the results and get back to you shortly."",text,,1,2026-08-20 06:50:00";;;;;;;
2195,366,2,doctor,Please continue the medication as prescribed and monitor for changes.,text,,1,2026-08-20 07:49:00;;;;;;;
2196,366,2,doctor,Let's plan a follow-up in two weeks.,text,,1,2026-08-20 10:16:00;;;;;;;
"2197,366,272,patient,""Hello doctor, I wanted to ask about my recent symptoms."",text,,1,2026-08-20 11:46:00";;;;;;;
"2198,366,2,doctor,""Thanks, I'll review the results and get back to you shortly."",text,,1,2026-08-20 13:40:00";;;;;;;
2199,367,112,patient,Is this side effect normal?,file,https://cdn.example.md/uploads/msg_2199.pdf,1,2026-08-22 01:50:00;;;;;;;
"2200,367,26,doctor,""Hello, thanks for reaching out. Let's review your symptoms."",text,,0,2026-08-22 02:04:00";;;;;;;
2201,367,26,doctor,Please continue the medication as prescribed and monitor for changes.,voice,https://cdn.example.md/uploads/msg_2201.mp3,1,2026-08-22 03:07:00;;;;;;;
"2202,367,112,patient,""I still have some pain, should I be concerned?"",text,,1,2026-08-22 04:48:00";;;;;;;
"2203,367,26,doctor,""Sure, I can move it to next week. What day works for you?"",text,,1,2026-08-22 06:04:00";;;;;;;
"2204,367,26,doctor,""That could be normal, but let's schedule a check-up to be safe."",image,https://cdn.example.md/uploads/msg_2204.jpg,1,2026-08-22 08:44:00";;;;;;;
"2205,367,112,patient,""I uploaded my lab results, please check when you can."",voice,https://cdn.example.md/uploads/msg_2205.mp3,1,2026-08-22 09:37:00";;;;;;;
2206,368,38,doctor,Let's plan a follow-up in two weeks.,text,,1,2026-08-12 01:27:00;;;;;;;
"2207,368,279,patient,""I uploaded my lab results, please check when you can."",text,,1,2026-08-12 01:45:00";;;;;;;
"2208,368,279,patient,""Hello doctor, I wanted to ask about my recent symptoms."",text,,1,2026-08-12 03:28:00";;;;;;;
"2209,368,38,doctor,""That side effect can occur, but let me know if it worsens."",image,https://cdn.example.md/uploads/msg_2209.jpg,1,2026-08-12 03:46:00";;;;;;;
"2210,368,38,doctor,""You're welcome, take care and reach out if anything changes."",text,,0,2026-08-12 06:18:00";;;;;;;
2211,368,38,doctor,Let's plan a follow-up in two weeks.,voice,https://cdn.example.md/uploads/msg_2211.mp3,1,2026-08-12 07:05:00;;;;;;;
"2212,368,38,doctor,""That's good to hear, keep up with the treatment plan."",text,,0,2026-08-12 08:01:00";;;;;;;
"2213,369,13,doctor,""Hello, thanks for reaching out. Let's review your symptoms."",voice,https://cdn.example.md/uploads/msg_2213.mp3,0,2026-08-25 02:56:00";;;;;;;
2214,369,386,patient,Is it okay to take this medication with food?,text,,0,2026-08-25 03:13:00;;;;;;;
"2215,369,13,doctor,""That's good to hear, keep up with the treatment plan."",text,,1,2026-08-25 04:11:00";;;;;;;
2216,369,386,patient,Thank you for the consultation today.,image,https://cdn.example.md/uploads/msg_2216.jpg,1,2026-08-25 05:39:00;;;;;;;
"2217,369,13,doctor,""Hello, thanks for reaching out. Let's review your symptoms."",image,https://cdn.example.md/uploads/msg_2217.jpg,0,2026-08-25 07:17:00";;;;;;;
"2218,369,13,doctor,""You're welcome, take care and reach out if anything changes."",text,,1,2026-08-25 07:24:00";;;;;;;
"2219,369,386,patient,""I still have some pain, should I be concerned?"",voice,https://cdn.example.md/uploads/msg_2219.mp3,0,2026-08-25 10:00:00";;;;;;;
2220,370,355,patient,Thank you for the consultation today.,text,,1,2026-08-12 00:46:00;;;;;;;
2221,370,355,patient,Thank you for the consultation today.,text,,1,2026-08-12 03:37:00;;;;;;;
"2222,370,355,patient,""I've been feeling better since the last visit, thank you."",file,https://cdn.example.md/uploads/msg_2222.pdf,1,2026-08-12 03:56:00";;;;;;;
"2223,370,355,patient,""I uploaded my lab results, please check when you can."",text,,1,2026-08-12 04:59:00";;;;;;;
"2224,370,5,doctor,""Sure, I can move it to next week. What day works for you?"",text,,1,2026-08-12 07:23:00";;;;;;;
"2225,370,5,doctor,""You're welcome, take care and reach out if anything changes."",image,https://cdn.example.md/uploads/msg_2225.jpg,0,2026-08-12 08:50:00";;;;;;;
"2226,370,355,patient,""Hello doctor, I wanted to ask about my recent symptoms."",text,,0,2026-08-12 09:05:00";;;;;;;
2227,371,134,patient,When should I come back for a follow-up?,file,https://cdn.example.md/uploads/msg_2227.pdf,1,2026-08-27 00:43:00;;;;;;;
2228,371,134,patient,Is it okay to take this medication with food?,text,,1,2026-08-27 02:08:00;;;;;;;
"2229,371,134,patient,""I still have some pain, should I be concerned?"",image,https://cdn.example.md/uploads/msg_2229.jpg,0,2026-08-27 04:10:00";;;;;;;
"2230,371,5,doctor,""You're welcome, take care and reach out if anything changes."",voice,https://cdn.example.md/uploads/msg_2230.mp3,1,2026-08-27 06:11:00";;;;;;;
"2231,371,5,doctor,""You're welcome, take care and reach out if anything changes."",file,https://cdn.example.md/uploads/msg_2231.pdf,1,2026-08-27 08:32:00";;;;;;;
"2232,371,134,patient,""I've been feeling better since the last visit, thank you."",image,https://cdn.example.md/uploads/msg_2232.jpg,1,2026-08-27 09:23:00";;;;;;;
"2233,372,150,patient,""I've been feeling better since the last visit, thank you."",file,https://cdn.example.md/uploads/msg_2233.pdf,1,2026-08-22 01:27:00";;;;;;;
2234,372,150,patient,Is it okay to take this medication with food?,text,,0,2026-08-22 04:21:00;;;;;;;
2235,372,23,doctor,Let's plan a follow-up in two weeks.,text,,1,2026-08-22 05:39:00;;;;;;;
2236,372,23,doctor,Let's plan a follow-up in two weeks.,file,https://cdn.example.md/uploads/msg_2236.pdf,1,2026-08-22 07:25:00;;;;;;;
"2237,372,23,doctor,""Hello, thanks for reaching out. Let's review your symptoms."",file,https://cdn.example.md/uploads/msg_2237.pdf,1,2026-08-22 10:01:00";;;;;;;
2238,373,260,patient,Is this side effect normal?,text,,0,2026-08-28 02:22:00;;;;;;;
"2239,373,8,doctor,""Sure, I can move it to next week. What day works for you?"",image,https://cdn.example.md/uploads/msg_2239.jpg,1,2026-08-28 03:43:00";;;;;;;
"2240,373,8,doctor,""Thanks, I'll review the results and get back to you shortly."",text,,1,2026-08-28 04:44:00";;;;;;;
2241,373,260,patient,Can we reschedule my next appointment?,text,,1,2026-08-28 06:04:00;;;;;;;
"2242,373,8,doctor,""Thanks, I'll review the results and get back to you shortly."",text,,0,2026-08-28 06:34:00";;;;;;;
2243,373,260,patient,Could you clarify the dosage instructions?,text,,1,2026-08-28 08:16:00;;;;;;;
2244,373,260,patient,Is this side effect normal?,text,,1,2026-08-28 10:13:00;;;;;;;
"2245,374,35,doctor,""You're welcome, take care and reach out if anything changes."",text,,0,2026-08-31 02:38:00";;;;;;;
"2246,374,35,doctor,""That side effect can occur, but let me know if it worsens."",text,,0,2026-08-31 05:10:00";;;;;;;
"2247,374,356,patient,""Hello doctor, I wanted to ask about my recent symptoms."",text,,1,2026-08-31 07:23:00";;;;;;;
"2248,374,35,doctor,""You're welcome, take care and reach out if anything changes."",text,,0,2026-08-31 09:54:00";;;;;;;
"2249,374,35,doctor,""Hello, thanks for reaching out. Let's review your symptoms."",file,https://cdn.example.md/uploads/msg_2249.pdf,1,2026-08-31 11:39:00";;;;;;;
"2250,375,24,doctor,""Hello, thanks for reaching out. Let's review your symptoms."",file,https://cdn.example.md/uploads/msg_2250.pdf,1,2026-08-31 01:15:00";;;;;;;
2251,375,24,doctor,Let's plan a follow-up in two weeks.,text,,1,2026-08-31 01:21:00;;;;;;;
"2252,375,24,doctor,""You're welcome, take care and reach out if anything changes."",voice,https://cdn.example.md/uploads/msg_2252.mp3,1,2026-08-31 03:14:00";;;;;;;
2253,375,24,doctor,Take one tablet twice a day after meals.,voice,https://cdn.example.md/uploads/msg_2253.mp3,1,2026-08-31 06:03:00;;;;;;;
"2254,375,24,doctor,""Sure, I can move it to next week. What day works for you?"",text,,1,2026-08-31 06:59:00";;;;;;;
"2255,375,165,patient,""I still have some pain, should I be concerned?"",text,,1,2026-08-31 09:59:00";;;;;;;
"2256,376,23,patient,""I still have some pain, should I be concerned?"",text,,0,2026-08-17 01:14:00";;;;;;;
"2257,376,17,doctor,""Sure, I can move it to next week. What day works for you?"",text,,1,2026-08-17 02:18:00";;;;;;;
"2258,376,17,doctor,""That could be normal, but let's schedule a check-up to be safe."",file,https://cdn.example.md/uploads/msg_2258.pdf,1,2026-08-17 04:10:00";;;;;;;
2259,376,23,patient,When should I come back for a follow-up?,text,,1,2026-08-17 05:25:00;;;;;;;
"2260,376,17,doctor,""Thanks, I'll review the results and get back to you shortly."",text,,1,2026-08-17 07:12:00";;;;;;;
"2261,376,17,doctor,""You're welcome, take care and reach out if anything changes."",file,https://cdn.example.md/uploads/msg_2261.pdf,1,2026-08-17 07:19:00";;;;;;;
"2262,377,14,doctor,""That's good to hear, keep up with the treatment plan."",file,https://cdn.example.md/uploads/msg_2262.pdf,1,2026-08-26 01:15:00";;;;;;;
2263,377,14,doctor,Please continue the medication as prescribed and monitor for changes.,text,,1,2026-08-26 03:48:00;;;;;;;
2264,377,398,patient,Could you clarify the dosage instructions?,file,https://cdn.example.md/uploads/msg_2264.pdf,1,2026-08-26 05:21:00;;;;;;;
"2265,377,398,patient,""I still have some pain, should I be concerned?"",text,,0,2026-08-26 07:35:00";;;;;;;
2266,377,398,patient,Is this side effect normal?,voice,https://cdn.example.md/uploads/msg_2266.mp3,1,2026-08-26 07:50:00;;;;;;;
2267,377,14,doctor,Let's plan a follow-up in two weeks.,voice,https://cdn.example.md/uploads/msg_2267.mp3,0,2026-08-26 08:29:00;;;;;;;
"2268,377,398,patient,""I've been feeling better since the last visit, thank you."",text,,1,2026-08-26 11:29:00";;;;;;;
"2269,377,398,patient,""I've been feeling better since the last visit, thank you."",text,,1,2026-08-26 13:44:00";;;;;;;
"2270,378,32,patient,""I uploaded my lab results, please check when you can."",image,https://cdn.example.md/uploads/msg_2270.jpg,1,2026-08-30 02:35:00";;;;;;;
2271,378,32,patient,When should I come back for a follow-up?,text,,1,2026-08-30 05:30:00;;;;;;;
2272,378,32,patient,Thank you for the consultation today.,image,https://cdn.example.md/uploads/msg_2272.jpg,1,2026-08-30 07:52:00;;;;;;;
2273,378,32,patient,Can we reschedule my next appointment?,text,,1,2026-08-30 07:56:00;;;;;;;
"2274,378,20,doctor,""You're welcome, take care and reach out if anything changes."",text,,1,2026-08-30 08:08:00";;;;;;;
2275,379,22,patient,Is this side effect normal?,text,,1,2026-08-25 01:28:00;;;;;;;
"2276,379,22,patient,""I still have some pain, should I be concerned?"",voice,https://cdn.example.md/uploads/msg_2276.mp3,1,2026-08-25 03:42:00";;;;;;;
2277,379,11,doctor,Please continue the medication as prescribed and monitor for changes.,text,,1,2026-08-25 03:48:00;;;;;;;
2278,379,11,doctor,Please continue the medication as prescribed and monitor for changes.,text,,0,2026-08-25 05:31:00;;;;;;;
"2279,379,22,patient,""I still have some pain, should I be concerned?"",file,https://cdn.example.md/uploads/msg_2279.pdf,1,2026-08-25 07:43:00";;;;;;;
"2280,379,11,doctor,""That's good to hear, keep up with the treatment plan."",text,,0,2026-08-25 10:38:00";;;;;;;
2281,379,22,patient,Is this side effect normal?,text,,0,2026-08-25 13:06:00;;;;;;;
"2282,379,11,doctor,""You're welcome, take care and reach out if anything changes."",text,,0,2026-08-25 15:15:00";;;;;;;
"2283,380,44,patient,""Hello doctor, I wanted to ask about my recent symptoms."",voice,https://cdn.example.md/uploads/msg_2283.mp3,1,2026-08-22 02:42:00";;;;;;;
2284,380,44,patient,Can we reschedule my next appointment?,file,https://cdn.example.md/uploads/msg_2284.pdf,1,2026-08-22 02:45:00;;;;;;;
"2285,380,38,doctor,""That side effect can occur, but let me know if it worsens."",text,,1,2026-08-22 04:26:00";;;;;;;
2286,380,38,doctor,Let's plan a follow-up in two weeks.,image,https://cdn.example.md/uploads/msg_2286.jpg,0,2026-08-22 06:40:00;;;;;;;
"2287,380,38,doctor,""Sure, I can move it to next week. What day works for you?"",image,https://cdn.example.md/uploads/msg_2287.jpg,1,2026-08-22 07:19:00";;;;;;;
"2288,381,184,patient,""I've been feeling better since the last visit, thank you."",text,,1,2026-09-01 02:54:00";;;;;;;
"2289,381,184,patient,""I uploaded my lab results, please check when you can."",file,https://cdn.example.md/uploads/msg_2289.pdf,0,2026-09-01 04:20:00";;;;;;;
"2290,381,184,patient,""Hello doctor, I wanted to ask about my recent symptoms."",text,,0,2026-09-01 06:08:00";;;;;;;
"2291,381,15,doctor,""That side effect can occur, but let me know if it worsens."",text,,1,2026-09-01 08:12:00";;;;;;;
"2292,381,15,doctor,""That side effect can occur, but let me know if it worsens."",text,,1,2026-09-01 10:14:00";;;;;;;
2293,381,184,patient,Can we reschedule my next appointment?,text,,1,2026-09-01 12:05:00;;;;;;;
2294,381,184,patient,Can we reschedule my next appointment?,voice,https://cdn.example.md/uploads/msg_2294.mp3,1,2026-09-01 12:35:00;;;;;;;
"2295,381,15,doctor,""That could be normal, but let's schedule a check-up to be safe."",text,,0,2026-09-01 13:46:00";;;;;;;
2296,382,257,patient,Can we reschedule my next appointment?,file,https://cdn.example.md/uploads/msg_2296.pdf,0,2026-08-16 02:14:00;;;;;;;
2297,382,38,doctor,Take one tablet twice a day after meals.,voice,https://cdn.example.md/uploads/msg_2297.mp3,1,2026-08-16 04:35:00;;;;;;;
2298,382,38,doctor,Take one tablet twice a day after meals.,text,,1,2026-08-16 05:11:00;;;;;;;
2299,382,38,doctor,Take one tablet twice a day after meals.,text,,0,2026-08-16 07:34:00;;;;;;;
2300,382,38,doctor,Please continue the medication as prescribed and monitor for changes.,text,,1,2026-08-16 09:50:00;;;;;;;
"2301,382,38,doctor,""That's good to hear, keep up with the treatment plan."",image,https://cdn.example.md/uploads/msg_2301.jpg,1,2026-08-16 10:05:00";;;;;;;
"2302,382,38,doctor,""Sure, I can move it to next week. What day works for you?"",image,https://cdn.example.md/uploads/msg_2302.jpg,1,2026-08-16 11:19:00";;;;;;;
"2303,383,260,patient,""I uploaded my lab results, please check when you can."",image,https://cdn.example.md/uploads/msg_2303.jpg,1,2026-08-22 00:28:00";;;;;;;
2304,383,260,patient,Thank you for the consultation today.,file,https://cdn.example.md/uploads/msg_2304.pdf,1,2026-08-22 01:04:00;;;;;;;
"2305,383,15,doctor,""Hello, thanks for reaching out. Let's review your symptoms."",text,,0,2026-08-22 01:51:00";;;;;;;
"2306,383,15,doctor,""That side effect can occur, but let me know if it worsens."",text,,0,2026-08-22 02:39:00";;;;;;;
2307,383,260,patient,When should I come back for a follow-up?,file,https://cdn.example.md/uploads/msg_2307.pdf,1,2026-08-22 03:15:00;;;;;;;
"2308,384,1,doctor,""Hello, thanks for reaching out. Let's review your symptoms."",file,https://cdn.example.md/uploads/msg_2308.pdf,1,2026-08-31 00:52:00";;;;;;;
"2309,384,1,doctor,""You're welcome, take care and reach out if anything changes."",file,https://cdn.example.md/uploads/msg_2309.pdf,1,2026-08-31 02:17:00";;;;;;;
"2310,384,39,patient,""Hello doctor, I wanted to ask about my recent symptoms."",file,https://cdn.example.md/uploads/msg_2310.pdf,0,2026-08-31 03:11:00";;;;;;;
"2311,384,1,doctor,""That could be normal, but let's schedule a check-up to be safe."",text,,1,2026-08-31 05:47:00";;;;;;;
"2312,384,1,doctor,""You're welcome, take care and reach out if anything changes."",voice,https://cdn.example.md/uploads/msg_2312.mp3,1,2026-08-31 06:39:00";;;;;;;
"2313,384,1,doctor,""You're welcome, take care and reach out if anything changes."",text,,1,2026-08-31 07:45:00";;;;;;;
2314,385,22,doctor,Let's plan a follow-up in two weeks.,text,,1,2026-08-20 01:53:00;;;;;;;
2315,385,22,doctor,Please continue the medication as prescribed and monitor for changes.,text,,0,2026-08-20 03:17:00;;;;;;;
"2316,385,22,doctor,""You're welcome, take care and reach out if anything changes."",text,,1,2026-08-20 03:27:00";;;;;;;
"2317,385,22,doctor,""Hello, thanks for reaching out. Let's review your symptoms."",image,https://cdn.example.md/uploads/msg_2317.jpg,1,2026-08-20 05:53:00";;;;;;;
"2318,385,395,patient,""I've been feeling better since the last visit, thank you."",text,,1,2026-08-20 06:59:00";;;;;;;
2319,385,395,patient,Can we reschedule my next appointment?,text,,0,2026-08-20 08:31:00;;;;;;;
"2320,386,8,doctor,""Hello, thanks for reaching out. Let's review your symptoms."",text,,0,2026-08-27 02:50:00";;;;;;;
"2321,386,8,doctor,""Thanks, I'll review the results and get back to you shortly."",text,,1,2026-08-27 03:23:00";;;;;;;
2322,386,147,patient,Can we reschedule my next appointment?,file,https://cdn.example.md/uploads/msg_2322.pdf,1,2026-08-27 06:16:00;;;;;;;
2323,386,8,doctor,Please continue the medication as prescribed and monitor for changes.,file,https://cdn.example.md/uploads/msg_2323.pdf,1,2026-08-27 09:08:00;;;;;;;
"2324,386,8,doctor,""That side effect can occur, but let me know if it worsens."",voice,https://cdn.example.md/uploads/msg_2324.mp3,1,2026-08-27 10:40:00";;;;;;;
"2325,386,8,doctor,""That side effect can occur, but let me know if it worsens."",text,,1,2026-08-27 11:58:00";;;;;;;
2326,386,147,patient,Could you clarify the dosage instructions?,text,,1,2026-08-27 12:01:00;;;;;;;
2327,386,147,patient,Can we reschedule my next appointment?,image,https://cdn.example.md/uploads/msg_2327.jpg,1,2026-08-27 14:24:00;;;;;;;
2328,387,242,patient,Is this side effect normal?,file,https://cdn.example.md/uploads/msg_2328.pdf,1,2026-09-01 02:51:00;;;;;;;
2329,387,242,patient,Thank you for the consultation today.,voice,https://cdn.example.md/uploads/msg_2329.mp3,1,2026-09-01 03:45:00;;;;;;;
"2330,387,36,doctor,""That could be normal, but let's schedule a check-up to be safe."",text,,1,2026-09-01 03:49:00";;;;;;;
"2331,387,36,doctor,""Sure, I can move it to next week. What day works for you?"",text,,0,2026-09-01 05:24:00";;;;;;;
2332,387,242,patient,Thank you for the consultation today.,text,,1,2026-09-01 06:38:00;;;;;;;
"2333,388,17,doctor,""Hello, thanks for reaching out. Let's review your symptoms."",text,,0,2026-08-25 00:09:00";;;;;;;
"2334,388,17,doctor,""Sure, I can move it to next week. What day works for you?"",text,,1,2026-08-25 02:02:00";;;;;;;
"2335,388,217,patient,""Hello doctor, I wanted to ask about my recent symptoms."",image,https://cdn.example.md/uploads/msg_2335.jpg,1,2026-08-25 02:36:00";;;;;;;
2336,388,217,patient,Is it okay to take this medication with food?,text,,0,2026-08-25 04:54:00;;;;;;;
2337,388,217,patient,Is it okay to take this medication with food?,file,https://cdn.example.md/uploads/msg_2337.pdf,1,2026-08-25 07:25:00;;;;;;;
2338,388,217,patient,When should I come back for a follow-up?,file,https://cdn.example.md/uploads/msg_2338.pdf,1,2026-08-25 08:46:00;;;;;;;
"2339,389,34,doctor,""Thanks, I'll review the results and get back to you shortly."",file,https://cdn.example.md/uploads/msg_2339.pdf,0,2026-08-15 00:26:00";;;;;;;
2340,389,34,doctor,Take one tablet twice a day after meals.,file,https://cdn.example.md/uploads/msg_2340.pdf,1,2026-08-15 01:46:00;;;;;;;
"2341,389,34,doctor,""That could be normal, but let's schedule a check-up to be safe."",image,https://cdn.example.md/uploads/msg_2341.jpg,1,2026-08-15 04:26:00";;;;;;;
2342,389,4,patient,Thank you for the consultation today.,image,https://cdn.example.md/uploads/msg_2342.jpg,1,2026-08-15 06:26:00;;;;;;;
2343,389,34,doctor,Take one tablet twice a day after meals.,text,,1,2026-08-15 08:07:00;;;;;;;
2344,389,34,doctor,Let's plan a follow-up in two weeks.,text,,1,2026-08-15 10:55:00;;;;;;;
"2345,389,4,patient,""Hello doctor, I wanted to ask about my recent symptoms."",text,,1,2026-08-15 11:21:00";;;;;;;
"2346,390,27,doctor,""Thanks, I'll review the results and get back to you shortly."",text,,1,2026-08-23 01:17:00";;;;;;;
2347,390,27,doctor,Let's plan a follow-up in two weeks.,voice,https://cdn.example.md/uploads/msg_2347.mp3,0,2026-08-23 03:16:00;;;;;;;
2348,390,27,doctor,Take one tablet twice a day after meals.,file,https://cdn.example.md/uploads/msg_2348.pdf,1,2026-08-23 03:21:00;;;;;;;
2349,390,27,doctor,Take one tablet twice a day after meals.,voice,https://cdn.example.md/uploads/msg_2349.mp3,1,2026-08-23 04:31:00;;;;;;;
"2350,391,2,doctor,""That could be normal, but let's schedule a check-up to be safe."",text,,1,2026-08-21 02:01:00";;;;;;;
"2351,391,2,doctor,""Hello, thanks for reaching out. Let's review your symptoms."",text,,1,2026-08-21 03:43:00";;;;;;;
2352,391,2,doctor,Take one tablet twice a day after meals.,text,,1,2026-08-21 05:47:00;;;;;;;
2353,391,333,patient,When should I come back for a follow-up?,voice,https://cdn.example.md/uploads/msg_2353.mp3,1,2026-08-21 06:17:00;;;;;;;
2354,392,67,patient,Thank you for the consultation today.,text,,1,2026-08-20 02:53:00;;;;;;;
"2355,392,31,doctor,""That could be normal, but let's schedule a check-up to be safe."",text,,0,2026-08-20 03:02:00";;;;;;;
"2356,392,31,doctor,""Thanks, I'll review the results and get back to you shortly."",text,,1,2026-08-20 05:15:00";;;;;;;
2357,392,67,patient,Is this side effect normal?,voice,https://cdn.example.md/uploads/msg_2357.mp3,1,2026-08-20 06:37:00;;;;;;;
2358,392,31,doctor,Take one tablet twice a day after meals.,text,,1,2026-08-20 07:46:00;;;;;;;
"2359,393,221,patient,""I've been feeling better since the last visit, thank you."",text,,0,2026-08-30 00:04:00";;;;;;;
2360,393,221,patient,Is this side effect normal?,text,,0,2026-08-30 00:41:00;;;;;;;
"2361,393,15,doctor,""That could be normal, but let's schedule a check-up to be safe."",text,,1,2026-08-30 02:38:00";;;;;;;
"2362,393,15,doctor,""Thanks, I'll review the results and get back to you shortly."",voice,https://cdn.example.md/uploads/msg_2362.mp3,1,2026-08-30 04:47:00";;;;;;;
2363,393,15,doctor,Take one tablet twice a day after meals.,text,,1,2026-08-30 05:20:00;;;;;;;
"2364,393,15,doctor,""Sure, I can move it to next week. What day works for you?"",text,,1,2026-08-30 07:41:00";;;;;;;
2365,393,15,doctor,Take one tablet twice a day after meals.,text,,1,2026-08-30 08:18:00;;;;;;;
2366,394,144,patient,Thank you for the consultation today.,text,,0,2026-08-13 00:20:00;;;;;;;
"2367,394,19,doctor,""That's good to hear, keep up with the treatment plan."",text,,0,2026-08-13 02:54:00";;;;;;;
"2368,394,144,patient,""I uploaded my lab results, please check when you can."",file,https://cdn.example.md/uploads/msg_2368.pdf,1,2026-08-13 04:25:00";;;;;;;
"2369,394,19,doctor,""Sure, I can move it to next week. What day works for you?"",text,,1,2026-08-13 05:52:00";;;;;;;
2370,394,144,patient,Could you clarify the dosage instructions?,text,,1,2026-08-13 07:03:00;;;;;;;
2371,394,144,patient,Could you clarify the dosage instructions?,voice,https://cdn.example.md/uploads/msg_2371.mp3,1,2026-08-13 08:38:00;;;;;;;
2372,395,7,doctor,Let's plan a follow-up in two weeks.,file,https://cdn.example.md/uploads/msg_2372.pdf,1,2026-08-28 02:19:00;;;;;;;
2373,395,39,patient,Can we reschedule my next appointment?,file,https://cdn.example.md/uploads/msg_2373.pdf,1,2026-08-28 02:37:00;;;;;;;
"2374,395,7,doctor,""That could be normal, but let's schedule a check-up to be safe."",text,,1,2026-08-28 03:17:00";;;;;;;
"2375,395,39,patient,""Hello doctor, I wanted to ask about my recent symptoms."",voice,https://cdn.example.md/uploads/msg_2375.mp3,1,2026-08-28 05:48:00";;;;;;;
"2376,395,7,doctor,""That's good to hear, keep up with the treatment plan."",voice,https://cdn.example.md/uploads/msg_2376.mp3,1,2026-08-28 07:03:00";;;;;;;
"2377,395,39,patient,""I still have some pain, should I be concerned?"",image,https://cdn.example.md/uploads/msg_2377.jpg,0,2026-08-28 08:02:00";;;;;;;
"2378,395,7,doctor,""That side effect can occur, but let me know if it worsens."",text,,1,2026-08-28 09:28:00";;;;;;;
"2379,395,7,doctor,""That could be normal, but let's schedule a check-up to be safe."",image,https://cdn.example.md/uploads/msg_2379.jpg,1,2026-08-28 10:16:00";;;;;;;
"2380,396,20,doctor,""That could be normal, but let's schedule a check-up to be safe."",text,,0,2026-08-14 01:37:00";;;;;;;
2381,396,57,patient,Is this side effect normal?,file,https://cdn.example.md/uploads/msg_2381.pdf,0,2026-08-14 03:47:00;;;;;;;
2382,396,20,doctor,Take one tablet twice a day after meals.,text,,1,2026-08-14 03:51:00;;;;;;;
"2383,396,20,doctor,""That side effect can occur, but let me know if it worsens."",text,,1,2026-08-14 05:11:00";;;;;;;
2384,396,57,patient,Can we reschedule my next appointment?,image,https://cdn.example.md/uploads/msg_2384.jpg,1,2026-08-14 07:33:00;;;;;;;
"2385,396,57,patient,""I still have some pain, should I be concerned?"",text,,1,2026-08-14 08:08:00";;;;;;;
2386,397,29,doctor,Take one tablet twice a day after meals.,text,,1,2026-08-12 02:53:00;;;;;;;
"2387,397,29,doctor,""Thanks, I'll review the results and get back to you shortly."",voice,https://cdn.example.md/uploads/msg_2387.mp3,1,2026-08-12 03:58:00";;;;;;;
2388,397,29,doctor,Let's plan a follow-up in two weeks.,text,,1,2026-08-12 06:36:00;;;;;;;
"2389,397,15,patient,""I've been feeling better since the last visit, thank you."",image,https://cdn.example.md/uploads/msg_2389.jpg,0,2026-08-12 07:37:00";;;;;;;
"2390,397,29,doctor,""Thanks, I'll review the results and get back to you shortly."",text,,0,2026-08-12 08:13:00";;;;;;;
"2391,398,189,patient,""I still have some pain, should I be concerned?"",voice,https://cdn.example.md/uploads/msg_2391.mp3,1,2026-08-18 01:40:00";;;;;;;
"2392,398,19,doctor,""That could be normal, but let's schedule a check-up to be safe."",voice,https://cdn.example.md/uploads/msg_2392.mp3,1,2026-08-18 03:34:00";;;;;;;
"2393,398,19,doctor,""That side effect can occur, but let me know if it worsens."",text,,1,2026-08-18 04:16:00";;;;;;;
2394,398,19,doctor,Let's plan a follow-up in two weeks.,image,https://cdn.example.md/uploads/msg_2394.jpg,0,2026-08-18 07:02:00;;;;;;;
"2395,398,189,patient,""I uploaded my lab results, please check when you can."",text,,1,2026-08-18 08:12:00";;;;;;;
"2396,398,189,patient,""I uploaded my lab results, please check when you can."",text,,1,2026-08-18 09:34:00";;;;;;;
"2397,399,159,patient,""Hello doctor, I wanted to ask about my recent symptoms."",text,,0,2026-08-16 01:27:00";;;;;;;
"2398,399,159,patient,""I uploaded my lab results, please check when you can."",voice,https://cdn.example.md/uploads/msg_2398.mp3,0,2026-08-16 03:05:00";;;;;;;
2399,399,159,patient,Could you clarify the dosage instructions?,voice,https://cdn.example.md/uploads/msg_2399.mp3,0,2026-08-16 05:29:00;;;;;;;
2400,399,19,doctor,Take one tablet twice a day after meals.,text,,0,2026-08-16 05:37:00;;;;;;;
"2401,399,19,doctor,""That side effect can occur, but let me know if it worsens."",file,https://cdn.example.md/uploads/msg_2401.pdf,1,2026-08-16 08:26:00";;;;;;;
"2402,399,159,patient,""I still have some pain, should I be concerned?"",voice,https://cdn.example.md/uploads/msg_2402.mp3,1,2026-08-16 10:57:00";;;;;;;
"2403,399,19,doctor,""Sure, I can move it to next week. What day works for you?"",text,,1,2026-08-16 13:03:00";;;;;;;
"2404,399,19,doctor,""That could be normal, but let's schedule a check-up to be safe."",text,,1,2026-08-16 15:06:00";;;;;;;
2405,400,233,patient,When should I come back for a follow-up?,text,,0,2026-08-20 02:13:00;;;;;;;
"2406,400,233,patient,""I uploaded my lab results, please check when you can."",text,,1,2026-08-20 03:07:00";;;;;;;
"2407,400,233,patient,""Hello doctor, I wanted to ask about my recent symptoms."",image,https://cdn.example.md/uploads/msg_2407.jpg,0,2026-08-20 04:23:00";;;;;;;
2408,400,233,patient,Could you clarify the dosage instructions?,text,,1,2026-08-20 06:07:00;;;;;;;
"2409,400,10,doctor,""Hello, thanks for reaching out. Let's review your symptoms."",text,,1,2026-08-20 08:12:00";;;;;;;
2410,401,66,patient,Is this side effect normal?,image,https://cdn.example.md/uploads/msg_2410.jpg,1,2026-08-19 00:32:00;;;;;;;
2411,401,66,patient,Thank you for the consultation today.,voice,https://cdn.example.md/uploads/msg_2411.mp3,0,2026-08-19 02:44:00;;;;;;;
2412,401,66,patient,Thank you for the consultation today.,voice,https://cdn.example.md/uploads/msg_2412.mp3,1,2026-08-19 05:23:00;;;;;;;
"2413,401,14,doctor,""You're welcome, take care and reach out if anything changes."",text,,1,2026-08-19 08:13:00";;;;;;;
2414,401,14,doctor,Let's plan a follow-up in two weeks.,text,,1,2026-08-19 10:50:00;;;;;;;
"2415,402,103,patient,""I still have some pain, should I be concerned?"",voice,https://cdn.example.md/uploads/msg_2415.mp3,1,2026-08-29 00:49:00";;;;;;;
"2416,402,18,doctor,""Sure, I can move it to next week. What day works for you?"",text,,1,2026-08-29 02:35:00";;;;;;;
2417,402,103,patient,Can we reschedule my next appointment?,text,,1,2026-08-29 03:27:00;;;;;;;
2418,402,18,doctor,Please continue the medication as prescribed and monitor for changes.,voice,https://cdn.example.md/uploads/msg_2418.mp3,1,2026-08-29 04:35:00;;;;;;;
"2419,403,39,doctor,""Thanks, I'll review the results and get back to you shortly."",text,,1,2026-08-24 00:24:00";;;;;;;
"2420,403,39,doctor,""That's good to hear, keep up with the treatment plan."",text,,1,2026-08-24 01:00:00";;;;;;;
2421,403,114,patient,Is it okay to take this medication with food?,text,,1,2026-08-24 02:15:00;;;;;;;
"2422,403,39,doctor,""You're welcome, take care and reach out if anything changes."",image,https://cdn.example.md/uploads/msg_2422.jpg,1,2026-08-24 03:09:00";;;;;;;
"2423,404,11,doctor,""Hello, thanks for reaching out. Let's review your symptoms."",text,,0,2026-08-17 00:38:00";;;;;;;
2424,404,11,doctor,Please continue the medication as prescribed and monitor for changes.,text,,0,2026-08-17 01:40:00;;;;;;;
"2425,404,11,doctor,""Sure, I can move it to next week. What day works for you?"",text,,1,2026-08-17 04:11:00";;;;;;;
"2426,404,67,patient,""I've been feeling better since the last visit, thank you."",voice,https://cdn.example.md/uploads/msg_2426.mp3,1,2026-08-17 05:25:00";;;;;;;
"2427,404,11,doctor,""That side effect can occur, but let me know if it worsens."",text,,1,2026-08-17 06:10:00";;;;;;;
"2428,404,11,doctor,""You're welcome, take care and reach out if anything changes."",text,,0,2026-08-17 07:49:00";;;;;;;
"2429,404,11,doctor,""Thanks, I'll review the results and get back to you shortly."",text,,1,2026-08-17 08:07:00";;;;;;;
"2430,404,11,doctor,""That side effect can occur, but let me know if it worsens."",text,,1,2026-08-17 09:50:00";;;;;;;
2431,405,370,patient,When should I come back for a follow-up?,text,,0,2026-08-23 01:41:00;;;;;;;
2432,405,370,patient,Could you clarify the dosage instructions?,image,https://cdn.example.md/uploads/msg_2432.jpg,1,2026-08-23 04:07:00;;;;;;;
2433,405,370,patient,Thank you for the consultation today.,text,,0,2026-08-23 04:38:00;;;;;;;
2434,405,26,doctor,Let's plan a follow-up in two weeks.,text,,1,2026-08-23 05:21:00;;;;;;;
"2435,405,370,patient,""I uploaded my lab results, please check when you can."",text,,0,2026-08-23 05:23:00";;;;;;;
2436,405,370,patient,Thank you for the consultation today.,text,,0,2026-08-23 05:55:00;;;;;;;
2437,406,318,patient,Thank you for the consultation today.,text,,1,2026-08-26 01:58:00;;;;;;;
"2438,406,318,patient,""I've been feeling better since the last visit, thank you."",text,,1,2026-08-26 02:10:00";;;;;;;
2439,406,35,doctor,Let's plan a follow-up in two weeks.,text,,1,2026-08-26 03:47:00;;;;;;;
"2440,406,35,doctor,""Sure, I can move it to next week. What day works for you?"",text,,0,2026-08-26 05:15:00";;;;;;;
2441,406,318,patient,When should I come back for a follow-up?,voice,https://cdn.example.md/uploads/msg_2441.mp3,1,2026-08-26 08:04:00;;;;;;;
2442,406,318,patient,Is this side effect normal?,file,https://cdn.example.md/uploads/msg_2442.pdf,1,2026-08-26 10:20:00;;;;;;;
2443,407,344,patient,Is it okay to take this medication with food?,image,https://cdn.example.md/uploads/msg_2443.jpg,0,2026-08-22 00:34:00;;;;;;;
"2444,407,16,doctor,""Thanks, I'll review the results and get back to you shortly."",voice,https://cdn.example.md/uploads/msg_2444.mp3,0,2026-08-22 01:02:00";;;;;;;
"2445,407,16,doctor,""Thanks, I'll review the results and get back to you shortly."",file,https://cdn.example.md/uploads/msg_2445.pdf,0,2026-08-22 02:14:00";;;;;;;
"2446,407,344,patient,""I still have some pain, should I be concerned?"",text,,0,2026-08-22 02:46:00";;;;;;;
"2447,407,344,patient,""Hello doctor, I wanted to ask about my recent symptoms."",voice,https://cdn.example.md/uploads/msg_2447.mp3,1,2026-08-22 03:03:00";;;;;;;
"2448,407,16,doctor,""That side effect can occur, but let me know if it worsens."",image,https://cdn.example.md/uploads/msg_2448.jpg,1,2026-08-22 03:17:00";;;;;;;
"2449,408,21,doctor,""That side effect can occur, but let me know if it worsens."",image,https://cdn.example.md/uploads/msg_2449.jpg,1,2026-08-30 00:33:00";;;;;;;
2450,408,79,patient,Is this side effect normal?,text,,1,2026-08-30 01:08:00;;;;;;;
"2451,408,21,doctor,""Sure, I can move it to next week. What day works for you?"",image,https://cdn.example.md/uploads/msg_2451.jpg,1,2026-08-30 03:21:00";;;;;;;
"2452,408,79,patient,""I uploaded my lab results, please check when you can."",text,,1,2026-08-30 04:25:00";;;;;;;
2453,409,100,patient,Thank you for the consultation today.,text,,0,2026-08-28 01:37:00;;;;;;;
2454,409,100,patient,Is it okay to take this medication with food?,image,https://cdn.example.md/uploads/msg_2454.jpg,0,2026-08-28 01:57:00;;;;;;;
2455,409,100,patient,Can we reschedule my next appointment?,image,https://cdn.example.md/uploads/msg_2455.jpg,1,2026-08-28 03:02:00;;;;;;;
"2456,409,32,doctor,""That could be normal, but let's schedule a check-up to be safe."",text,,1,2026-08-28 03:13:00";;;;;;;
2457,409,32,doctor,Let's plan a follow-up in two weeks.,text,,1,2026-08-28 04:05:00;;;;;;;
"2458,409,32,doctor,""Hello, thanks for reaching out. Let's review your symptoms."",text,,1,2026-08-28 05:08:00";;;;;;;
2459,410,6,doctor,Take one tablet twice a day after meals.,text,,1,2026-08-27 01:49:00;;;;;;;
2460,410,400,patient,When should I come back for a follow-up?,text,,1,2026-08-27 04:40:00;;;;;;;
2461,410,400,patient,Could you clarify the dosage instructions?,text,,1,2026-08-27 04:55:00;;;;;;;
"2462,410,6,doctor,""That's good to hear, keep up with the treatment plan."",file,https://cdn.example.md/uploads/msg_2462.pdf,1,2026-08-27 05:17:00";;;;;;;
2463,410,400,patient,Could you clarify the dosage instructions?,text,,1,2026-08-27 07:38:00;;;;;;;
2464,410,6,doctor,Please continue the medication as prescribed and monitor for changes.,text,,1,2026-08-27 10:03:00;;;;;;;
"2465,410,6,doctor,""That's good to hear, keep up with the treatment plan."",text,,1,2026-08-27 12:35:00";;;;;;;
"2466,410,6,doctor,""That side effect can occur, but let me know if it worsens."",text,,1,2026-08-27 12:57:00";;;;;;;
2467,411,37,doctor,Take one tablet twice a day after meals.,text,,1,2026-09-01 02:01:00;;;;;;;
"2468,411,37,doctor,""That could be normal, but let's schedule a check-up to be safe."",file,https://cdn.example.md/uploads/msg_2468.pdf,1,2026-09-01 04:25:00";;;;;;;
2469,411,87,patient,Can we reschedule my next appointment?,image,https://cdn.example.md/uploads/msg_2469.jpg,1,2026-09-01 07:25:00;;;;;;;
2470,411,87,patient,Is it okay to take this medication with food?,file,https://cdn.example.md/uploads/msg_2470.pdf,1,2026-09-01 09:15:00;;;;;;;
"2471,411,37,doctor,""Sure, I can move it to next week. What day works for you?"",voice,https://cdn.example.md/uploads/msg_2471.mp3,1,2026-09-01 11:28:00";;;;;;;
"2472,411,37,doctor,""Hello, thanks for reaching out. Let's review your symptoms."",voice,https://cdn.example.md/uploads/msg_2472.mp3,1,2026-09-01 12:50:00";;;;;;;
"2473,411,37,doctor,""That could be normal, but let's schedule a check-up to be safe."",file,https://cdn.example.md/uploads/msg_2473.pdf,1,2026-09-01 14:57:00";;;;;;;
2474,411,87,patient,Is it okay to take this medication with food?,file,https://cdn.example.md/uploads/msg_2474.pdf,1,2026-09-01 16:08:00;;;;;;;
2475,412,229,patient,Can we reschedule my next appointment?,file,https://cdn.example.md/uploads/msg_2475.pdf,1,2026-08-31 01:48:00;;;;;;;
"2476,412,229,patient,""I uploaded my lab results, please check when you can."",image,https://cdn.example.md/uploads/msg_2476.jpg,1,2026-08-31 02:57:00";;;;;;;
2477,412,229,patient,Can we reschedule my next appointment?,file,https://cdn.example.md/uploads/msg_2477.pdf,1,2026-08-31 03:29:00;;;;;;;
"2478,412,229,patient,""I uploaded my lab results, please check when you can."",text,,1,2026-08-31 04:27:00";;;;;;;
2479,412,229,patient,When should I come back for a follow-up?,text,,1,2026-08-31 07:16:00;;;;;;;
"2480,412,26,doctor,""That side effect can occur, but let me know if it worsens."",text,,1,2026-08-31 08:39:00";;;;;;;
2481,412,229,patient,Is this side effect normal?,text,,1,2026-08-31 10:36:00;;;;;;;
"2482,412,229,patient,""I've been feeling better since the last visit, thank you."",text,,1,2026-08-31 12:17:00";;;;;;;
2483,413,13,doctor,Please continue the medication as prescribed and monitor for changes.,text,,1,2026-08-16 00:46:00;;;;;;;
"2484,413,13,doctor,""Hello, thanks for reaching out. Let's review your symptoms."",file,https://cdn.example.md/uploads/msg_2484.pdf,0,2026-08-16 01:00:00";;;;;;;
2485,413,204,patient,Thank you for the consultation today.,text,,1,2026-08-16 02:52:00;;;;;;;
2486,413,13,doctor,Take one tablet twice a day after meals.,file,https://cdn.example.md/uploads/msg_2486.pdf,1,2026-08-16 04:16:00;;;;;;;
2487,413,204,patient,Is it okay to take this medication with food?,text,,0,2026-08-16 06:37:00;;;;;;;
2488,413,204,patient,Is it okay to take this medication with food?,text,,1,2026-08-16 06:49:00;;;;;;;
2489,414,4,doctor,Let's plan a follow-up in two weeks.,voice,https://cdn.example.md/uploads/msg_2489.mp3,1,2026-08-30 00:01:00;;;;;;;
"2490,414,4,doctor,""Hello, thanks for reaching out. Let's review your symptoms."",text,,1,2026-08-30 01:57:00";;;;;;;
2491,414,362,patient,Is it okay to take this medication with food?,image,https://cdn.example.md/uploads/msg_2491.jpg,1,2026-08-30 02:11:00;;;;;;;
"2492,414,4,doctor,""That could be normal, but let's schedule a check-up to be safe."",text,,1,2026-08-30 02:48:00";;;;;;;
"2493,414,4,doctor,""You're welcome, take care and reach out if anything changes."",image,https://cdn.example.md/uploads/msg_2493.jpg,1,2026-08-30 03:33:00";;;;;;;
"2494,414,4,doctor,""That could be normal, but let's schedule a check-up to be safe."",text,,1,2026-08-30 06:08:00";;;;;;;
"2495,415,25,doctor,""That side effect can occur, but let me know if it worsens."",text,,0,2026-08-29 03:00:00";;;;;;;
"2496,415,364,patient,""I still have some pain, should I be concerned?"",text,,0,2026-08-29 03:24:00";;;;;;;
"2497,415,364,patient,""I've been feeling better since the last visit, thank you."",text,,1,2026-08-29 03:56:00";;;;;;;
"2498,415,25,doctor,""That side effect can occur, but let me know if it worsens."",voice,https://cdn.example.md/uploads/msg_2498.mp3,1,2026-08-29 06:23:00";;;;;;;
"2499,415,25,doctor,""Sure, I can move it to next week. What day works for you?"",text,,0,2026-08-29 08:19:00";;;;;;;
2500,415,364,patient,Is this side effect normal?,text,,1,2026-08-29 08:56:00;;;;;;;
"2501,415,25,doctor,""That could be normal, but let's schedule a check-up to be safe."",text,,1,2026-08-29 11:30:00";;;;;;;
"2502,415,25,doctor,""That could be normal, but let's schedule a check-up to be safe."",text,,1,2026-08-29 11:43:00";;;;;;;
"2503,416,170,patient,""I uploaded my lab results, please check when you can."",voice,https://cdn.example.md/uploads/msg_2503.mp3,1,2026-08-22 01:59:00";;;;;;;
2504,416,170,patient,When should I come back for a follow-up?,text,,1,2026-08-22 04:29:00;;;;;;;
"2505,416,170,patient,""Hello doctor, I wanted to ask about my recent symptoms."",text,,1,2026-08-22 05:51:00";;;;;;;
2506,416,170,patient,Is it okay to take this medication with food?,text,,1,2026-08-22 08:40:00;;;;;;;
"2507,416,170,patient,""I uploaded my lab results, please check when you can."",text,,1,2026-08-22 10:55:00";;;;;;;
2508,416,170,patient,When should I come back for a follow-up?,text,,1,2026-08-22 11:58:00;;;;;;;
2509,417,4,doctor,Take one tablet twice a day after meals.,text,,1,2026-08-13 00:22:00;;;;;;;
2510,417,302,patient,Is this side effect normal?,file,https://cdn.example.md/uploads/msg_2510.pdf,0,2026-08-13 01:08:00;;;;;;;
"2511,417,4,doctor,""Thanks, I'll review the results and get back to you shortly."",text,,1,2026-08-13 03:03:00";;;;;;;
"2512,417,4,doctor,""You're welcome, take care and reach out if anything changes."",text,,0,2026-08-13 04:14:00";;;;;;;
2513,417,302,patient,Is it okay to take this medication with food?,text,,1,2026-08-13 05:08:00;;;;;;;
2514,417,302,patient,Could you clarify the dosage instructions?,text,,0,2026-08-13 05:11:00;;;;;;;
"2515,417,4,doctor,""Hello, thanks for reaching out. Let's review your symptoms."",text,,1,2026-08-13 05:30:00";;;;;;;
2516,417,302,patient,Could you clarify the dosage instructions?,text,,0,2026-08-13 06:21:00;;;;;;;
"2517,418,129,patient,""I uploaded my lab results, please check when you can."",text,,1,2026-08-20 00:10:00";;;;;;;
2518,418,129,patient,Is it okay to take this medication with food?,text,,1,2026-08-20 02:01:00;;;;;;;
2519,418,5,doctor,Let's plan a follow-up in two weeks.,text,,0,2026-08-20 02:34:00;;;;;;;
"2520,418,5,doctor,""Thanks, I'll review the results and get back to you shortly."",file,https://cdn.example.md/uploads/msg_2520.pdf,1,2026-08-20 03:26:00";;;;;;;
2521,418,129,patient,Is it okay to take this medication with food?,voice,https://cdn.example.md/uploads/msg_2521.mp3,0,2026-08-20 05:34:00;;;;;;;
2522,419,399,patient,Could you clarify the dosage instructions?,file,https://cdn.example.md/uploads/msg_2522.pdf,1,2026-08-13 02:38:00;;;;;;;
"2523,419,17,doctor,""Hello, thanks for reaching out. Let's review your symptoms."",text,,0,2026-08-13 03:56:00";;;;;;;
"2524,419,17,doctor,""Thanks, I'll review the results and get back to you shortly."",text,,0,2026-08-13 06:02:00";;;;;;;
"2525,419,17,doctor,""Hello, thanks for reaching out. Let's review your symptoms."",text,,1,2026-08-13 08:05:00";;;;;;;
2526,419,399,patient,Is it okay to take this medication with food?,text,,1,2026-08-13 08:51:00;;;;;;;
"2527,419,399,patient,""I still have some pain, should I be concerned?"",text,,1,2026-08-13 11:02:00";;;;;;;
2528,419,17,doctor,Take one tablet twice a day after meals.,file,https://cdn.example.md/uploads/msg_2528.pdf,1,2026-08-13 13:43:00;;;;;;;
2529,420,16,doctor,Let's plan a follow-up in two weeks.,voice,https://cdn.example.md/uploads/msg_2529.mp3,0,2026-08-21 01:00:00;;;;;;;
"2530,420,16,doctor,""That could be normal, but let's schedule a check-up to be safe."",text,,1,2026-08-21 02:38:00";;;;;;;
"2531,420,16,doctor,""That could be normal, but let's schedule a check-up to be safe."",voice,https://cdn.example.md/uploads/msg_2531.mp3,1,2026-08-21 02:44:00";;;;;;;
2532,420,155,patient,Can we reschedule my next appointment?,image,https://cdn.example.md/uploads/msg_2532.jpg,0,2026-08-21 02:48:00;;;;;;;
2533,420,155,patient,Could you clarify the dosage instructions?,file,https://cdn.example.md/uploads/msg_2533.pdf,0,2026-08-21 03:33:00;;;;;;;
2534,420,155,patient,Could you clarify the dosage instructions?,text,,1,2026-08-21 04:00:00;;;;;;;
"2535,420,16,doctor,""You're welcome, take care and reach out if anything changes."",voice,https://cdn.example.md/uploads/msg_2535.mp3,1,2026-08-21 06:24:00";;;;;;;
2536,421,223,patient,Is it okay to take this medication with food?,voice,https://cdn.example.md/uploads/msg_2536.mp3,1,2026-08-16 02:56:00;;;;;;;
2537,421,223,patient,Is this side effect normal?,voice,https://cdn.example.md/uploads/msg_2537.mp3,1,2026-08-16 04:46:00;;;;;;;
"2538,421,223,patient,""I've been feeling better since the last visit, thank you."",text,,1,2026-08-16 05:03:00";;;;;;;
2539,421,7,doctor,Take one tablet twice a day after meals.,voice,https://cdn.example.md/uploads/msg_2539.mp3,1,2026-08-16 07:04:00;;;;;;;
2540,421,223,patient,Is it okay to take this medication with food?,text,,1,2026-08-16 07:24:00;;;;;;;
2541,421,223,patient,Can we reschedule my next appointment?,text,,1,2026-08-16 08:44:00;;;;;;;
"2542,421,223,patient,""I still have some pain, should I be concerned?"",text,,1,2026-08-16 11:27:00";;;;;;;
2543,421,223,patient,Is it okay to take this medication with food?,voice,https://cdn.example.md/uploads/msg_2543.mp3,1,2026-08-16 13:21:00;;;;;;;
"2544,422,16,doctor,""That's good to hear, keep up with the treatment plan."",image,https://cdn.example.md/uploads/msg_2544.jpg,0,2026-08-14 01:32:00";;;;;;;
"2545,422,16,doctor,""Thanks, I'll review the results and get back to you shortly."",text,,0,2026-08-14 04:21:00";;;;;;;
"2546,422,223,patient,""Hello doctor, I wanted to ask about my recent symptoms."",text,,1,2026-08-14 04:54:00";;;;;;;
"2547,422,16,doctor,""That could be normal, but let's schedule a check-up to be safe."",image,https://cdn.example.md/uploads/msg_2547.jpg,0,2026-08-14 06:24:00";;;;;;;
"2548,422,16,doctor,""You're welcome, take care and reach out if anything changes."",text,,1,2026-08-14 08:17:00";;;;;;;
2549,422,223,patient,Is this side effect normal?,voice,https://cdn.example.md/uploads/msg_2549.mp3,1,2026-08-14 09:58:00;;;;;;;
"2550,422,16,doctor,""That side effect can occur, but let me know if it worsens."",text,,1,2026-08-14 12:42:00";;;;;;;
2551,423,11,doctor,Let's plan a follow-up in two weeks.,text,,0,2026-08-24 00:53:00;;;;;;;
2552,423,311,patient,When should I come back for a follow-up?,text,,0,2026-08-24 03:29:00;;;;;;;
"2553,423,11,doctor,""That's good to hear, keep up with the treatment plan."",image,https://cdn.example.md/uploads/msg_2553.jpg,1,2026-08-24 04:18:00";;;;;;;
"2554,423,11,doctor,""You're welcome, take care and reach out if anything changes."",text,,1,2026-08-24 04:43:00";;;;;;;
2555,424,40,doctor,Please continue the medication as prescribed and monitor for changes.,voice,https://cdn.example.md/uploads/msg_2555.mp3,1,2026-08-28 01:11:00;;;;;;;
"2556,424,40,doctor,""That's good to hear, keep up with the treatment plan."",image,https://cdn.example.md/uploads/msg_2556.jpg,1,2026-08-28 03:53:00";;;;;;;
2557,424,22,patient,Is this side effect normal?,text,,0,2026-08-28 05:20:00;;;;;;;
"2558,424,40,doctor,""That's good to hear, keep up with the treatment plan."",image,https://cdn.example.md/uploads/msg_2558.jpg,1,2026-08-28 07:40:00";;;;;;;
2559,425,34,patient,When should I come back for a follow-up?,text,,0,2026-08-18 01:58:00;;;;;;;
2560,425,34,patient,Is it okay to take this medication with food?,file,https://cdn.example.md/uploads/msg_2560.pdf,1,2026-08-18 02:51:00;;;;;;;
2561,425,34,patient,Is this side effect normal?,image,https://cdn.example.md/uploads/msg_2561.jpg,1,2026-08-18 03:21:00;;;;;;;
2562,425,34,patient,Is this side effect normal?,text,,1,2026-08-18 05:04:00;;;;;;;
"2563,425,11,doctor,""That could be normal, but let's schedule a check-up to be safe."",image,https://cdn.example.md/uploads/msg_2563.jpg,1,2026-08-18 07:34:00";;;;;;;
2564,426,173,patient,Can we reschedule my next appointment?,text,,1,2026-08-29 01:10:00;;;;;;;
"2565,426,18,doctor,""Sure, I can move it to next week. What day works for you?"",text,,1,2026-08-29 02:51:00";;;;;;;
2566,426,173,patient,When should I come back for a follow-up?,text,,0,2026-08-29 04:27:00;;;;;;;
"2567,426,173,patient,""I've been feeling better since the last visit, thank you."",text,,0,2026-08-29 07:21:00";;;;;;;
"2568,426,18,doctor,""You're welcome, take care and reach out if anything changes."",voice,https://cdn.example.md/uploads/msg_2568.mp3,1,2026-08-29 08:20:00";;;;;;;
"2569,426,173,patient,""Hello doctor, I wanted to ask about my recent symptoms."",image,https://cdn.example.md/uploads/msg_2569.jpg,1,2026-08-29 10:15:00";;;;;;;
2570,426,173,patient,Could you clarify the dosage instructions?,image,https://cdn.example.md/uploads/msg_2570.jpg,1,2026-08-29 11:10:00;;;;;;;
2571,426,173,patient,Could you clarify the dosage instructions?,image,https://cdn.example.md/uploads/msg_2571.jpg,1,2026-08-29 11:16:00;;;;;;;
"2572,427,13,doctor,""Thanks, I'll review the results and get back to you shortly."",image,https://cdn.example.md/uploads/msg_2572.jpg,1,2026-08-13 00:19:00";;;;;;;
2573,427,191,patient,Is it okay to take this medication with food?,text,,1,2026-08-13 02:38:00;;;;;;;
"2574,427,191,patient,""I still have some pain, should I be concerned?"",image,https://cdn.example.md/uploads/msg_2574.jpg,1,2026-08-13 03:09:00";;;;;;;
2575,427,191,patient,Is it okay to take this medication with food?,text,,1,2026-08-13 04:47:00;;;;;;;
2576,427,191,patient,Is this side effect normal?,text,,0,2026-08-13 06:20:00;;;;;;;
2577,427,191,patient,Can we reschedule my next appointment?,voice,https://cdn.example.md/uploads/msg_2577.mp3,1,2026-08-13 06:59:00;;;;;;;
2578,428,16,patient,Is this side effect normal?,text,,1,2026-08-26 01:59:00;;;;;;;
2579,428,36,doctor,Take one tablet twice a day after meals.,text,,0,2026-08-26 03:34:00;;;;;;;
"2580,428,36,doctor,""Hello, thanks for reaching out. Let's review your symptoms."",file,https://cdn.example.md/uploads/msg_2580.pdf,1,2026-08-26 03:51:00";;;;;;;
"2581,428,36,doctor,""That side effect can occur, but let me know if it worsens."",voice,https://cdn.example.md/uploads/msg_2581.mp3,1,2026-08-26 05:33:00";;;;;;;
"2582,428,36,doctor,""Hello, thanks for reaching out. Let's review your symptoms."",image,https://cdn.example.md/uploads/msg_2582.jpg,0,2026-08-26 05:44:00";;;;;;;
2583,428,16,patient,Can we reschedule my next appointment?,text,,1,2026-08-26 08:05:00;;;;;;;
2584,428,36,doctor,Let's plan a follow-up in two weeks.,text,,1,2026-08-26 10:49:00;;;;;;;
2585,429,397,patient,Is it okay to take this medication with food?,text,,1,2026-08-15 02:48:00;;;;;;;
"2586,429,397,patient,""I uploaded my lab results, please check when you can."",text,,0,2026-08-15 05:32:00";;;;;;;
2587,429,33,doctor,Let's plan a follow-up in two weeks.,voice,https://cdn.example.md/uploads/msg_2587.mp3,1,2026-08-15 05:37:00;;;;;;;
"2588,429,33,doctor,""You're welcome, take care and reach out if anything changes."",text,,1,2026-08-15 07:12:00";;;;;;;
2589,429,33,doctor,Please continue the medication as prescribed and monitor for changes.,file,https://cdn.example.md/uploads/msg_2589.pdf,1,2026-08-15 09:10:00;;;;;;;
2590,429,397,patient,Is it okay to take this medication with food?,file,https://cdn.example.md/uploads/msg_2590.pdf,1,2026-08-15 10:49:00;;;;;;;
"2591,429,33,doctor,""That's good to hear, keep up with the treatment plan."",image,https://cdn.example.md/uploads/msg_2591.jpg,1,2026-08-15 13:46:00";;;;;;;
2592,430,219,patient,Could you clarify the dosage instructions?,text,,1,2026-09-01 00:23:00;;;;;;;
"2593,430,219,patient,""I've been feeling better since the last visit, thank you."",text,,1,2026-09-01 01:01:00";;;;;;;
"2594,430,18,doctor,""Thanks, I'll review the results and get back to you shortly."",text,,1,2026-09-01 02:45:00";;;;;;;
2595,430,219,patient,Is it okay to take this medication with food?,file,https://cdn.example.md/uploads/msg_2595.pdf,0,2026-09-01 04:01:00;;;;;;;
2596,431,10,doctor,Take one tablet twice a day after meals.,file,https://cdn.example.md/uploads/msg_2596.pdf,1,2026-08-20 00:11:00;;;;;;;
"2597,431,134,patient,""I still have some pain, should I be concerned?"",image,https://cdn.example.md/uploads/msg_2597.jpg,1,2026-08-20 02:18:00";;;;;;;
2598,431,134,patient,Could you clarify the dosage instructions?,file,https://cdn.example.md/uploads/msg_2598.pdf,1,2026-08-20 04:36:00;;;;;;;
"2599,431,10,doctor,""Sure, I can move it to next week. What day works for you?"",text,,0,2026-08-20 05:28:00";;;;;;;
"2600,432,13,doctor,""Thanks, I'll review the results and get back to you shortly."",text,,0,2026-08-17 02:16:00";;;;;;;
"2601,432,13,doctor,""Sure, I can move it to next week. What day works for you?"",text,,1,2026-08-17 03:03:00";;;;;;;
"2602,432,13,doctor,""That side effect can occur, but let me know if it worsens."",image,https://cdn.example.md/uploads/msg_2602.jpg,1,2026-08-17 03:09:00";;;;;;;
"2603,432,246,patient,""Hello doctor, I wanted to ask about my recent symptoms."",text,,0,2026-08-17 04:57:00";;;;;;;
"2604,433,25,doctor,""Hello, thanks for reaching out. Let's review your symptoms."",voice,https://cdn.example.md/uploads/msg_2604.mp3,1,2026-08-30 01:23:00";;;;;;;
2605,433,167,patient,Is it okay to take this medication with food?,text,,0,2026-08-30 02:49:00;;;;;;;
"2606,433,167,patient,""I uploaded my lab results, please check when you can."",file,https://cdn.example.md/uploads/msg_2606.pdf,1,2026-08-30 03:33:00";;;;;;;
2607,433,167,patient,Is this side effect normal?,text,,1,2026-08-30 05:34:00;;;;;;;
2608,433,167,patient,Is it okay to take this medication with food?,text,,1,2026-08-30 06:13:00;;;;;;;
"2609,434,24,doctor,""You're welcome, take care and reach out if anything changes."",text,,1,2026-08-15 02:04:00";;;;;;;
"2610,434,24,doctor,""Hello, thanks for reaching out. Let's review your symptoms."",text,,1,2026-08-15 05:02:00";;;;;;;
2611,434,24,doctor,Please continue the medication as prescribed and monitor for changes.,text,,1,2026-08-15 08:00:00;;;;;;;
"2612,434,348,patient,""Hello doctor, I wanted to ask about my recent symptoms."",voice,https://cdn.example.md/uploads/msg_2612.mp3,1,2026-08-15 10:41:00";;;;;;;
2613,435,165,patient,Can we reschedule my next appointment?,voice,https://cdn.example.md/uploads/msg_2613.mp3,1,2026-08-23 02:13:00;;;;;;;
2614,435,165,patient,Can we reschedule my next appointment?,file,https://cdn.example.md/uploads/msg_2614.pdf,0,2026-08-23 03:07:00;;;;;;;
"2615,435,34,doctor,""That's good to hear, keep up with the treatment plan."",text,,0,2026-08-23 04:24:00";;;;;;;
"2616,435,34,doctor,""That's good to hear, keep up with the treatment plan."",text,,1,2026-08-23 04:37:00";;;;;;;
2617,436,7,patient,Is it okay to take this medication with food?,text,,1,2026-09-01 01:13:00;;;;;;;
"2618,436,1,doctor,""That could be normal, but let's schedule a check-up to be safe."",text,,1,2026-09-01 03:40:00";;;;;;;
2619,436,1,doctor,Let's plan a follow-up in two weeks.,image,https://cdn.example.md/uploads/msg_2619.jpg,1,2026-09-01 03:46:00;;;;;;;
2620,436,7,patient,Is this side effect normal?,text,,0,2026-09-01 04:30:00;;;;;;;
2621,436,7,patient,When should I come back for a follow-up?,image,https://cdn.example.md/uploads/msg_2621.jpg,0,2026-09-01 07:17:00;;;;;;;
"2622,436,1,doctor,""That side effect can occur, but let me know if it worsens."",text,,1,2026-09-01 08:15:00";;;;;;;
"2623,436,1,doctor,""Thanks, I'll review the results and get back to you shortly."",voice,https://cdn.example.md/uploads/msg_2623.mp3,1,2026-09-01 10:47:00";;;;;;;
"2624,437,37,doctor,""Thanks, I'll review the results and get back to you shortly."",image,https://cdn.example.md/uploads/msg_2624.jpg,0,2026-08-18 01:48:00";;;;;;;
"2625,437,380,patient,""I still have some pain, should I be concerned?"",voice,https://cdn.example.md/uploads/msg_2625.mp3,1,2026-08-18 03:39:00";;;;;;;
"2626,437,37,doctor,""Hello, thanks for reaching out. Let's review your symptoms."",text,,0,2026-08-18 04:57:00";;;;;;;
2627,437,37,doctor,Please continue the medication as prescribed and monitor for changes.,text,,1,2026-08-18 06:37:00;;;;;;;
"2628,438,197,patient,""I still have some pain, should I be concerned?"",text,,0,2026-08-19 01:06:00";;;;;;;
2629,438,197,patient,Is this side effect normal?,text,,1,2026-08-19 03:06:00;;;;;;;
"2630,438,23,doctor,""Thanks, I'll review the results and get back to you shortly."",image,https://cdn.example.md/uploads/msg_2630.jpg,1,2026-08-19 03:42:00";;;;;;;
"2631,438,23,doctor,""That side effect can occur, but let me know if it worsens."",text,,1,2026-08-19 05:24:00";;;;;;;
2632,438,197,patient,Can we reschedule my next appointment?,image,https://cdn.example.md/uploads/msg_2632.jpg,0,2026-08-19 06:14:00;;;;;;;
2633,438,197,patient,Is it okay to take this medication with food?,text,,0,2026-08-19 07:27:00;;;;;;;
2634,438,197,patient,Could you clarify the dosage instructions?,text,,0,2026-08-19 09:20:00;;;;;;;
"2635,439,29,doctor,""You're welcome, take care and reach out if anything changes."",text,,1,2026-08-17 01:57:00";;;;;;;
2636,439,193,patient,When should I come back for a follow-up?,image,https://cdn.example.md/uploads/msg_2636.jpg,1,2026-08-17 03:29:00;;;;;;;
"2637,439,193,patient,""I uploaded my lab results, please check when you can."",text,,1,2026-08-17 03:30:00";;;;;;;
"2638,439,29,doctor,""Hello, thanks for reaching out. Let's review your symptoms."",file,https://cdn.example.md/uploads/msg_2638.pdf,1,2026-08-17 04:51:00";;;;;;;
"2639,439,29,doctor,""Thanks, I'll review the results and get back to you shortly."",image,https://cdn.example.md/uploads/msg_2639.jpg,1,2026-08-17 07:31:00";;;;;;;
"2640,439,29,doctor,""You're welcome, take care and reach out if anything changes."",text,,1,2026-08-17 09:51:00";;;;;;;
2641,439,29,doctor,Please continue the medication as prescribed and monitor for changes.,text,,1,2026-08-17 11:44:00;;;;;;;
2642,439,29,doctor,Please continue the medication as prescribed and monitor for changes.,text,,0,2026-08-17 11:59:00;;;;;;;
"2643,440,273,patient,""I've been feeling better since the last visit, thank you."",image,https://cdn.example.md/uploads/msg_2643.jpg,0,2026-08-24 00:21:00";;;;;;;
"2644,440,273,patient,""Hello doctor, I wanted to ask about my recent symptoms."",text,,1,2026-08-24 00:56:00";;;;;;;
"2645,440,273,patient,""Hello doctor, I wanted to ask about my recent symptoms."",text,,1,2026-08-24 01:29:00";;;;;;;
2646,440,273,patient,When should I come back for a follow-up?,file,https://cdn.example.md/uploads/msg_2646.pdf,1,2026-08-24 01:52:00;;;;;;;
"2647,440,273,patient,""I've been feeling better since the last visit, thank you."",text,,1,2026-08-24 04:44:00";;;;;;;
2648,440,273,patient,Is it okay to take this medication with food?,text,,1,2026-08-24 05:21:00;;;;;;;
2649,441,26,doctor,Take one tablet twice a day after meals.,voice,https://cdn.example.md/uploads/msg_2649.mp3,1,2026-08-29 00:42:00;;;;;;;
2650,441,26,doctor,Take one tablet twice a day after meals.,file,https://cdn.example.md/uploads/msg_2650.pdf,1,2026-08-29 03:20:00;;;;;;;
2651,441,26,doctor,Let's plan a follow-up in two weeks.,text,,1,2026-08-29 05:15:00;;;;;;;
2652,441,26,doctor,Let's plan a follow-up in two weeks.,text,,1,2026-08-29 06:31:00;;;;;;;
2653,442,33,doctor,Please continue the medication as prescribed and monitor for changes.,text,,1,2026-08-22 00:05:00;;;;;;;
2654,442,294,patient,Thank you for the consultation today.,image,https://cdn.example.md/uploads/msg_2654.jpg,1,2026-08-22 01:37:00;;;;;;;
2655,442,294,patient,When should I come back for a follow-up?,file,https://cdn.example.md/uploads/msg_2655.pdf,1,2026-08-22 01:47:00;;;;;;;
"2656,442,294,patient,""Hello doctor, I wanted to ask about my recent symptoms."",image,https://cdn.example.md/uploads/msg_2656.jpg,1,2026-08-22 02:57:00";;;;;;;
"2657,443,31,doctor,""That side effect can occur, but let me know if it worsens."",image,https://cdn.example.md/uploads/msg_2657.jpg,1,2026-08-17 00:28:00";;;;;;;
"2658,443,31,doctor,""That could be normal, but let's schedule a check-up to be safe."",image,https://cdn.example.md/uploads/msg_2658.jpg,1,2026-08-17 02:27:00";;;;;;;
2659,443,31,doctor,Please continue the medication as prescribed and monitor for changes.,text,,0,2026-08-17 05:23:00;;;;;;;
"2660,443,31,doctor,""Hello, thanks for reaching out. Let's review your symptoms."",text,,1,2026-08-17 08:22:00";;;;;;;
"2661,443,31,doctor,""You're welcome, take care and reach out if anything changes."",text,,1,2026-08-17 10:04:00";;;;;;;
2662,443,286,patient,Can we reschedule my next appointment?,text,,1,2026-08-17 10:57:00;;;;;;;
2663,443,31,doctor,Please continue the medication as prescribed and monitor for changes.,image,https://cdn.example.md/uploads/msg_2663.jpg,0,2026-08-17 12:28:00;;;;;;;
"2664,443,31,doctor,""Sure, I can move it to next week. What day works for you?"",voice,https://cdn.example.md/uploads/msg_2664.mp3,0,2026-08-17 14:34:00";;;;;;;
"2665,444,15,doctor,""That side effect can occur, but let me know if it worsens."",file,https://cdn.example.md/uploads/msg_2665.pdf,1,2026-08-31 02:36:00";;;;;;;
"2666,444,15,doctor,""Thanks, I'll review the results and get back to you shortly."",voice,https://cdn.example.md/uploads/msg_2666.mp3,1,2026-08-31 05:32:00";;;;;;;
"2667,444,15,doctor,""Thanks, I'll review the results and get back to you shortly."",text,,1,2026-08-31 05:50:00";;;;;;;
"2668,444,111,patient,""I've been feeling better since the last visit, thank you."",text,,1,2026-08-31 07:39:00";;;;;;;
"2669,444,111,patient,""I still have some pain, should I be concerned?"",text,,1,2026-08-31 10:08:00";;;;;;;
2670,444,111,patient,Is this side effect normal?,image,https://cdn.example.md/uploads/msg_2670.jpg,0,2026-08-31 12:54:00;;;;;;;
"2671,444,15,doctor,""Thanks, I'll review the results and get back to you shortly."",file,https://cdn.example.md/uploads/msg_2671.pdf,0,2026-08-31 15:06:00";;;;;;;
"2672,444,15,doctor,""That could be normal, but let's schedule a check-up to be safe."",file,https://cdn.example.md/uploads/msg_2672.pdf,0,2026-08-31 17:27:00";;;;;;;
"2673,445,205,patient,""Hello doctor, I wanted to ask about my recent symptoms."",text,,1,2026-08-29 01:50:00";;;;;;;
2674,445,40,doctor,Let's plan a follow-up in two weeks.,text,,1,2026-08-29 04:23:00;;;;;;;
2675,445,205,patient,Thank you for the consultation today.,text,,1,2026-08-29 07:23:00;;;;;;;
2676,445,205,patient,Could you clarify the dosage instructions?,text,,1,2026-08-29 09:50:00;;;;;;;
2677,446,27,patient,Is this side effect normal?,text,,0,2026-08-25 00:32:00;;;;;;;
"2678,446,25,doctor,""That's good to hear, keep up with the treatment plan."",text,,1,2026-08-25 03:12:00";;;;;;;
2679,446,27,patient,Could you clarify the dosage instructions?,file,https://cdn.example.md/uploads/msg_2679.pdf,1,2026-08-25 05:33:00;;;;;;;
"2680,446,25,doctor,""Thanks, I'll review the results and get back to you shortly."",voice,https://cdn.example.md/uploads/msg_2680.mp3,1,2026-08-25 07:23:00";;;;;;;
"2681,446,25,doctor,""That side effect can occur, but let me know if it worsens."",text,,1,2026-08-25 09:18:00";;;;;;;
"2682,446,25,doctor,""Hello, thanks for reaching out. Let's review your symptoms."",voice,https://cdn.example.md/uploads/msg_2682.mp3,0,2026-08-25 12:17:00";;;;;;;
"2683,446,27,patient,""I've been feeling better since the last visit, thank you."",voice,https://cdn.example.md/uploads/msg_2683.mp3,1,2026-08-25 14:08:00";;;;;;;
"2684,446,25,doctor,""That's good to hear, keep up with the treatment plan."",file,https://cdn.example.md/uploads/msg_2684.pdf,1,2026-08-25 15:12:00";;;;;;;
"2685,447,40,doctor,""Sure, I can move it to next week. What day works for you?"",text,,0,2026-08-12 01:06:00";;;;;;;
"2686,447,217,patient,""I uploaded my lab results, please check when you can."",image,https://cdn.example.md/uploads/msg_2686.jpg,1,2026-08-12 02:07:00";;;;;;;
"2687,447,40,doctor,""Thanks, I'll review the results and get back to you shortly."",text,,1,2026-08-12 04:09:00";;;;;;;
"2688,447,40,doctor,""That's good to hear, keep up with the treatment plan."",text,,0,2026-08-12 06:15:00";;;;;;;
2689,448,26,doctor,Please continue the medication as prescribed and monitor for changes.,file,https://cdn.example.md/uploads/msg_2689.pdf,1,2026-08-12 00:56:00;;;;;;;
2690,448,162,patient,Is this side effect normal?,text,,0,2026-08-12 03:04:00;;;;;;;
"2691,448,26,doctor,""That side effect can occur, but let me know if it worsens."",text,,0,2026-08-12 04:07:00";;;;;;;
2692,448,26,doctor,Take one tablet twice a day after meals.,file,https://cdn.example.md/uploads/msg_2692.pdf,1,2026-08-12 05:55:00;;;;;;;
"2693,448,26,doctor,""Thanks, I'll review the results and get back to you shortly."",image,https://cdn.example.md/uploads/msg_2693.jpg,1,2026-08-12 06:20:00";;;;;;;
"2694,448,26,doctor,""That could be normal, but let's schedule a check-up to be safe."",text,,1,2026-08-12 08:21:00";;;;;;;
"2695,448,162,patient,""Hello doctor, I wanted to ask about my recent symptoms."",file,https://cdn.example.md/uploads/msg_2695.pdf,1,2026-08-12 11:07:00";;;;;;;
"2696,448,26,doctor,""You're welcome, take care and reach out if anything changes."",text,,0,2026-08-12 13:38:00";;;;;;;
2697,449,29,doctor,Please continue the medication as prescribed and monitor for changes.,text,,0,2026-08-27 02:08:00;;;;;;;
"2698,449,29,doctor,""That's good to hear, keep up with the treatment plan."",text,,0,2026-08-27 03:22:00";;;;;;;
2699,449,29,doctor,Take one tablet twice a day after meals.,image,https://cdn.example.md/uploads/msg_2699.jpg,0,2026-08-27 04:19:00;;;;;;;
"2700,449,29,doctor,""Hello, thanks for reaching out. Let's review your symptoms."",image,https://cdn.example.md/uploads/msg_2700.jpg,0,2026-08-27 07:16:00";;;;;;;
"2701,449,385,patient,""I uploaded my lab results, please check when you can."",voice,https://cdn.example.md/uploads/msg_2701.mp3,0,2026-08-27 08:04:00";;;;;;;
"2702,449,29,doctor,""That's good to hear, keep up with the treatment plan."",image,https://cdn.example.md/uploads/msg_2702.jpg,0,2026-08-27 09:33:00";;;;;;;
2703,450,1,patient,Can we reschedule my next appointment?,image,https://cdn.example.md/uploads/msg_2703.jpg,1,2026-08-28 00:45:00;;;;;;;
2704,450,23,doctor,Let's plan a follow-up in two weeks.,file,https://cdn.example.md/uploads/msg_2704.pdf,1,2026-08-28 02:39:00;;;;;;;
"2705,450,23,doctor,""Thanks, I'll review the results and get back to you shortly."",text,,1,2026-08-28 05:37:00";;;;;;;
"2706,450,1,patient,""Hello doctor, I wanted to ask about my recent symptoms."",text,,0,2026-08-28 05:56:00";;;;;;;
2707,450,1,patient,When should I come back for a follow-up?,text,,0,2026-08-28 07:27:00;;;;;;;
2708,450,23,doctor,Please continue the medication as prescribed and monitor for changes.,image,https://cdn.example.md/uploads/msg_2708.jpg,1,2026-08-28 08:25:00;;;;;;;
2709,451,18,doctor,Let's plan a follow-up in two weeks.,text,,1,2026-08-22 01:44:00;;;;;;;
2710,451,18,doctor,Let's plan a follow-up in two weeks.,image,https://cdn.example.md/uploads/msg_2710.jpg,0,2026-08-22 02:30:00;;;;;;;
2711,451,93,patient,Is this side effect normal?,text,,1,2026-08-22 03:27:00;;;;;;;
"2712,451,93,patient,""I still have some pain, should I be concerned?"",text,,1,2026-08-22 03:51:00";;;;;;;
2713,451,18,doctor,Take one tablet twice a day after meals.,text,,1,2026-08-22 04:57:00;;;;;;;
2714,451,93,patient,When should I come back for a follow-up?,file,https://cdn.example.md/uploads/msg_2714.pdf,1,2026-08-22 07:42:00;;;;;;;
"2715,451,93,patient,""Hello doctor, I wanted to ask about my recent symptoms."",voice,https://cdn.example.md/uploads/msg_2715.mp3,1,2026-08-22 08:09:00";;;;;;;
"2716,452,27,doctor,""Hello, thanks for reaching out. Let's review your symptoms."",voice,https://cdn.example.md/uploads/msg_2716.mp3,0,2026-08-30 02:30:00";;;;;;;
2717,452,398,patient,Could you clarify the dosage instructions?,voice,https://cdn.example.md/uploads/msg_2717.mp3,1,2026-08-30 02:56:00;;;;;;;
2718,452,27,doctor,Let's plan a follow-up in two weeks.,file,https://cdn.example.md/uploads/msg_2718.pdf,1,2026-08-30 05:40:00;;;;;;;
"2719,452,27,doctor,""That could be normal, but let's schedule a check-up to be safe."",text,,0,2026-08-30 06:30:00";;;;;;;
"2720,452,27,doctor,""That's good to hear, keep up with the treatment plan."",voice,https://cdn.example.md/uploads/msg_2720.mp3,1,2026-08-30 07:23:00";;;;;;;
"2721,452,27,doctor,""Thanks, I'll review the results and get back to you shortly."",text,,1,2026-08-30 08:22:00";;;;;;;
"2722,453,25,doctor,""That's good to hear, keep up with the treatment plan."",file,https://cdn.example.md/uploads/msg_2722.pdf,0,2026-08-14 01:01:00";;;;;;;
"2723,453,25,doctor,""That side effect can occur, but let me know if it worsens."",text,,1,2026-08-14 01:10:00";;;;;;;
"2724,453,296,patient,""Hello doctor, I wanted to ask about my recent symptoms."",text,,1,2026-08-14 03:09:00";;;;;;;
"2725,453,25,doctor,""You're welcome, take care and reach out if anything changes."",text,,0,2026-08-14 03:35:00";;;;;;;
2726,453,296,patient,Is it okay to take this medication with food?,image,https://cdn.example.md/uploads/msg_2726.jpg,1,2026-08-14 03:50:00;;;;;;;
"2727,453,25,doctor,""That's good to hear, keep up with the treatment plan."",image,https://cdn.example.md/uploads/msg_2727.jpg,1,2026-08-14 06:13:00";;;;;;;
"2728,454,27,doctor,""That side effect can occur, but let me know if it worsens."",text,,0,2026-08-22 02:48:00";;;;;;;
2729,454,169,patient,When should I come back for a follow-up?,text,,0,2026-08-22 04:30:00;;;;;;;
"2730,454,27,doctor,""You're welcome, take care and reach out if anything changes."",text,,1,2026-08-22 04:35:00";;;;;;;
2731,454,169,patient,Is it okay to take this medication with food?,text,,1,2026-08-22 06:39:00;;;;;;;
"2732,454,27,doctor,""That could be normal, but let's schedule a check-up to be safe."",text,,0,2026-08-22 08:31:00";;;;;;;
"2733,454,27,doctor,""Sure, I can move it to next week. What day works for you?"",text,,1,2026-08-22 09:40:00";;;;;;;
2734,454,27,doctor,Let's plan a follow-up in two weeks.,text,,1,2026-08-22 12:10:00;;;;;;;
"2735,454,27,doctor,""That side effect can occur, but let me know if it worsens."",image,https://cdn.example.md/uploads/msg_2735.jpg,1,2026-08-22 12:18:00";;;;;;;
2736,455,210,patient,Is this side effect normal?,voice,https://cdn.example.md/uploads/msg_2736.mp3,1,2026-08-22 00:10:00;;;;;;;
2737,455,4,doctor,Please continue the medication as prescribed and monitor for changes.,voice,https://cdn.example.md/uploads/msg_2737.mp3,0,2026-08-22 00:47:00;;;;;;;
"2738,455,4,doctor,""That could be normal, but let's schedule a check-up to be safe."",image,https://cdn.example.md/uploads/msg_2738.jpg,1,2026-08-22 02:13:00";;;;;;;
2739,455,4,doctor,Take one tablet twice a day after meals.,text,,1,2026-08-22 03:50:00;;;;;;;
2740,455,210,patient,Could you clarify the dosage instructions?,text,,1,2026-08-22 04:57:00;;;;;;;
"2741,455,4,doctor,""That's good to hear, keep up with the treatment plan."",text,,1,2026-08-22 07:36:00";;;;;;;
"2742,455,210,patient,""I still have some pain, should I be concerned?"",text,,0,2026-08-22 10:15:00";;;;;;;
2743,455,4,doctor,Please continue the medication as prescribed and monitor for changes.,text,,1,2026-08-22 12:44:00;;;;;;;
"2744,456,371,patient,""I uploaded my lab results, please check when you can."",text,,1,2026-08-31 00:58:00";;;;;;;
2745,456,371,patient,Could you clarify the dosage instructions?,text,,1,2026-08-31 03:01:00;;;;;;;
2746,456,31,doctor,Let's plan a follow-up in two weeks.,file,https://cdn.example.md/uploads/msg_2746.pdf,1,2026-08-31 04:41:00;;;;;;;
2747,456,371,patient,When should I come back for a follow-up?,image,https://cdn.example.md/uploads/msg_2747.jpg,1,2026-08-31 05:37:00;;;;;;;
2748,456,31,doctor,Let's plan a follow-up in two weeks.,text,,1,2026-08-31 08:00:00;;;;;;;
2749,457,101,patient,Can we reschedule my next appointment?,text,,1,2026-08-14 00:24:00;;;;;;;
2750,457,101,patient,Can we reschedule my next appointment?,voice,https://cdn.example.md/uploads/msg_2750.mp3,1,2026-08-14 01:13:00;;;;;;;
2751,457,101,patient,When should I come back for a follow-up?,voice,https://cdn.example.md/uploads/msg_2751.mp3,1,2026-08-14 02:15:00;;;;;;;
"2752,457,33,doctor,""Thanks, I'll review the results and get back to you shortly."",text,,1,2026-08-14 05:04:00";;;;;;;
"2753,457,101,patient,""Hello doctor, I wanted to ask about my recent symptoms."",text,,1,2026-08-14 06:58:00";;;;;;;
2754,458,197,patient,Is it okay to take this medication with food?,image,https://cdn.example.md/uploads/msg_2754.jpg,1,2026-08-16 00:46:00;;;;;;;
"2755,458,24,doctor,""Hello, thanks for reaching out. Let's review your symptoms."",text,,1,2026-08-16 01:15:00";;;;;;;
2756,458,197,patient,Is this side effect normal?,text,,0,2026-08-16 01:31:00;;;;;;;
2757,458,197,patient,Could you clarify the dosage instructions?,voice,https://cdn.example.md/uploads/msg_2757.mp3,1,2026-08-16 03:25:00;;;;;;;
2758,458,24,doctor,Please continue the medication as prescribed and monitor for changes.,file,https://cdn.example.md/uploads/msg_2758.pdf,1,2026-08-16 05:56:00;;;;;;;
2759,458,197,patient,When should I come back for a follow-up?,text,,1,2026-08-16 08:06:00;;;;;;;
"2760,459,69,patient,""I uploaded my lab results, please check when you can."",text,,0,2026-08-15 01:50:00";;;;;;;
2761,459,69,patient,When should I come back for a follow-up?,image,https://cdn.example.md/uploads/msg_2761.jpg,1,2026-08-15 03:47:00;;;;;;;
2762,459,16,doctor,Please continue the medication as prescribed and monitor for changes.,file,https://cdn.example.md/uploads/msg_2762.pdf,0,2026-08-15 03:58:00;;;;;;;
"2763,459,16,doctor,""You're welcome, take care and reach out if anything changes."",voice,https://cdn.example.md/uploads/msg_2763.mp3,0,2026-08-15 04:19:00";;;;;;;
"2764,459,69,patient,""I've been feeling better since the last visit, thank you."",image,https://cdn.example.md/uploads/msg_2764.jpg,1,2026-08-15 05:52:00";;;;;;;
"2765,459,69,patient,""Hello doctor, I wanted to ask about my recent symptoms."",text,,0,2026-08-15 06:31:00";;;;;;;
2766,459,69,patient,Is this side effect normal?,image,https://cdn.example.md/uploads/msg_2766.jpg,1,2026-08-15 08:31:00;;;;;;;
"2767,460,40,doctor,""That's good to hear, keep up with the treatment plan."",image,https://cdn.example.md/uploads/msg_2767.jpg,1,2026-08-25 01:48:00";;;;;;;
2768,460,247,patient,Could you clarify the dosage instructions?,text,,1,2026-08-25 04:15:00;;;;;;;
2769,460,247,patient,Can we reschedule my next appointment?,voice,https://cdn.example.md/uploads/msg_2769.mp3,1,2026-08-25 06:49:00;;;;;;;
2770,460,247,patient,Is this side effect normal?,file,https://cdn.example.md/uploads/msg_2770.pdf,0,2026-08-25 07:54:00;;;;;;;
2771,460,247,patient,Can we reschedule my next appointment?,file,https://cdn.example.md/uploads/msg_2771.pdf,1,2026-08-25 09:28:00;;;;;;;
2772,460,247,patient,Thank you for the consultation today.,text,,0,2026-08-25 11:15:00;;;;;;;
2773,460,247,patient,Is this side effect normal?,text,,0,2026-08-25 13:15:00;;;;;;;
"2774,460,40,doctor,""That's good to hear, keep up with the treatment plan."",text,,0,2026-08-25 13:50:00";;;;;;;
"2775,461,63,patient,""I still have some pain, should I be concerned?"",image,https://cdn.example.md/uploads/msg_2775.jpg,1,2026-08-22 02:50:00";;;;;;;
"2776,461,63,patient,""I still have some pain, should I be concerned?"",text,,1,2026-08-22 03:20:00";;;;;;;
"2777,461,37,doctor,""Sure, I can move it to next week. What day works for you?"",file,https://cdn.example.md/uploads/msg_2777.pdf,0,2026-08-22 03:54:00";;;;;;;
"2778,461,37,doctor,""Sure, I can move it to next week. What day works for you?"",text,,1,2026-08-22 06:05:00";;;;;;;
"2779,461,37,doctor,""That's good to hear, keep up with the treatment plan."",text,,1,2026-08-22 06:50:00";;;;;;;
2780,462,15,doctor,Take one tablet twice a day after meals.,text,,1,2026-08-26 00:31:00;;;;;;;
"2781,462,15,doctor,""Thanks, I'll review the results and get back to you shortly."",text,,1,2026-08-26 00:39:00";;;;;;;
"2782,462,15,doctor,""Sure, I can move it to next week. What day works for you?"",text,,0,2026-08-26 01:16:00";;;;;;;
"2783,462,15,doctor,""Hello, thanks for reaching out. Let's review your symptoms."",text,,0,2026-08-26 02:50:00";;;;;;;
2784,463,291,patient,Is it okay to take this medication with food?,text,,0,2026-08-25 02:08:00;;;;;;;
"2785,463,291,patient,""Hello doctor, I wanted to ask about my recent symptoms."",text,,1,2026-08-25 03:47:00";;;;;;;
2786,463,291,patient,Could you clarify the dosage instructions?,file,https://cdn.example.md/uploads/msg_2786.pdf,1,2026-08-25 06:31:00;;;;;;;
"2787,463,291,patient,""I still have some pain, should I be concerned?"",text,,1,2026-08-25 06:45:00";;;;;;;
"2788,463,20,doctor,""That could be normal, but let's schedule a check-up to be safe."",image,https://cdn.example.md/uploads/msg_2788.jpg,1,2026-08-25 07:02:00";;;;;;;
"2789,464,18,doctor,""That side effect can occur, but let me know if it worsens."",voice,https://cdn.example.md/uploads/msg_2789.mp3,1,2026-08-31 01:46:00";;;;;;;
2790,464,18,doctor,Let's plan a follow-up in two weeks.,text,,1,2026-08-31 04:05:00;;;;;;;
"2791,464,18,doctor,""That's good to hear, keep up with the treatment plan."",text,,0,2026-08-31 06:03:00";;;;;;;
"2792,464,291,patient,""Hello doctor, I wanted to ask about my recent symptoms."",text,,1,2026-08-31 08:58:00";;;;;;;
"2793,464,18,doctor,""You're welcome, take care and reach out if anything changes."",voice,https://cdn.example.md/uploads/msg_2793.mp3,1,2026-08-31 10:33:00";;;;;;;
"2794,464,18,doctor,""Sure, I can move it to next week. What day works for you?"",text,,1,2026-08-31 11:29:00";;;;;;;
"2795,464,291,patient,""I still have some pain, should I be concerned?"",voice,https://cdn.example.md/uploads/msg_2795.mp3,1,2026-08-31 13:01:00";;;;;;;
2796,464,291,patient,Thank you for the consultation today.,text,,1,2026-08-31 13:51:00;;;;;;;
2797,465,97,patient,Can we reschedule my next appointment?,file,https://cdn.example.md/uploads/msg_2797.pdf,1,2026-08-20 01:05:00;;;;;;;
"2798,465,97,patient,""Hello doctor, I wanted to ask about my recent symptoms."",text,,0,2026-08-20 01:31:00";;;;;;;
2799,465,24,doctor,Please continue the medication as prescribed and monitor for changes.,file,https://cdn.example.md/uploads/msg_2799.pdf,1,2026-08-20 01:34:00;;;;;;;
2800,465,97,patient,Could you clarify the dosage instructions?,file,https://cdn.example.md/uploads/msg_2800.pdf,1,2026-08-20 04:30:00;;;;;;;
"2801,465,24,doctor,""Thanks, I'll review the results and get back to you shortly."",file,https://cdn.example.md/uploads/msg_2801.pdf,0,2026-08-20 04:54:00";;;;;;;
2802,465,97,patient,When should I come back for a follow-up?,text,,1,2026-08-20 07:29:00;;;;;;;
"2803,465,24,doctor,""Hello, thanks for reaching out. Let's review your symptoms."",voice,https://cdn.example.md/uploads/msg_2803.mp3,1,2026-08-20 08:50:00";;;;;;;
2804,465,24,doctor,Let's plan a follow-up in two weeks.,voice,https://cdn.example.md/uploads/msg_2804.mp3,1,2026-08-20 10:11:00;;;;;;;
"2805,466,15,doctor,""Thanks, I'll review the results and get back to you shortly."",text,,1,2026-08-25 02:17:00";;;;;;;
"2806,466,15,doctor,""Sure, I can move it to next week. What day works for you?"",image,https://cdn.example.md/uploads/msg_2806.jpg,1,2026-08-25 03:38:00";;;;;;;
"2807,466,15,doctor,""That could be normal, but let's schedule a check-up to be safe."",text,,1,2026-08-25 04:25:00";;;;;;;
"2808,466,15,doctor,""That side effect can occur, but let me know if it worsens."",text,,1,2026-08-25 06:23:00";;;;;;;
"2809,466,161,patient,""I've been feeling better since the last visit, thank you."",file,https://cdn.example.md/uploads/msg_2809.pdf,0,2026-08-25 07:54:00";;;;;;;
2810,466,15,doctor,Please continue the medication as prescribed and monitor for changes.,text,,1,2026-08-25 10:48:00;;;;;;;
"2811,466,15,doctor,""That could be normal, but let's schedule a check-up to be safe."",file,https://cdn.example.md/uploads/msg_2811.pdf,0,2026-08-25 10:58:00";;;;;;;
"2812,466,15,doctor,""Thanks, I'll review the results and get back to you shortly."",text,,0,2026-08-25 11:06:00";;;;;;;
2813,467,211,patient,Is this side effect normal?,text,,1,2026-08-16 01:12:00;;;;;;;
"2814,467,33,doctor,""Sure, I can move it to next week. What day works for you?"",text,,1,2026-08-16 01:55:00";;;;;;;
2815,467,211,patient,Can we reschedule my next appointment?,text,,1,2026-08-16 03:20:00;;;;;;;
"2816,467,211,patient,""I still have some pain, should I be concerned?"",text,,1,2026-08-16 04:02:00";;;;;;;
"2817,468,3,doctor,""Thanks, I'll review the results and get back to you shortly."",text,,1,2026-08-26 02:11:00";;;;;;;
"2818,468,3,doctor,""That's good to hear, keep up with the treatment plan."",text,,1,2026-08-26 04:34:00";;;;;;;
2819,468,174,patient,When should I come back for a follow-up?,text,,0,2026-08-26 06:39:00;;;;;;;
"2820,468,174,patient,""I uploaded my lab results, please check when you can."",image,https://cdn.example.md/uploads/msg_2820.jpg,1,2026-08-26 07:26:00";;;;;;;
2821,468,174,patient,Could you clarify the dosage instructions?,file,https://cdn.example.md/uploads/msg_2821.pdf,1,2026-08-26 09:55:00;;;;;;;
2822,468,3,doctor,Take one tablet twice a day after meals.,text,,0,2026-08-26 11:18:00;;;;;;;
2823,468,3,doctor,Let's plan a follow-up in two weeks.,text,,1,2026-08-26 14:00:00;;;;;;;
"2824,468,174,patient,""I've been feeling better since the last visit, thank you."",text,,0,2026-08-26 14:05:00";;;;;;;
"2825,469,31,doctor,""That side effect can occur, but let me know if it worsens."",text,,1,2026-08-15 00:07:00";;;;;;;
2826,469,31,doctor,Take one tablet twice a day after meals.,file,https://cdn.example.md/uploads/msg_2826.pdf,1,2026-08-15 01:36:00;;;;;;;
"2827,469,31,doctor,""Sure, I can move it to next week. What day works for you?"",text,,0,2026-08-15 03:08:00";;;;;;;
2828,469,44,patient,Thank you for the consultation today.,file,https://cdn.example.md/uploads/msg_2828.pdf,1,2026-08-15 05:32:00;;;;;;;
"2829,470,38,doctor,""That's good to hear, keep up with the treatment plan."",image,https://cdn.example.md/uploads/msg_2829.jpg,1,2026-08-22 00:06:00";;;;;;;
"2830,470,137,patient,""I uploaded my lab results, please check when you can."",text,,1,2026-08-22 01:54:00";;;;;;;
"2831,470,38,doctor,""That could be normal, but let's schedule a check-up to be safe."",text,,0,2026-08-22 04:16:00";;;;;;;
2832,470,137,patient,Thank you for the consultation today.,voice,https://cdn.example.md/uploads/msg_2832.mp3,1,2026-08-22 06:28:00;;;;;;;
"2833,470,38,doctor,""That's good to hear, keep up with the treatment plan."",text,,1,2026-08-22 08:17:00";;;;;;;
"2834,471,17,doctor,""That's good to hear, keep up with the treatment plan."",text,,1,2026-08-24 00:53:00";;;;;;;
2835,471,17,doctor,Let's plan a follow-up in two weeks.,file,https://cdn.example.md/uploads/msg_2835.pdf,1,2026-08-24 01:57:00;;;;;;;
"2836,471,246,patient,""I've been feeling better since the last visit, thank you."",file,https://cdn.example.md/uploads/msg_2836.pdf,0,2026-08-24 02:40:00";;;;;;;
"2837,471,17,doctor,""Sure, I can move it to next week. What day works for you?"",text,,1,2026-08-24 04:29:00";;;;;;;
"2838,471,17,doctor,""You're welcome, take care and reach out if anything changes."",text,,0,2026-08-24 05:18:00";;;;;;;
2839,471,17,doctor,Let's plan a follow-up in two weeks.,text,,0,2026-08-24 05:26:00;;;;;;;
"2840,471,246,patient,""I've been feeling better since the last visit, thank you."",text,,1,2026-08-24 06:38:00";;;;;;;
"2841,471,17,doctor,""You're welcome, take care and reach out if anything changes."",text,,0,2026-08-24 09:10:00";;;;;;;
"2842,472,14,doctor,""Hello, thanks for reaching out. Let's review your symptoms."",image,https://cdn.example.md/uploads/msg_2842.jpg,1,2026-08-29 01:59:00";;;;;;;
2843,472,7,patient,Can we reschedule my next appointment?,text,,1,2026-08-29 04:34:00;;;;;;;
"2844,472,14,doctor,""Thanks, I'll review the results and get back to you shortly."",image,https://cdn.example.md/uploads/msg_2844.jpg,0,2026-08-29 06:20:00";;;;;;;
"2845,472,14,doctor,""Thanks, I'll review the results and get back to you shortly."",text,,1,2026-08-29 08:39:00";;;;;;;
2846,472,7,patient,Can we reschedule my next appointment?,image,https://cdn.example.md/uploads/msg_2846.jpg,1,2026-08-29 11:20:00;;;;;;;
2847,472,7,patient,When should I come back for a follow-up?,voice,https://cdn.example.md/uploads/msg_2847.mp3,0,2026-08-29 13:25:00;;;;;;;
"2848,472,7,patient,""Hello doctor, I wanted to ask about my recent symptoms."",image,https://cdn.example.md/uploads/msg_2848.jpg,1,2026-08-29 15:00:00";;;;;;;
2849,472,14,doctor,Take one tablet twice a day after meals.,text,,1,2026-08-29 15:47:00;;;;;;;
2850,473,90,patient,Is this side effect normal?,voice,https://cdn.example.md/uploads/msg_2850.mp3,0,2026-08-25 01:33:00;;;;;;;
2851,473,90,patient,Can we reschedule my next appointment?,text,,0,2026-08-25 03:21:00;;;;;;;
2852,473,90,patient,When should I come back for a follow-up?,file,https://cdn.example.md/uploads/msg_2852.pdf,1,2026-08-25 06:18:00;;;;;;;
"2853,473,13,doctor,""Hello, thanks for reaching out. Let's review your symptoms."",text,,1,2026-08-25 06:29:00";;;;;;;
"2854,473,13,doctor,""That could be normal, but let's schedule a check-up to be safe."",text,,1,2026-08-25 06:41:00";;;;;;;
"2855,474,256,patient,""I still have some pain, should I be concerned?"",voice,https://cdn.example.md/uploads/msg_2855.mp3,0,2026-08-27 00:49:00";;;;;;;
2856,474,28,doctor,Please continue the medication as prescribed and monitor for changes.,file,https://cdn.example.md/uploads/msg_2856.pdf,0,2026-08-27 00:52:00;;;;;;;
"2857,474,28,doctor,""Sure, I can move it to next week. What day works for you?"",file,https://cdn.example.md/uploads/msg_2857.pdf,1,2026-08-27 03:35:00";;;;;;;
"2858,474,28,doctor,""Hello, thanks for reaching out. Let's review your symptoms."",text,,1,2026-08-27 05:01:00";;;;;;;
"2859,474,28,doctor,""That side effect can occur, but let me know if it worsens."",voice,https://cdn.example.md/uploads/msg_2859.mp3,1,2026-08-27 07:30:00";;;;;;;
2860,474,28,doctor,Please continue the medication as prescribed and monitor for changes.,text,,1,2026-08-27 09:48:00;;;;;;;
2861,474,28,doctor,Let's plan a follow-up in two weeks.,image,https://cdn.example.md/uploads/msg_2861.jpg,1,2026-08-27 12:07:00;;;;;;;
2862,474,28,doctor,Please continue the medication as prescribed and monitor for changes.,text,,0,2026-08-27 12:20:00;;;;;;;
"2863,475,20,doctor,""Thanks, I'll review the results and get back to you shortly."",text,,1,2026-08-12 01:40:00";;;;;;;
"2864,475,207,patient,""I've been feeling better since the last visit, thank you."",voice,https://cdn.example.md/uploads/msg_2864.mp3,1,2026-08-12 03:46:00";;;;;;;
"2865,475,20,doctor,""Hello, thanks for reaching out. Let's review your symptoms."",file,https://cdn.example.md/uploads/msg_2865.pdf,1,2026-08-12 06:42:00";;;;;;;
"2866,475,20,doctor,""Thanks, I'll review the results and get back to you shortly."",text,,1,2026-08-12 07:16:00";;;;;;;
"2867,475,207,patient,""I've been feeling better since the last visit, thank you."",text,,1,2026-08-12 09:43:00";;;;;;;
"2868,475,20,doctor,""That side effect can occur, but let me know if it worsens."",text,,1,2026-08-12 12:11:00";;;;;;;
2869,476,40,doctor,Please continue the medication as prescribed and monitor for changes.,text,,1,2026-08-28 00:05:00;;;;;;;
2870,476,18,patient,Can we reschedule my next appointment?,text,,1,2026-08-28 00:44:00;;;;;;;
2871,476,18,patient,Can we reschedule my next appointment?,text,,1,2026-08-28 02:20:00;;;;;;;
"2872,476,40,doctor,""Thanks, I'll review the results and get back to you shortly."",text,,1,2026-08-28 03:59:00";;;;;;;
2873,476,18,patient,Could you clarify the dosage instructions?,image,https://cdn.example.md/uploads/msg_2873.jpg,1,2026-08-28 06:45:00;;;;;;;
2874,476,40,doctor,Please continue the medication as prescribed and monitor for changes.,text,,0,2026-08-28 09:00:00;;;;;;;
"2875,477,40,patient,""I still have some pain, should I be concerned?"",text,,0,2026-08-29 02:27:00";;;;;;;
"2876,477,40,patient,""Hello doctor, I wanted to ask about my recent symptoms."",file,https://cdn.example.md/uploads/msg_2876.pdf,0,2026-08-29 03:47:00";;;;;;;
2877,477,40,patient,Is this side effect normal?,text,,0,2026-08-29 06:13:00;;;;;;;
2878,477,40,patient,Is this side effect normal?,file,https://cdn.example.md/uploads/msg_2878.pdf,1,2026-08-29 06:40:00;;;;;;;
"2879,477,36,doctor,""Thanks, I'll review the results and get back to you shortly."",text,,1,2026-08-29 08:49:00";;;;;;;
2880,477,36,doctor,Let's plan a follow-up in two weeks.,text,,1,2026-08-29 08:50:00;;;;;;;
2881,477,40,patient,Can we reschedule my next appointment?,file,https://cdn.example.md/uploads/msg_2881.pdf,0,2026-08-29 11:02:00;;;;;;;
2882,477,36,doctor,Let's plan a follow-up in two weeks.,text,,0,2026-08-29 11:42:00;;;;;;;
"2883,478,228,patient,""Hello doctor, I wanted to ask about my recent symptoms."",voice,https://cdn.example.md/uploads/msg_2883.mp3,1,2026-08-28 02:16:00";;;;;;;
"2884,478,29,doctor,""That's good to hear, keep up with the treatment plan."",text,,1,2026-08-28 02:55:00";;;;;;;
2885,478,228,patient,Could you clarify the dosage instructions?,voice,https://cdn.example.md/uploads/msg_2885.mp3,1,2026-08-28 05:53:00;;;;;;;
"2886,478,228,patient,""I uploaded my lab results, please check when you can."",text,,1,2026-08-28 07:58:00";;;;;;;
"2887,478,228,patient,""I uploaded my lab results, please check when you can."",text,,0,2026-08-28 08:03:00";;;;;;;
"2888,478,228,patient,""I still have some pain, should I be concerned?"",text,,1,2026-08-28 09:52:00";;;;;;;
"2889,478,228,patient,""Hello doctor, I wanted to ask about my recent symptoms."",image,https://cdn.example.md/uploads/msg_2889.jpg,0,2026-08-28 12:06:00";;;;;;;
"2890,478,228,patient,""Hello doctor, I wanted to ask about my recent symptoms."",text,,0,2026-08-28 12:32:00";;;;;;;
"2891,479,32,doctor,""You're welcome, take care and reach out if anything changes."",text,,1,2026-08-18 00:27:00";;;;;;;
2892,479,32,doctor,Please continue the medication as prescribed and monitor for changes.,text,,1,2026-08-18 02:45:00;;;;;;;
"2893,479,32,doctor,""Hello, thanks for reaching out. Let's review your symptoms."",text,,1,2026-08-18 03:16:00";;;;;;;
"2894,479,32,doctor,""That's good to hear, keep up with the treatment plan."",text,,1,2026-08-18 04:42:00";;;;;;;
2895,479,362,patient,Could you clarify the dosage instructions?,text,,1,2026-08-18 07:18:00;;;;;;;
2896,480,142,patient,Could you clarify the dosage instructions?,text,,1,2026-08-20 00:47:00;;;;;;;
"2897,480,9,doctor,""Hello, thanks for reaching out. Let's review your symptoms."",text,,1,2026-08-20 01:24:00";;;;;;;
"2898,480,9,doctor,""That's good to hear, keep up with the treatment plan."",image,https://cdn.example.md/uploads/msg_2898.jpg,0,2026-08-20 04:16:00";;;;;;;
2899,480,142,patient,Is it okay to take this medication with food?,image,https://cdn.example.md/uploads/msg_2899.jpg,1,2026-08-20 05:51:00;;;;;;;
2900,480,9,doctor,Please continue the medication as prescribed and monitor for changes.,image,https://cdn.example.md/uploads/msg_2900.jpg,0,2026-08-20 08:24:00;;;;;;;
"2901,480,9,doctor,""That side effect can occur, but let me know if it worsens."",image,https://cdn.example.md/uploads/msg_2901.jpg,1,2026-08-20 08:36:00";;;;;;;
2902,480,9,doctor,Please continue the medication as prescribed and monitor for changes.,text,,1,2026-08-20 09:32:00;;;;;;;
"2903,481,23,doctor,""Sure, I can move it to next week. What day works for you?"",image,https://cdn.example.md/uploads/msg_2903.jpg,0,2026-08-24 01:48:00";;;;;;;
"2904,481,188,patient,""I still have some pain, should I be concerned?"",voice,https://cdn.example.md/uploads/msg_2904.mp3,1,2026-08-24 02:06:00";;;;;;;
2905,481,188,patient,When should I come back for a follow-up?,text,,1,2026-08-24 04:53:00;;;;;;;
"2906,481,23,doctor,""Hello, thanks for reaching out. Let's review your symptoms."",file,https://cdn.example.md/uploads/msg_2906.pdf,1,2026-08-24 05:29:00";;;;;;;
2907,481,188,patient,Is it okay to take this medication with food?,voice,https://cdn.example.md/uploads/msg_2907.mp3,1,2026-08-24 06:36:00;;;;;;;
"2908,482,64,patient,""I've been feeling better since the last visit, thank you."",voice,https://cdn.example.md/uploads/msg_2908.mp3,1,2026-08-14 00:10:00";;;;;;;
2909,482,64,patient,Can we reschedule my next appointment?,text,,1,2026-08-14 01:02:00;;;;;;;
"2910,482,64,patient,""Hello doctor, I wanted to ask about my recent symptoms."",voice,https://cdn.example.md/uploads/msg_2910.mp3,0,2026-08-14 02:09:00";;;;;;;
"2911,482,64,patient,""I still have some pain, should I be concerned?"",voice,https://cdn.example.md/uploads/msg_2911.mp3,1,2026-08-14 04:15:00";;;;;;;
2912,482,64,patient,Could you clarify the dosage instructions?,text,,1,2026-08-14 07:00:00;;;;;;;
"2913,482,64,patient,""I uploaded my lab results, please check when you can."",text,,1,2026-08-14 09:03:00";;;;;;;
"2914,482,31,doctor,""That's good to hear, keep up with the treatment plan."",text,,0,2026-08-14 10:06:00";;;;;;;
2915,482,31,doctor,Take one tablet twice a day after meals.,text,,1,2026-08-14 12:34:00;;;;;;;
2916,483,9,patient,Is it okay to take this medication with food?,text,,1,2026-08-24 01:47:00;;;;;;;
"2917,483,35,doctor,""You're welcome, take care and reach out if anything changes."",image,https://cdn.example.md/uploads/msg_2917.jpg,1,2026-08-24 04:17:00";;;;;;;
"2918,483,35,doctor,""Hello, thanks for reaching out. Let's review your symptoms."",text,,0,2026-08-24 07:11:00";;;;;;;
"2919,483,35,doctor,""That side effect can occur, but let me know if it worsens."",text,,1,2026-08-24 07:59:00";;;;;;;
2920,483,9,patient,Is this side effect normal?,text,,1,2026-08-24 08:01:00;;;;;;;
"2921,483,9,patient,""I've been feeling better since the last visit, thank you."",image,https://cdn.example.md/uploads/msg_2921.jpg,1,2026-08-24 09:33:00";;;;;;;
2922,484,37,patient,Can we reschedule my next appointment?,text,,1,2026-08-24 00:52:00;;;;;;;
"2923,484,18,doctor,""That could be normal, but let's schedule a check-up to be safe."",text,,1,2026-08-24 02:33:00";;;;;;;
2924,484,37,patient,Is this side effect normal?,text,,1,2026-08-24 03:51:00;;;;;;;
"2925,484,18,doctor,""Sure, I can move it to next week. What day works for you?"",image,https://cdn.example.md/uploads/msg_2925.jpg,1,2026-08-24 05:12:00";;;;;;;
"2926,484,18,doctor,""Sure, I can move it to next week. What day works for you?"",text,,1,2026-08-24 06:53:00";;;;;;;
2927,484,37,patient,Thank you for the consultation today.,file,https://cdn.example.md/uploads/msg_2927.pdf,1,2026-08-24 09:03:00;;;;;;;
"2928,484,37,patient,""I still have some pain, should I be concerned?"",text,,1,2026-08-24 11:11:00";;;;;;;
"2929,484,18,doctor,""Thanks, I'll review the results and get back to you shortly."",text,,1,2026-08-24 11:17:00";;;;;;;
"2930,485,15,doctor,""You're welcome, take care and reach out if anything changes."",text,,1,2026-08-14 00:43:00";;;;;;;
2931,485,15,doctor,Please continue the medication as prescribed and monitor for changes.,text,,0,2026-08-14 01:55:00;;;;;;;
"2932,485,15,doctor,""Thanks, I'll review the results and get back to you shortly."",voice,https://cdn.example.md/uploads/msg_2932.mp3,1,2026-08-14 02:56:00";;;;;;;
"2933,485,389,patient,""I've been feeling better since the last visit, thank you."",text,,0,2026-08-14 03:36:00";;;;;;;
"2934,485,389,patient,""I've been feeling better since the last visit, thank you."",text,,1,2026-08-14 06:19:00";;;;;;;
"2935,485,389,patient,""I uploaded my lab results, please check when you can."",image,https://cdn.example.md/uploads/msg_2935.jpg,1,2026-08-14 07:48:00";;;;;;;
2936,486,91,patient,When should I come back for a follow-up?,file,https://cdn.example.md/uploads/msg_2936.pdf,0,2026-08-12 02:05:00;;;;;;;
2937,486,91,patient,Could you clarify the dosage instructions?,text,,1,2026-08-12 03:22:00;;;;;;;
"2938,486,24,doctor,""That side effect can occur, but let me know if it worsens."",voice,https://cdn.example.md/uploads/msg_2938.mp3,1,2026-08-12 04:39:00";;;;;;;
"2939,486,24,doctor,""That side effect can occur, but let me know if it worsens."",file,https://cdn.example.md/uploads/msg_2939.pdf,0,2026-08-12 07:22:00";;;;;;;
2940,486,91,patient,Can we reschedule my next appointment?,text,,1,2026-08-12 08:03:00;;;;;;;
"2941,486,91,patient,""I uploaded my lab results, please check when you can."",text,,1,2026-08-12 08:55:00";;;;;;;
2942,487,387,patient,Is it okay to take this medication with food?,text,,1,2026-08-16 00:07:00;;;;;;;
"2943,487,387,patient,""I still have some pain, should I be concerned?"",voice,https://cdn.example.md/uploads/msg_2943.mp3,1,2026-08-16 00:33:00";;;;;;;
"2944,487,6,doctor,""That could be normal, but let's schedule a check-up to be safe."",text,,0,2026-08-16 02:14:00";;;;;;;
"2945,487,6,doctor,""That could be normal, but let's schedule a check-up to be safe."",image,https://cdn.example.md/uploads/msg_2945.jpg,1,2026-08-16 03:41:00";;;;;;;
2946,487,387,patient,When should I come back for a follow-up?,text,,0,2026-08-16 06:02:00;;;;;;;
2947,487,387,patient,Is it okay to take this medication with food?,text,,1,2026-08-16 07:03:00;;;;;;;
"2948,487,6,doctor,""You're welcome, take care and reach out if anything changes."",image,https://cdn.example.md/uploads/msg_2948.jpg,1,2026-08-16 07:38:00";;;;;;;
2949,488,24,doctor,Please continue the medication as prescribed and monitor for changes.,text,,0,2026-08-17 02:45:00;;;;;;;
2950,488,310,patient,When should I come back for a follow-up?,text,,1,2026-08-17 04:52:00;;;;;;;
"2951,488,24,doctor,""That side effect can occur, but let me know if it worsens."",text,,1,2026-08-17 05:25:00";;;;;;;
"2952,488,24,doctor,""Hello, thanks for reaching out. Let's review your symptoms."",text,,0,2026-08-17 05:48:00";;;;;;;
"2953,488,24,doctor,""That side effect can occur, but let me know if it worsens."",image,https://cdn.example.md/uploads/msg_2953.jpg,1,2026-08-17 05:56:00";;;;;;;
2954,488,24,doctor,Please continue the medication as prescribed and monitor for changes.,text,,1,2026-08-17 06:16:00;;;;;;;
2955,489,17,doctor,Let's plan a follow-up in two weeks.,text,,1,2026-08-18 00:56:00;;;;;;;
"2956,489,17,doctor,""Hello, thanks for reaching out. Let's review your symptoms."",voice,https://cdn.example.md/uploads/msg_2956.mp3,1,2026-08-18 02:03:00";;;;;;;
"2957,489,17,doctor,""That's good to hear, keep up with the treatment plan."",text,,1,2026-08-18 03:07:00";;;;;;;
"2958,489,16,patient,""I still have some pain, should I be concerned?"",file,https://cdn.example.md/uploads/msg_2958.pdf,0,2026-08-18 05:09:00";;;;;;;
"2959,489,16,patient,""Hello doctor, I wanted to ask about my recent symptoms."",voice,https://cdn.example.md/uploads/msg_2959.mp3,0,2026-08-18 06:36:00";;;;;;;
"2960,489,17,doctor,""Thanks, I'll review the results and get back to you shortly."",text,,1,2026-08-18 09:22:00";;;;;;;
2961,490,219,patient,Thank you for the consultation today.,text,,1,2026-08-25 00:54:00;;;;;;;
2962,490,28,doctor,Take one tablet twice a day after meals.,file,https://cdn.example.md/uploads/msg_2962.pdf,0,2026-08-25 02:30:00;;;;;;;
"2963,490,28,doctor,""You're welcome, take care and reach out if anything changes."",voice,https://cdn.example.md/uploads/msg_2963.mp3,1,2026-08-25 03:07:00";;;;;;;
"2964,490,28,doctor,""That could be normal, but let's schedule a check-up to be safe."",text,,0,2026-08-25 04:27:00";;;;;;;
"2965,490,28,doctor,""Sure, I can move it to next week. What day works for you?"",text,,1,2026-08-25 07:06:00";;;;;;;
"2966,490,219,patient,""Hello doctor, I wanted to ask about my recent symptoms."",image,https://cdn.example.md/uploads/msg_2966.jpg,1,2026-08-25 07:47:00";;;;;;;
2967,491,29,doctor,Please continue the medication as prescribed and monitor for changes.,voice,https://cdn.example.md/uploads/msg_2967.mp3,1,2026-08-18 01:06:00;;;;;;;
"2968,491,29,doctor,""That side effect can occur, but let me know if it worsens."",file,https://cdn.example.md/uploads/msg_2968.pdf,0,2026-08-18 03:55:00";;;;;;;
2969,491,29,doctor,Please continue the medication as prescribed and monitor for changes.,image,https://cdn.example.md/uploads/msg_2969.jpg,1,2026-08-18 06:22:00;;;;;;;
2970,491,293,patient,Could you clarify the dosage instructions?,text,,1,2026-08-18 07:25:00;;;;;;;
"2971,491,29,doctor,""Hello, thanks for reaching out. Let's review your symptoms."",voice,https://cdn.example.md/uploads/msg_2971.mp3,1,2026-08-18 10:22:00";;;;;;;
2972,491,293,patient,Thank you for the consultation today.,image,https://cdn.example.md/uploads/msg_2972.jpg,1,2026-08-18 11:28:00;;;;;;;
2973,491,293,patient,Is it okay to take this medication with food?,text,,1,2026-08-18 12:35:00;;;;;;;
"2974,492,296,patient,""Hello doctor, I wanted to ask about my recent symptoms."",voice,https://cdn.example.md/uploads/msg_2974.mp3,0,2026-08-19 01:55:00";;;;;;;
"2975,492,37,doctor,""Thanks, I'll review the results and get back to you shortly."",text,,1,2026-08-19 02:44:00";;;;;;;
"2976,492,37,doctor,""You're welcome, take care and reach out if anything changes."",text,,1,2026-08-19 03:38:00";;;;;;;
2977,492,296,patient,Can we reschedule my next appointment?,text,,1,2026-08-19 03:44:00;;;;;;;
2978,493,11,patient,Can we reschedule my next appointment?,text,,1,2026-08-12 01:26:00;;;;;;;
2979,493,31,doctor,Take one tablet twice a day after meals.,text,,0,2026-08-12 01:36:00;;;;;;;
"2980,493,31,doctor,""That side effect can occur, but let me know if it worsens."",text,,1,2026-08-12 03:22:00";;;;;;;
"2981,493,31,doctor,""That could be normal, but let's schedule a check-up to be safe."",file,https://cdn.example.md/uploads/msg_2981.pdf,1,2026-08-12 05:53:00";;;;;;;
"2982,493,11,patient,""I still have some pain, should I be concerned?"",text,,1,2026-08-12 07:13:00";;;;;;;
"2983,493,31,doctor,""Sure, I can move it to next week. What day works for you?"",text,,1,2026-08-12 08:55:00";;;;;;;
"2984,493,11,patient,""I still have some pain, should I be concerned?"",text,,1,2026-08-12 11:42:00";;;;;;;
"2985,493,31,doctor,""That could be normal, but let's schedule a check-up to be safe."",image,https://cdn.example.md/uploads/msg_2985.jpg,1,2026-08-12 14:27:00";;;;;;;
"2986,494,109,patient,""I uploaded my lab results, please check when you can."",file,https://cdn.example.md/uploads/msg_2986.pdf,1,2026-08-25 00:36:00";;;;;;;
2987,494,109,patient,Is this side effect normal?,voice,https://cdn.example.md/uploads/msg_2987.mp3,1,2026-08-25 01:37:00;;;;;;;
"2988,494,10,doctor,""That side effect can occur, but let me know if it worsens."",text,,1,2026-08-25 02:59:00";;;;;;;
"2989,494,109,patient,""I uploaded my lab results, please check when you can."",image,https://cdn.example.md/uploads/msg_2989.jpg,1,2026-08-25 04:24:00";;;;;;;
2990,494,109,patient,Is this side effect normal?,text,,0,2026-08-25 07:13:00;;;;;;;
2991,494,109,patient,Is it okay to take this medication with food?,text,,0,2026-08-25 09:11:00;;;;;;;
2992,495,23,doctor,Take one tablet twice a day after meals.,text,,0,2026-08-12 02:40:00;;;;;;;
"2993,495,147,patient,""Hello doctor, I wanted to ask about my recent symptoms."",file,https://cdn.example.md/uploads/msg_2993.pdf,1,2026-08-12 05:35:00";;;;;;;
"2994,495,23,doctor,""That's good to hear, keep up with the treatment plan."",text,,1,2026-08-12 05:47:00";;;;;;;
2995,495,147,patient,Thank you for the consultation today.,text,,1,2026-08-12 07:30:00;;;;;;;
"2996,495,147,patient,""I uploaded my lab results, please check when you can."",text,,1,2026-08-12 07:45:00";;;;;;;
"2997,495,23,doctor,""That side effect can occur, but let me know if it worsens."",text,,0,2026-08-12 10:43:00";;;;;;;
"2998,495,23,doctor,""You're welcome, take care and reach out if anything changes."",text,,1,2026-08-12 13:42:00";;;;;;;
"2999,495,23,doctor,""That could be normal, but let's schedule a check-up to be safe."",text,,1,2026-08-12 15:13:00";;;;;;;
"3000,496,12,doctor,""That could be normal, but let's schedule a check-up to be safe."",text,,1,2026-08-17 02:03:00";;;;;;;
3001,496,114,patient,Thank you for the consultation today.,text,,1,2026-08-17 03:18:00;;;;;;;
3002,496,12,doctor,Please continue the medication as prescribed and monitor for changes.,image,https://cdn.example.md/uploads/msg_3002.jpg,1,2026-08-17 05:23:00;;;;;;;
"3003,496,12,doctor,""You're welcome, take care and reach out if anything changes."",image,https://cdn.example.md/uploads/msg_3003.jpg,1,2026-08-17 07:11:00";;;;;;;
3004,496,12,doctor,Take one tablet twice a day after meals.,voice,https://cdn.example.md/uploads/msg_3004.mp3,1,2026-08-17 09:00:00;;;;;;;
3005,496,114,patient,Could you clarify the dosage instructions?,text,,1,2026-08-17 09:37:00;;;;;;;
3006,496,114,patient,When should I come back for a follow-up?,text,,1,2026-08-17 10:29:00;;;;;;;
3007,497,26,doctor,Take one tablet twice a day after meals.,file,https://cdn.example.md/uploads/msg_3007.pdf,1,2026-08-24 01:12:00;;;;;;;
3008,497,26,doctor,Please continue the medication as prescribed and monitor for changes.,voice,https://cdn.example.md/uploads/msg_3008.mp3,0,2026-08-24 02:34:00;;;;;;;
3009,497,92,patient,Thank you for the consultation today.,voice,https://cdn.example.md/uploads/msg_3009.mp3,1,2026-08-24 04:29:00;;;;;;;
3010,497,92,patient,Could you clarify the dosage instructions?,image,https://cdn.example.md/uploads/msg_3010.jpg,0,2026-08-24 04:50:00;;;;;;;
"3011,497,92,patient,""Hello doctor, I wanted to ask about my recent symptoms."",image,https://cdn.example.md/uploads/msg_3011.jpg,1,2026-08-24 07:25:00";;;;;;;
"3012,497,26,doctor,""You're welcome, take care and reach out if anything changes."",voice,https://cdn.example.md/uploads/msg_3012.mp3,1,2026-08-24 09:42:00";;;;;;;
3013,497,92,patient,Can we reschedule my next appointment?,text,,1,2026-08-24 11:48:00;;;;;;;
3014,497,92,patient,Can we reschedule my next appointment?,text,,1,2026-08-24 14:34:00;;;;;;;
"3015,498,3,doctor,""Hello, thanks for reaching out. Let's review your symptoms."",file,https://cdn.example.md/uploads/msg_3015.pdf,1,2026-08-26 02:10:00";;;;;;;
3016,498,3,doctor,Take one tablet twice a day after meals.,voice,https://cdn.example.md/uploads/msg_3016.mp3,1,2026-08-26 04:55:00;;;;;;;
"3017,498,342,patient,""Hello doctor, I wanted to ask about my recent symptoms."",text,,0,2026-08-26 06:22:00";;;;;;;
"3018,498,3,doctor,""Hello, thanks for reaching out. Let's review your symptoms."",file,https://cdn.example.md/uploads/msg_3018.pdf,0,2026-08-26 08:01:00";;;;;;;
3019,499,2,doctor,Please continue the medication as prescribed and monitor for changes.,text,,1,2026-08-27 00:03:00;;;;;;;
3020,499,70,patient,Is this side effect normal?,file,https://cdn.example.md/uploads/msg_3020.pdf,0,2026-08-27 00:33:00;;;;;;;
3021,499,70,patient,Could you clarify the dosage instructions?,text,,1,2026-08-27 01:11:00;;;;;;;
"3022,499,70,patient,""Hello doctor, I wanted to ask about my recent symptoms."",text,,0,2026-08-27 02:40:00";;;;;;;
"3023,499,2,doctor,""That could be normal, but let's schedule a check-up to be safe."",text,,1,2026-08-27 04:59:00";;;;;;;
3024,499,70,patient,Thank you for the consultation today.,text,,0,2026-08-27 06:11:00;;;;;;;
"3025,499,2,doctor,""Sure, I can move it to next week. What day works for you?"",image,https://cdn.example.md/uploads/msg_3025.jpg,0,2026-08-27 06:53:00";;;;;;;
"3026,499,2,doctor,""Hello, thanks for reaching out. Let's review your symptoms."",file,https://cdn.example.md/uploads/msg_3026.pdf,1,2026-08-27 07:21:00";;;;;;;
"3027,500,32,doctor,""That's good to hear, keep up with the treatment plan."",image,https://cdn.example.md/uploads/msg_3027.jpg,1,2026-08-17 01:34:00";;;;;;;
"3028,500,32,doctor,""Hello, thanks for reaching out. Let's review your symptoms."",text,,0,2026-08-17 02:55:00";;;;;;;
3029,500,167,patient,Is this side effect normal?,file,https://cdn.example.md/uploads/msg_3029.pdf,1,2026-08-17 04:22:00;;;;;;;
"3030,500,167,patient,""I've been feeling better since the last visit, thank you."",image,https://cdn.example.md/uploads/msg_3030.jpg,1,2026-08-17 05:43:00";;;;;;;
3031,501,16,doctor,Let's plan a follow-up in two weeks.,text,,1,2026-08-21 02:43:00;;;;;;;
"3032,501,306,patient,""I've been feeling better since the last visit, thank you."",text,,1,2026-08-21 05:36:00";;;;;;;
"3033,501,306,patient,""I've been feeling better since the last visit, thank you."",image,https://cdn.example.md/uploads/msg_3033.jpg,0,2026-08-21 07:02:00";;;;;;;
3034,501,306,patient,Is this side effect normal?,text,,0,2026-08-21 08:59:00;;;;;;;
3035,501,16,doctor,Take one tablet twice a day after meals.,image,https://cdn.example.md/uploads/msg_3035.jpg,1,2026-08-21 11:44:00;;;;;;;
3036,501,16,doctor,Please continue the medication as prescribed and monitor for changes.,text,,1,2026-08-21 14:03:00;;;;;;;
"3037,501,16,doctor,""That could be normal, but let's schedule a check-up to be safe."",text,,1,2026-08-21 16:20:00";;;;;;;
"3038,502,37,doctor,""That's good to hear, keep up with the treatment plan."",file,https://cdn.example.md/uploads/msg_3038.pdf,0,2026-08-28 00:14:00";;;;;;;
"3039,502,397,patient,""I've been feeling better since the last visit, thank you."",text,,1,2026-08-28 03:07:00";;;;;;;
"3040,502,37,doctor,""That's good to hear, keep up with the treatment plan."",image,https://cdn.example.md/uploads/msg_3040.jpg,1,2026-08-28 04:55:00";;;;;;;
3041,502,397,patient,When should I come back for a follow-up?,text,,1,2026-08-28 06:52:00;;;;;;;
"3042,502,37,doctor,""That could be normal, but let's schedule a check-up to be safe."",text,,0,2026-08-28 08:31:00";;;;;;;
3043,502,37,doctor,Please continue the medication as prescribed and monitor for changes.,text,,0,2026-08-28 09:55:00;;;;;;;
3044,502,397,patient,Is this side effect normal?,text,,0,2026-08-28 10:10:00;;;;;;;
"3045,502,397,patient,""Hello doctor, I wanted to ask about my recent symptoms."",text,,1,2026-08-28 10:55:00";;;;;;;
3046,503,29,doctor,Let's plan a follow-up in two weeks.,text,,1,2026-08-19 02:40:00;;;;;;;
"3047,503,127,patient,""Hello doctor, I wanted to ask about my recent symptoms."",image,https://cdn.example.md/uploads/msg_3047.jpg,0,2026-08-19 05:22:00";;;;;;;
3048,503,127,patient,When should I come back for a follow-up?,image,https://cdn.example.md/uploads/msg_3048.jpg,1,2026-08-19 06:00:00;;;;;;;
3049,503,29,doctor,Let's plan a follow-up in two weeks.,text,,1,2026-08-19 07:22:00;;;;;;;
"3050,503,29,doctor,""You're welcome, take care and reach out if anything changes."",text,,1,2026-08-19 08:47:00";;;;;;;
"3051,503,127,patient,""I've been feeling better since the last visit, thank you."",text,,1,2026-08-19 11:18:00";;;;;;;
3052,503,127,patient,Can we reschedule my next appointment?,text,,0,2026-08-19 13:20:00;;;;;;;
"3053,503,29,doctor,""That side effect can occur, but let me know if it worsens."",text,,1,2026-08-19 15:07:00";;;;;;;
3054,504,105,patient,Can we reschedule my next appointment?,file,https://cdn.example.md/uploads/msg_3054.pdf,1,2026-08-15 01:24:00;;;;;;;
3055,504,105,patient,Is it okay to take this medication with food?,voice,https://cdn.example.md/uploads/msg_3055.mp3,1,2026-08-15 04:06:00;;;;;;;
3056,504,105,patient,Could you clarify the dosage instructions?,text,,1,2026-08-15 04:37:00;;;;;;;
"3057,504,32,doctor,""That could be normal, but let's schedule a check-up to be safe."",file,https://cdn.example.md/uploads/msg_3057.pdf,1,2026-08-15 06:06:00";;;;;;;
3058,504,32,doctor,Please continue the medication as prescribed and monitor for changes.,text,,1,2026-08-15 08:13:00;;;;;;;
"3059,504,32,doctor,""That's good to hear, keep up with the treatment plan."",text,,1,2026-08-15 10:14:00";;;;;;;
3060,505,150,patient,Could you clarify the dosage instructions?,text,,1,2026-08-19 00:39:00;;;;;;;
3061,505,150,patient,Is it okay to take this medication with food?,image,https://cdn.example.md/uploads/msg_3061.jpg,1,2026-08-19 00:48:00;;;;;;;
3062,505,150,patient,Could you clarify the dosage instructions?,image,https://cdn.example.md/uploads/msg_3062.jpg,0,2026-08-19 01:26:00;;;;;;;
"3063,505,16,doctor,""Hello, thanks for reaching out. Let's review your symptoms."",image,https://cdn.example.md/uploads/msg_3063.jpg,1,2026-08-19 02:43:00";;;;;;;
"3064,506,28,doctor,""Sure, I can move it to next week. What day works for you?"",text,,1,2026-08-29 02:00:00";;;;;;;
"3065,506,28,doctor,""That side effect can occur, but let me know if it worsens."",text,,0,2026-08-29 02:50:00";;;;;;;
"3066,506,28,doctor,""You're welcome, take care and reach out if anything changes."",text,,1,2026-08-29 05:29:00";;;;;;;
3067,506,328,patient,Could you clarify the dosage instructions?,text,,1,2026-08-29 06:29:00;;;;;;;
"3068,506,328,patient,""I still have some pain, should I be concerned?"",file,https://cdn.example.md/uploads/msg_3068.pdf,1,2026-08-29 07:39:00";;;;;;;
3069,506,328,patient,Is this side effect normal?,text,,0,2026-08-29 09:53:00;;;;;;;
"3070,506,28,doctor,""That could be normal, but let's schedule a check-up to be safe."",voice,https://cdn.example.md/uploads/msg_3070.mp3,1,2026-08-29 11:44:00";;;;;;;
"3071,506,28,doctor,""That side effect can occur, but let me know if it worsens."",text,,0,2026-08-29 12:08:00";;;;;;;
"3072,507,110,patient,""I've been feeling better since the last visit, thank you."",text,,1,2026-08-31 02:17:00";;;;;;;
"3073,507,38,doctor,""That could be normal, but let's schedule a check-up to be safe."",image,https://cdn.example.md/uploads/msg_3073.jpg,0,2026-08-31 03:06:00";;;;;;;
"3074,507,110,patient,""Hello doctor, I wanted to ask about my recent symptoms."",image,https://cdn.example.md/uploads/msg_3074.jpg,1,2026-08-31 03:40:00";;;;;;;
"3075,507,38,doctor,""That side effect can occur, but let me know if it worsens."",image,https://cdn.example.md/uploads/msg_3075.jpg,1,2026-08-31 04:24:00";;;;;;;
"3076,508,16,doctor,""That's good to hear, keep up with the treatment plan."",text,,0,2026-08-12 00:18:00";;;;;;;
"3077,508,16,doctor,""You're welcome, take care and reach out if anything changes."",text,,1,2026-08-12 01:46:00";;;;;;;
3078,508,308,patient,When should I come back for a follow-up?,file,https://cdn.example.md/uploads/msg_3078.pdf,1,2026-08-12 02:35:00;;;;;;;
3079,508,308,patient,When should I come back for a follow-up?,file,https://cdn.example.md/uploads/msg_3079.pdf,1,2026-08-12 03:16:00;;;;;;;
3080,508,16,doctor,Please continue the medication as prescribed and monitor for changes.,text,,1,2026-08-12 05:05:00;;;;;;;
"3081,508,308,patient,""I uploaded my lab results, please check when you can."",text,,0,2026-08-12 07:16:00";;;;;;;
3082,508,308,patient,Can we reschedule my next appointment?,text,,1,2026-08-12 07:20:00;;;;;;;
3083,509,32,doctor,Take one tablet twice a day after meals.,text,,1,2026-09-01 01:32:00;;;;;;;
"3084,509,32,doctor,""You're welcome, take care and reach out if anything changes."",image,https://cdn.example.md/uploads/msg_3084.jpg,1,2026-09-01 01:59:00";;;;;;;
3085,509,32,doctor,Please continue the medication as prescribed and monitor for changes.,image,https://cdn.example.md/uploads/msg_3085.jpg,1,2026-09-01 04:27:00;;;;;;;
"3086,509,32,doctor,""Hello, thanks for reaching out. Let's review your symptoms."",text,,1,2026-09-01 04:51:00";;;;;;;
3087,510,12,doctor,Please continue the medication as prescribed and monitor for changes.,voice,https://cdn.example.md/uploads/msg_3087.mp3,1,2026-08-20 00:40:00;;;;;;;
"3088,510,12,doctor,""You're welcome, take care and reach out if anything changes."",image,https://cdn.example.md/uploads/msg_3088.jpg,1,2026-08-20 02:25:00";;;;;;;
"3089,510,12,doctor,""That side effect can occur, but let me know if it worsens."",image,https://cdn.example.md/uploads/msg_3089.jpg,1,2026-08-20 02:39:00";;;;;;;
3090,510,173,patient,Is it okay to take this medication with food?,text,,0,2026-08-20 04:46:00;;;;;;;
3091,511,9,doctor,Take one tablet twice a day after meals.,image,https://cdn.example.md/uploads/msg_3091.jpg,1,2026-08-18 00:50:00;;;;;;;
"3092,511,9,doctor,""You're welcome, take care and reach out if anything changes."",text,,1,2026-08-18 02:56:00";;;;;;;
"3093,511,9,doctor,""You're welcome, take care and reach out if anything changes."",text,,1,2026-08-18 04:18:00";;;;;;;
"3094,511,9,doctor,""Thanks, I'll review the results and get back to you shortly."",voice,https://cdn.example.md/uploads/msg_3094.mp3,1,2026-08-18 04:33:00";;;;;;;
"3095,511,9,doctor,""That could be normal, but let's schedule a check-up to be safe."",text,,1,2026-08-18 07:21:00";;;;;;;
"3096,511,9,doctor,""Sure, I can move it to next week. What day works for you?"",text,,1,2026-08-18 09:54:00";;;;;;;
"3097,512,194,patient,""I uploaded my lab results, please check when you can."",file,https://cdn.example.md/uploads/msg_3097.pdf,0,2026-08-29 00:29:00";;;;;;;
3098,512,8,doctor,Let's plan a follow-up in two weeks.,file,https://cdn.example.md/uploads/msg_3098.pdf,1,2026-08-29 03:02:00;;;;;;;
"3099,512,8,doctor,""Thanks, I'll review the results and get back to you shortly."",file,https://cdn.example.md/uploads/msg_3099.pdf,1,2026-08-29 05:56:00";;;;;;;
3100,512,194,patient,When should I come back for a follow-up?,text,,1,2026-08-29 07:23:00;;;;;;;
"3101,512,194,patient,""I still have some pain, should I be concerned?"",text,,1,2026-08-29 10:10:00";;;;;;;
"3102,513,29,doctor,""Sure, I can move it to next week. What day works for you?"",text,,0,2026-08-23 00:09:00";;;;;;;
3103,513,29,doctor,Please continue the medication as prescribed and monitor for changes.,text,,0,2026-08-23 01:24:00;;;;;;;
3104,513,275,patient,When should I come back for a follow-up?,text,,1,2026-08-23 02:46:00;;;;;;;
"3105,513,29,doctor,""That's good to hear, keep up with the treatment plan."",text,,0,2026-08-23 05:15:00";;;;;;;
"3106,514,38,doctor,""That side effect can occur, but let me know if it worsens."",text,,1,2026-08-28 02:39:00";;;;;;;
"3107,514,38,doctor,""Hello, thanks for reaching out. Let's review your symptoms."",voice,https://cdn.example.md/uploads/msg_3107.mp3,1,2026-08-28 05:04:00";;;;;;;
3108,514,166,patient,Could you clarify the dosage instructions?,voice,https://cdn.example.md/uploads/msg_3108.mp3,0,2026-08-28 06:12:00;;;;;;;
"3109,514,166,patient,""I still have some pain, should I be concerned?"",voice,https://cdn.example.md/uploads/msg_3109.mp3,0,2026-08-28 07:33:00";;;;;;;
"3110,514,38,doctor,""Hello, thanks for reaching out. Let's review your symptoms."",text,,1,2026-08-28 08:53:00";;;;;;;
"3111,514,166,patient,""I've been feeling better since the last visit, thank you."",file,https://cdn.example.md/uploads/msg_3111.pdf,0,2026-08-28 09:54:00";;;;;;;
3112,515,242,patient,Is it okay to take this medication with food?,voice,https://cdn.example.md/uploads/msg_3112.mp3,1,2026-08-24 00:02:00;;;;;;;
"3113,515,4,doctor,""Hello, thanks for reaching out. Let's review your symptoms."",voice,https://cdn.example.md/uploads/msg_3113.mp3,0,2026-08-24 02:48:00";;;;;;;
"3114,515,4,doctor,""Hello, thanks for reaching out. Let's review your symptoms."",file,https://cdn.example.md/uploads/msg_3114.pdf,0,2026-08-24 03:34:00";;;;;;;
"3115,515,242,patient,""Hello doctor, I wanted to ask about my recent symptoms."",text,,1,2026-08-24 05:49:00";;;;;;;
3116,516,351,patient,Is it okay to take this medication with food?,text,,0,2026-08-13 00:46:00;;;;;;;
"3117,516,19,doctor,""That could be normal, but let's schedule a check-up to be safe."",text,,1,2026-08-13 01:08:00";;;;;;;
3118,516,351,patient,Is this side effect normal?,text,,1,2026-08-13 03:10:00;;;;;;;
3119,516,19,doctor,Let's plan a follow-up in two weeks.,text,,0,2026-08-13 04:45:00;;;;;;;
3120,516,351,patient,Can we reschedule my next appointment?,voice,https://cdn.example.md/uploads/msg_3120.mp3,1,2026-08-13 05:46:00;;;;;;;
"3121,517,208,patient,""Hello doctor, I wanted to ask about my recent symptoms."",text,,0,2026-08-31 02:20:00";;;;;;;
3122,517,13,doctor,Please continue the medication as prescribed and monitor for changes.,voice,https://cdn.example.md/uploads/msg_3122.mp3,1,2026-08-31 03:27:00;;;;;;;
3123,517,208,patient,Could you clarify the dosage instructions?,voice,https://cdn.example.md/uploads/msg_3123.mp3,1,2026-08-31 05:49:00;;;;;;;
"3124,517,13,doctor,""That could be normal, but let's schedule a check-up to be safe."",file,https://cdn.example.md/uploads/msg_3124.pdf,1,2026-08-31 08:09:00";;;;;;;
"3125,517,208,patient,""I still have some pain, should I be concerned?"",image,https://cdn.example.md/uploads/msg_3125.jpg,1,2026-08-31 09:27:00";;;;;;;
"3126,517,13,doctor,""That side effect can occur, but let me know if it worsens."",text,,1,2026-08-31 10:23:00";;;;;;;
"3127,517,13,doctor,""That could be normal, but let's schedule a check-up to be safe."",text,,1,2026-08-31 10:49:00";;;;;;;
"3128,518,5,doctor,""Hello, thanks for reaching out. Let's review your symptoms."",voice,https://cdn.example.md/uploads/msg_3128.mp3,1,2026-08-31 01:46:00";;;;;;;
"3129,518,5,doctor,""Hello, thanks for reaching out. Let's review your symptoms."",text,,1,2026-08-31 02:12:00";;;;;;;
"3130,518,5,doctor,""That could be normal, but let's schedule a check-up to be safe."",voice,https://cdn.example.md/uploads/msg_3130.mp3,0,2026-08-31 05:07:00";;;;;;;
3131,518,5,doctor,Take one tablet twice a day after meals.,text,,1,2026-08-31 06:25:00;;;;;;;
3132,518,342,patient,Is it okay to take this medication with food?,text,,1,2026-08-31 08:08:00;;;;;;;
3133,518,342,patient,Is it okay to take this medication with food?,image,https://cdn.example.md/uploads/msg_3133.jpg,1,2026-08-31 10:43:00;;;;;;;
3134,518,5,doctor,Let's plan a follow-up in two weeks.,voice,https://cdn.example.md/uploads/msg_3134.mp3,0,2026-08-31 11:03:00;;;;;;;
"3135,519,32,doctor,""Thanks, I'll review the results and get back to you shortly."",text,,0,2026-08-17 02:08:00";;;;;;;
3136,519,123,patient,Can we reschedule my next appointment?,text,,1,2026-08-17 02:44:00;;;;;;;
3137,519,123,patient,Could you clarify the dosage instructions?,text,,0,2026-08-17 03:57:00;;;;;;;
3138,519,123,patient,When should I come back for a follow-up?,file,https://cdn.example.md/uploads/msg_3138.pdf,1,2026-08-17 05:56:00;;;;;;;
3139,520,300,patient,Is this side effect normal?,voice,https://cdn.example.md/uploads/msg_3139.mp3,1,2026-08-12 00:59:00;;;;;;;
3140,520,300,patient,Could you clarify the dosage instructions?,image,https://cdn.example.md/uploads/msg_3140.jpg,1,2026-08-12 02:20:00;;;;;;;
"3141,520,36,doctor,""Thanks, I'll review the results and get back to you shortly."",image,https://cdn.example.md/uploads/msg_3141.jpg,1,2026-08-12 03:50:00";;;;;;;
"3142,520,300,patient,""I've been feeling better since the last visit, thank you."",file,https://cdn.example.md/uploads/msg_3142.pdf,0,2026-08-12 06:25:00";;;;;;;
"3143,520,36,doctor,""You're welcome, take care and reach out if anything changes."",file,https://cdn.example.md/uploads/msg_3143.pdf,1,2026-08-12 09:19:00";;;;;;;
"3144,520,36,doctor,""That's good to hear, keep up with the treatment plan."",text,,1,2026-08-12 10:32:00";;;;;;;
"3145,521,37,doctor,""Thanks, I'll review the results and get back to you shortly."",file,https://cdn.example.md/uploads/msg_3145.pdf,1,2026-08-30 02:53:00";;;;;;;
"3146,521,37,doctor,""Sure, I can move it to next week. What day works for you?"",file,https://cdn.example.md/uploads/msg_3146.pdf,1,2026-08-30 05:07:00";;;;;;;
3147,521,159,patient,Thank you for the consultation today.,text,,0,2026-08-30 07:21:00;;;;;;;
"3148,521,159,patient,""I uploaded my lab results, please check when you can."",text,,1,2026-08-30 09:06:00";;;;;;;
"3149,521,159,patient,""I've been feeling better since the last visit, thank you."",voice,https://cdn.example.md/uploads/msg_3149.mp3,0,2026-08-30 09:41:00";;;;;;;
3150,521,37,doctor,Please continue the medication as prescribed and monitor for changes.,image,https://cdn.example.md/uploads/msg_3150.jpg,1,2026-08-30 11:21:00;;;;;;;
3151,522,290,patient,Can we reschedule my next appointment?,text,,1,2026-08-12 01:44:00;;;;;;;
3152,522,290,patient,Thank you for the consultation today.,text,,1,2026-08-12 04:12:00;;;;;;;
"3153,522,290,patient,""I've been feeling better since the last visit, thank you."",file,https://cdn.example.md/uploads/msg_3153.pdf,0,2026-08-12 06:07:00";;;;;;;
3154,522,290,patient,Thank you for the consultation today.,text,,1,2026-08-12 08:06:00;;;;;;;
3155,522,290,patient,Thank you for the consultation today.,text,,1,2026-08-12 10:29:00;;;;;;;
"3156,522,12,doctor,""Thanks, I'll review the results and get back to you shortly."",file,https://cdn.example.md/uploads/msg_3156.pdf,0,2026-08-12 10:44:00";;;;;;;
"3157,522,12,doctor,""You're welcome, take care and reach out if anything changes."",text,,0,2026-08-12 12:38:00";;;;;;;
"3158,522,12,doctor,""Thanks, I'll review the results and get back to you shortly."",voice,https://cdn.example.md/uploads/msg_3158.mp3,1,2026-08-12 13:18:00";;;;;;;
"3159,523,40,doctor,""That's good to hear, keep up with the treatment plan."",text,,1,2026-08-20 02:07:00";;;;;;;
"3160,523,335,patient,""Hello doctor, I wanted to ask about my recent symptoms."",file,https://cdn.example.md/uploads/msg_3160.pdf,1,2026-08-20 04:37:00";;;;;;;
3161,523,335,patient,Can we reschedule my next appointment?,image,https://cdn.example.md/uploads/msg_3161.jpg,0,2026-08-20 07:25:00;;;;;;;
3162,523,335,patient,Is this side effect normal?,file,https://cdn.example.md/uploads/msg_3162.pdf,1,2026-08-20 08:49:00;;;;;;;
3163,523,335,patient,Can we reschedule my next appointment?,text,,0,2026-08-20 08:56:00;;;;;;;
"3164,524,114,patient,""Hello doctor, I wanted to ask about my recent symptoms."",voice,https://cdn.example.md/uploads/msg_3164.mp3,1,2026-08-20 01:02:00";;;;;;;
3165,524,114,patient,Is this side effect normal?,text,,1,2026-08-20 02:38:00;;;;;;;
3166,524,114,patient,Could you clarify the dosage instructions?,voice,https://cdn.example.md/uploads/msg_3166.mp3,1,2026-08-20 03:18:00;;;;;;;
"3167,524,13,doctor,""That side effect can occur, but let me know if it worsens."",text,,0,2026-08-20 05:44:00";;;;;;;
"3168,524,13,doctor,""Hello, thanks for reaching out. Let's review your symptoms."",text,,1,2026-08-20 07:12:00";;;;;;;
"3169,524,13,doctor,""That's good to hear, keep up with the treatment plan."",text,,1,2026-08-20 09:34:00";;;;;;;
3170,524,13,doctor,Take one tablet twice a day after meals.,voice,https://cdn.example.md/uploads/msg_3170.mp3,1,2026-08-20 10:32:00;;;;;;;
"3171,525,17,patient,""I still have some pain, should I be concerned?"",text,,1,2026-08-20 02:59:00";;;;;;;
"3172,525,9,doctor,""That's good to hear, keep up with the treatment plan."",text,,1,2026-08-20 03:30:00";;;;;;;
"3173,525,9,doctor,""That could be normal, but let's schedule a check-up to be safe."",image,https://cdn.example.md/uploads/msg_3173.jpg,1,2026-08-20 04:14:00";;;;;;;
3174,525,9,doctor,Let's plan a follow-up in two weeks.,text,,1,2026-08-20 05:57:00;;;;;;;
3175,525,9,doctor,Take one tablet twice a day after meals.,voice,https://cdn.example.md/uploads/msg_3175.mp3,1,2026-08-20 08:52:00;;;;;;;
3176,525,17,patient,Could you clarify the dosage instructions?,text,,1,2026-08-20 10:12:00;;;;;;;
"3177,526,58,patient,""I still have some pain, should I be concerned?"",voice,https://cdn.example.md/uploads/msg_3177.mp3,1,2026-08-20 02:51:00";;;;;;;
3178,526,13,doctor,Please continue the medication as prescribed and monitor for changes.,image,https://cdn.example.md/uploads/msg_3178.jpg,1,2026-08-20 04:11:00;;;;;;;
3179,526,58,patient,When should I come back for a follow-up?,image,https://cdn.example.md/uploads/msg_3179.jpg,1,2026-08-20 07:10:00;;;;;;;
3180,526,58,patient,Thank you for the consultation today.,image,https://cdn.example.md/uploads/msg_3180.jpg,1,2026-08-20 09:52:00;;;;;;;
"3181,527,27,doctor,""Sure, I can move it to next week. What day works for you?"",text,,0,2026-08-20 00:26:00";;;;;;;
"3182,527,27,doctor,""That's good to hear, keep up with the treatment plan."",text,,1,2026-08-20 02:34:00";;;;;;;
3183,527,27,doctor,Please continue the medication as prescribed and monitor for changes.,text,,1,2026-08-20 03:14:00;;;;;;;
3184,527,323,patient,Can we reschedule my next appointment?,image,https://cdn.example.md/uploads/msg_3184.jpg,0,2026-08-20 03:58:00;;;;;;;
3185,527,323,patient,Is this side effect normal?,voice,https://cdn.example.md/uploads/msg_3185.mp3,1,2026-08-20 04:05:00;;;;;;;
"3186,528,17,doctor,""That could be normal, but let's schedule a check-up to be safe."",text,,1,2026-08-30 01:45:00";;;;;;;
3187,528,17,doctor,Let's plan a follow-up in two weeks.,text,,1,2026-08-30 04:43:00;;;;;;;
"3188,528,56,patient,""I've been feeling better since the last visit, thank you."",text,,1,2026-08-30 04:51:00";;;;;;;
"3189,528,56,patient,""I uploaded my lab results, please check when you can."",text,,1,2026-08-30 06:13:00";;;;;;;
3190,528,17,doctor,Let's plan a follow-up in two weeks.,text,,1,2026-08-30 08:00:00;;;;;;;
"3191,528,17,doctor,""Hello, thanks for reaching out. Let's review your symptoms."",text,,1,2026-08-30 10:58:00";;;;;;;
"3192,529,80,patient,""I've been feeling better since the last visit, thank you."",voice,https://cdn.example.md/uploads/msg_3192.mp3,1,2026-08-16 00:10:00";;;;;;;
3193,529,80,patient,When should I come back for a follow-up?,voice,https://cdn.example.md/uploads/msg_3193.mp3,0,2026-08-16 01:09:00;;;;;;;
3194,529,80,patient,When should I come back for a follow-up?,voice,https://cdn.example.md/uploads/msg_3194.mp3,1,2026-08-16 03:07:00;;;;;;;
3195,529,80,patient,Is it okay to take this medication with food?,text,,0,2026-08-16 05:22:00;;;;;;;
3196,529,80,patient,Is it okay to take this medication with food?,text,,1,2026-08-16 06:18:00;;;;;;;
"3197,529,20,doctor,""Sure, I can move it to next week. What day works for you?"",text,,1,2026-08-16 06:57:00";;;;;;;
3198,529,80,patient,Thank you for the consultation today.,text,,1,2026-08-16 09:49:00;;;;;;;
"3199,529,80,patient,""Hello doctor, I wanted to ask about my recent symptoms."",image,https://cdn.example.md/uploads/msg_3199.jpg,1,2026-08-16 12:38:00";;;;;;;
3200,530,357,patient,Is this side effect normal?,text,,1,2026-08-18 02:36:00;;;;;;;
3201,530,357,patient,Can we reschedule my next appointment?,file,https://cdn.example.md/uploads/msg_3201.pdf,1,2026-08-18 04:39:00;;;;;;;
"3202,530,357,patient,""I still have some pain, should I be concerned?"",text,,1,2026-08-18 05:59:00";;;;;;;
"3203,530,30,doctor,""That's good to hear, keep up with the treatment plan."",image,https://cdn.example.md/uploads/msg_3203.jpg,0,2026-08-18 06:33:00";;;;;;;
3204,530,357,patient,Is this side effect normal?,text,,1,2026-08-18 06:52:00;;;;;;;
3205,531,221,patient,Can we reschedule my next appointment?,file,https://cdn.example.md/uploads/msg_3205.pdf,1,2026-08-23 01:17:00;;;;;;;
3206,531,24,doctor,Let's plan a follow-up in two weeks.,text,,0,2026-08-23 01:47:00;;;;;;;
"3207,531,221,patient,""I've been feeling better since the last visit, thank you."",text,,0,2026-08-23 04:43:00";;;;;;;
"3208,531,24,doctor,""That side effect can occur, but let me know if it worsens."",text,,1,2026-08-23 04:45:00";;;;;;;
"3209,531,221,patient,""I still have some pain, should I be concerned?"",file,https://cdn.example.md/uploads/msg_3209.pdf,0,2026-08-23 05:33:00";;;;;;;
"3210,531,221,patient,""I've been feeling better since the last visit, thank you."",text,,1,2026-08-23 08:15:00";;;;;;;
"3211,531,24,doctor,""That side effect can occur, but let me know if it worsens."",voice,https://cdn.example.md/uploads/msg_3211.mp3,0,2026-08-23 09:30:00";;;;;;;
"3212,531,24,doctor,""That side effect can occur, but let me know if it worsens."",text,,1,2026-08-23 11:18:00";;;;;;;
"3213,532,2,doctor,""You're welcome, take care and reach out if anything changes."",file,https://cdn.example.md/uploads/msg_3213.pdf,1,2026-08-19 01:52:00";;;;;;;
"3214,532,2,doctor,""That could be normal, but let's schedule a check-up to be safe."",text,,0,2026-08-19 03:01:00";;;;;;;
"3215,532,2,doctor,""That side effect can occur, but let me know if it worsens."",text,,1,2026-08-19 04:57:00";;;;;;;
3216,532,2,doctor,Take one tablet twice a day after meals.,text,,1,2026-08-19 07:51:00;;;;;;;
"3217,532,2,doctor,""Thanks, I'll review the results and get back to you shortly."",voice,https://cdn.example.md/uploads/msg_3217.mp3,0,2026-08-19 09:27:00";;;;;;;
"3218,533,30,doctor,""Sure, I can move it to next week. What day works for you?"",text,,1,2026-08-28 00:20:00";;;;;;;
3219,533,30,doctor,Take one tablet twice a day after meals.,voice,https://cdn.example.md/uploads/msg_3219.mp3,1,2026-08-28 02:38:00;;;;;;;
3220,533,269,patient,Thank you for the consultation today.,text,,0,2026-08-28 03:02:00;;;;;;;
"3221,533,269,patient,""Hello doctor, I wanted to ask about my recent symptoms."",text,,1,2026-08-28 05:03:00";;;;;;;
3222,533,269,patient,When should I come back for a follow-up?,file,https://cdn.example.md/uploads/msg_3222.pdf,1,2026-08-28 05:17:00;;;;;;;
"3223,533,269,patient,""I uploaded my lab results, please check when you can."",file,https://cdn.example.md/uploads/msg_3223.pdf,1,2026-08-28 06:33:00";;;;;;;
3224,534,24,doctor,Let's plan a follow-up in two weeks.,text,,1,2026-08-16 00:29:00;;;;;;;
3225,534,136,patient,Is it okay to take this medication with food?,text,,1,2026-08-16 02:42:00;;;;;;;
"3226,534,24,doctor,""Thanks, I'll review the results and get back to you shortly."",voice,https://cdn.example.md/uploads/msg_3226.mp3,1,2026-08-16 04:53:00";;;;;;;
3227,534,136,patient,Is it okay to take this medication with food?,text,,1,2026-08-16 06:16:00;;;;;;;
3228,534,24,doctor,Let's plan a follow-up in two weeks.,voice,https://cdn.example.md/uploads/msg_3228.mp3,1,2026-08-16 06:33:00;;;;;;;
"3229,534,24,doctor,""That's good to hear, keep up with the treatment plan."",text,,1,2026-08-16 07:50:00";;;;;;;
"3230,535,324,patient,""I still have some pain, should I be concerned?"",text,,1,2026-08-13 00:21:00";;;;;;;
"3231,535,35,doctor,""Thanks, I'll review the results and get back to you shortly."",text,,1,2026-08-13 01:08:00";;;;;;;
"3232,535,35,doctor,""Thanks, I'll review the results and get back to you shortly."",text,,1,2026-08-13 02:16:00";;;;;;;
3233,535,35,doctor,Let's plan a follow-up in two weeks.,file,https://cdn.example.md/uploads/msg_3233.pdf,1,2026-08-13 04:00:00;;;;;;;
"3234,535,35,doctor,""Hello, thanks for reaching out. Let's review your symptoms."",text,,1,2026-08-13 04:49:00";;;;;;;
3235,536,247,patient,Is this side effect normal?,text,,0,2026-08-23 02:18:00;;;;;;;
3236,536,247,patient,Could you clarify the dosage instructions?,text,,1,2026-08-23 03:12:00;;;;;;;
"3237,536,29,doctor,""That side effect can occur, but let me know if it worsens."",text,,1,2026-08-23 04:47:00";;;;;;;
3238,536,247,patient,Can we reschedule my next appointment?,voice,https://cdn.example.md/uploads/msg_3238.mp3,1,2026-08-23 06:55:00;;;;;;;
"3239,536,29,doctor,""Sure, I can move it to next week. What day works for you?"",file,https://cdn.example.md/uploads/msg_3239.pdf,1,2026-08-23 07:11:00";;;;;;;
3240,537,16,doctor,Let's plan a follow-up in two weeks.,text,,1,2026-08-12 01:59:00;;;;;;;
"3241,537,199,patient,""I still have some pain, should I be concerned?"",text,,1,2026-08-12 03:36:00";;;;;;;
3242,537,199,patient,Is this side effect normal?,file,https://cdn.example.md/uploads/msg_3242.pdf,1,2026-08-12 06:03:00;;;;;;;
3243,537,199,patient,Is this side effect normal?,text,,1,2026-08-12 07:39:00;;;;;;;
3244,537,199,patient,Is it okay to take this medication with food?,text,,0,2026-08-12 09:21:00;;;;;;;
3245,537,199,patient,Is this side effect normal?,text,,1,2026-08-12 10:23:00;;;;;;;
"3246,538,15,doctor,""You're welcome, take care and reach out if anything changes."",text,,1,2026-08-14 00:11:00";;;;;;;
3247,538,309,patient,When should I come back for a follow-up?,text,,0,2026-08-14 00:30:00;;;;;;;
3248,538,309,patient,Can we reschedule my next appointment?,text,,1,2026-08-14 02:28:00;;;;;;;
3249,538,309,patient,Is this side effect normal?,image,https://cdn.example.md/uploads/msg_3249.jpg,1,2026-08-14 04:10:00;;;;;;;
"3250,538,15,doctor,""You're welcome, take care and reach out if anything changes."",image,https://cdn.example.md/uploads/msg_3250.jpg,1,2026-08-14 05:58:00";;;;;;;
3251,538,309,patient,Is it okay to take this medication with food?,image,https://cdn.example.md/uploads/msg_3251.jpg,0,2026-08-14 07:27:00;;;;;;;
"3252,538,309,patient,""I uploaded my lab results, please check when you can."",text,,1,2026-08-14 10:18:00";;;;;;;
3253,539,33,patient,Is this side effect normal?,text,,1,2026-08-20 00:28:00;;;;;;;
"3254,539,17,doctor,""Thanks, I'll review the results and get back to you shortly."",text,,0,2026-08-20 01:48:00";;;;;;;
3255,539,17,doctor,Let's plan a follow-up in two weeks.,text,,1,2026-08-20 02:53:00;;;;;;;
"3256,539,33,patient,""Hello doctor, I wanted to ask about my recent symptoms."",image,https://cdn.example.md/uploads/msg_3256.jpg,0,2026-08-20 03:43:00";;;;;;;
3257,539,33,patient,Is this side effect normal?,voice,https://cdn.example.md/uploads/msg_3257.mp3,0,2026-08-20 05:56:00;;;;;;;
"3258,539,17,doctor,""That could be normal, but let's schedule a check-up to be safe."",text,,1,2026-08-20 07:07:00";;;;;;;
"3259,540,159,patient,""Hello doctor, I wanted to ask about my recent symptoms."",text,,1,2026-08-30 01:58:00";;;;;;;
3260,540,25,doctor,Let's plan a follow-up in two weeks.,text,,1,2026-08-30 03:43:00;;;;;;;
"3261,540,159,patient,""Hello doctor, I wanted to ask about my recent symptoms."",text,,0,2026-08-30 04:54:00";;;;;;;
"3262,540,25,doctor,""That side effect can occur, but let me know if it worsens."",file,https://cdn.example.md/uploads/msg_3262.pdf,1,2026-08-30 07:49:00";;;;;;;
3263,540,159,patient,Can we reschedule my next appointment?,text,,1,2026-08-30 09:53:00;;;;;;;
"3264,541,179,patient,""I uploaded my lab results, please check when you can."",text,,0,2026-08-29 00:06:00";;;;;;;
3265,541,7,doctor,Take one tablet twice a day after meals.,text,,0,2026-08-29 02:57:00;;;;;;;
3266,541,7,doctor,Please continue the medication as prescribed and monitor for changes.,text,,0,2026-08-29 05:29:00;;;;;;;
"3267,541,7,doctor,""Thanks, I'll review the results and get back to you shortly."",text,,1,2026-08-29 07:45:00";;;;;;;
3268,542,134,patient,Is it okay to take this medication with food?,text,,1,2026-08-25 01:47:00;;;;;;;
"3269,542,36,doctor,""That side effect can occur, but let me know if it worsens."",text,,1,2026-08-25 02:55:00";;;;;;;
"3270,542,36,doctor,""That's good to hear, keep up with the treatment plan."",text,,1,2026-08-25 05:15:00";;;;;;;
"3271,542,36,doctor,""Sure, I can move it to next week. What day works for you?"",file,https://cdn.example.md/uploads/msg_3271.pdf,1,2026-08-25 07:49:00";;;;;;;
3272,542,134,patient,Is it okay to take this medication with food?,text,,1,2026-08-25 09:20:00;;;;;;;
3273,543,7,doctor,Let's plan a follow-up in two weeks.,file,https://cdn.example.md/uploads/msg_3273.pdf,1,2026-08-17 01:17:00;;;;;;;
3274,543,10,patient,Can we reschedule my next appointment?,text,,1,2026-08-17 02:16:00;;;;;;;
"3275,543,7,doctor,""Sure, I can move it to next week. What day works for you?"",text,,1,2026-08-17 02:20:00";;;;;;;
3276,543,10,patient,Is this side effect normal?,text,,1,2026-08-17 04:41:00;;;;;;;
3277,543,10,patient,Is it okay to take this medication with food?,file,https://cdn.example.md/uploads/msg_3277.pdf,1,2026-08-17 05:24:00;;;;;;;
3278,543,10,patient,When should I come back for a follow-up?,text,,0,2026-08-17 06:27:00;;;;;;;
3279,544,294,patient,Could you clarify the dosage instructions?,text,,1,2026-08-15 02:19:00;;;;;;;
"3280,544,36,doctor,""You're welcome, take care and reach out if anything changes."",text,,1,2026-08-15 02:41:00";;;;;;;
"3281,544,294,patient,""I've been feeling better since the last visit, thank you."",voice,https://cdn.example.md/uploads/msg_3281.mp3,1,2026-08-15 03:36:00";;;;;;;
3282,544,294,patient,When should I come back for a follow-up?,text,,1,2026-08-15 05:39:00;;;;;;;
3283,544,36,doctor,Take one tablet twice a day after meals.,text,,1,2026-08-15 07:56:00;;;;;;;
"3284,544,36,doctor,""That's good to hear, keep up with the treatment plan."",text,,1,2026-08-15 09:51:00";;;;;;;
"3285,544,36,doctor,""You're welcome, take care and reach out if anything changes."",file,https://cdn.example.md/uploads/msg_3285.pdf,1,2026-08-15 10:55:00";;;;;;;
3286,544,36,doctor,Let's plan a follow-up in two weeks.,text,,1,2026-08-15 11:05:00;;;;;;;
"3287,545,8,doctor,""That side effect can occur, but let me know if it worsens."",text,,1,2026-08-24 02:39:00";;;;;;;
"3288,545,104,patient,""I've been feeling better since the last visit, thank you."",text,,1,2026-08-24 03:56:00";;;;;;;
3289,545,104,patient,When should I come back for a follow-up?,text,,0,2026-08-24 06:31:00;;;;;;;
3290,545,8,doctor,Let's plan a follow-up in two weeks.,text,,1,2026-08-24 09:26:00;;;;;;;
3291,545,104,patient,Is this side effect normal?,text,,1,2026-08-24 12:03:00;;;;;;;
"3292,545,8,doctor,""That's good to hear, keep up with the treatment plan."",text,,1,2026-08-24 13:06:00";;;;;;;
3293,545,104,patient,Is it okay to take this medication with food?,text,,1,2026-08-24 14:33:00;;;;;;;
3294,546,8,doctor,Please continue the medication as prescribed and monitor for changes.,text,,0,2026-08-18 01:52:00;;;;;;;
3295,546,228,patient,Is this side effect normal?,text,,1,2026-08-18 01:57:00;;;;;;;
"3296,546,228,patient,""I uploaded my lab results, please check when you can."",text,,0,2026-08-18 03:17:00";;;;;;;
3297,546,228,patient,When should I come back for a follow-up?,text,,0,2026-08-18 03:19:00;;;;;;;
3298,546,228,patient,Thank you for the consultation today.,image,https://cdn.example.md/uploads/msg_3298.jpg,1,2026-08-18 06:01:00;;;;;;;
"3299,547,28,doctor,""That could be normal, but let's schedule a check-up to be safe."",text,,1,2026-08-16 00:50:00";;;;;;;
3300,547,28,doctor,Let's plan a follow-up in two weeks.,voice,https://cdn.example.md/uploads/msg_3300.mp3,1,2026-08-16 02:10:00;;;;;;;
"3301,547,28,doctor,""Hello, thanks for reaching out. Let's review your symptoms."",text,,1,2026-08-16 04:26:00";;;;;;;
"3302,547,215,patient,""I uploaded my lab results, please check when you can."",text,,1,2026-08-16 07:17:00";;;;;;;
"3303,547,28,doctor,""Hello, thanks for reaching out. Let's review your symptoms."",text,,1,2026-08-16 09:39:00";;;;;;;
3304,548,26,patient,When should I come back for a follow-up?,text,,1,2026-08-16 01:41:00;;;;;;;
"3305,548,26,patient,""I still have some pain, should I be concerned?"",image,https://cdn.example.md/uploads/msg_3305.jpg,1,2026-08-16 02:40:00";;;;;;;
3306,548,26,patient,When should I come back for a follow-up?,voice,https://cdn.example.md/uploads/msg_3306.mp3,1,2026-08-16 03:41:00;;;;;;;
"3307,548,26,patient,""I still have some pain, should I be concerned?"",image,https://cdn.example.md/uploads/msg_3307.jpg,0,2026-08-16 06:17:00";;;;;;;
3308,548,26,patient,When should I come back for a follow-up?,voice,https://cdn.example.md/uploads/msg_3308.mp3,0,2026-08-16 08:55:00;;;;;;;
"3309,548,22,doctor,""Hello, thanks for reaching out. Let's review your symptoms."",text,,1,2026-08-16 09:59:00";;;;;;;
"3310,549,285,patient,""I uploaded my lab results, please check when you can."",image,https://cdn.example.md/uploads/msg_3310.jpg,1,2026-08-23 00:12:00";;;;;;;
"3311,549,26,doctor,""You're welcome, take care and reach out if anything changes."",file,https://cdn.example.md/uploads/msg_3311.pdf,1,2026-08-23 01:29:00";;;;;;;
3312,549,285,patient,Could you clarify the dosage instructions?,voice,https://cdn.example.md/uploads/msg_3312.mp3,1,2026-08-23 04:15:00;;;;;;;
"3313,549,26,doctor,""Thanks, I'll review the results and get back to you shortly."",voice,https://cdn.example.md/uploads/msg_3313.mp3,1,2026-08-23 05:14:00";;;;;;;
"3314,549,285,patient,""Hello doctor, I wanted to ask about my recent symptoms."",voice,https://cdn.example.md/uploads/msg_3314.mp3,1,2026-08-23 07:51:00";;;;;;;
3315,549,285,patient,Can we reschedule my next appointment?,text,,1,2026-08-23 10:08:00;;;;;;;
3316,549,285,patient,Can we reschedule my next appointment?,file,https://cdn.example.md/uploads/msg_3316.pdf,1,2026-08-23 10:11:00;;;;;;;
3317,549,26,doctor,Take one tablet twice a day after meals.,file,https://cdn.example.md/uploads/msg_3317.pdf,1,2026-08-23 12:03:00;;;;;;;
"3318,550,246,patient,""I've been feeling better since the last visit, thank you."",file,https://cdn.example.md/uploads/msg_3318.pdf,0,2026-08-14 01:50:00";;;;;;;
3319,550,33,doctor,Take one tablet twice a day after meals.,image,https://cdn.example.md/uploads/msg_3319.jpg,1,2026-08-14 04:05:00;;;;;;;
"3320,550,246,patient,""I've been feeling better since the last visit, thank you."",text,,1,2026-08-14 06:15:00";;;;;;;
"3321,550,246,patient,""I've been feeling better since the last visit, thank you."",text,,1,2026-08-14 08:14:00";;;;;;;
3322,550,246,patient,Could you clarify the dosage instructions?,text,,1,2026-08-14 09:06:00;;;;;;;
"3323,550,33,doctor,""That could be normal, but let's schedule a check-up to be safe."",file,https://cdn.example.md/uploads/msg_3323.pdf,1,2026-08-14 11:19:00";;;;;;;
3324,550,33,doctor,Take one tablet twice a day after meals.,file,https://cdn.example.md/uploads/msg_3324.pdf,1,2026-08-14 13:59:00;;;;;;;
"3325,550,33,doctor,""Sure, I can move it to next week. What day works for you?"",text,,0,2026-08-14 14:32:00";;;;;;;
"3326,551,216,patient,""I uploaded my lab results, please check when you can."",voice,https://cdn.example.md/uploads/msg_3326.mp3,0,2026-08-20 01:51:00";;;;;;;
3327,551,1,doctor,Take one tablet twice a day after meals.,text,,1,2026-08-20 03:24:00;;;;;;;
"3328,551,1,doctor,""That could be normal, but let's schedule a check-up to be safe."",text,,1,2026-08-20 05:25:00";;;;;;;
3329,551,216,patient,When should I come back for a follow-up?,text,,1,2026-08-20 07:51:00;;;;;;;
3330,551,1,doctor,Let's plan a follow-up in two weeks.,text,,1,2026-08-20 07:55:00;;;;;;;
"3331,551,1,doctor,""Thanks, I'll review the results and get back to you shortly."",text,,1,2026-08-20 09:28:00";;;;;;;
3332,551,1,doctor,Please continue the medication as prescribed and monitor for changes.,text,,1,2026-08-20 11:33:00;;;;;;;
"3333,552,16,doctor,""Thanks, I'll review the results and get back to you shortly."",text,,1,2026-08-26 00:13:00";;;;;;;
3334,552,16,doctor,Please continue the medication as prescribed and monitor for changes.,voice,https://cdn.example.md/uploads/msg_3334.mp3,1,2026-08-26 03:12:00;;;;;;;
"3335,552,16,doctor,""Sure, I can move it to next week. What day works for you?"",text,,1,2026-08-26 05:53:00";;;;;;;
3336,552,73,patient,Thank you for the consultation today.,text,,1,2026-08-26 07:07:00;;;;;;;
"3337,552,73,patient,""I still have some pain, should I be concerned?"",voice,https://cdn.example.md/uploads/msg_3337.mp3,1,2026-08-26 07:37:00";;;;;;;
"3338,552,73,patient,""Hello doctor, I wanted to ask about my recent symptoms."",image,https://cdn.example.md/uploads/msg_3338.jpg,1,2026-08-26 08:52:00";;;;;;;
"3339,552,16,doctor,""Thanks, I'll review the results and get back to you shortly."",text,,1,2026-08-26 11:52:00";;;;;;;
3340,552,73,patient,Thank you for the consultation today.,text,,1,2026-08-26 14:12:00;;;;;;;
"3341,553,29,doctor,""Thanks, I'll review the results and get back to you shortly."",text,,1,2026-08-23 01:23:00";;;;;;;
"3342,553,29,doctor,""Thanks, I'll review the results and get back to you shortly."",file,https://cdn.example.md/uploads/msg_3342.pdf,1,2026-08-23 02:14:00";;;;;;;
3343,553,29,doctor,Let's plan a follow-up in two weeks.,text,,1,2026-08-23 04:53:00;;;;;;;
"3344,553,391,patient,""I've been feeling better since the last visit, thank you."",file,https://cdn.example.md/uploads/msg_3344.pdf,1,2026-08-23 06:02:00";;;;;;;
"3345,554,20,patient,""I still have some pain, should I be concerned?"",text,,0,2026-08-15 00:31:00";;;;;;;
"3346,554,20,patient,""I uploaded my lab results, please check when you can."",text,,1,2026-08-15 03:31:00";;;;;;;
3347,554,16,doctor,Let's plan a follow-up in two weeks.,image,https://cdn.example.md/uploads/msg_3347.jpg,1,2026-08-15 05:12:00;;;;;;;
"3348,554,16,doctor,""Thanks, I'll review the results and get back to you shortly."",file,https://cdn.example.md/uploads/msg_3348.pdf,0,2026-08-15 06:42:00";;;;;;;
3349,554,20,patient,Can we reschedule my next appointment?,file,https://cdn.example.md/uploads/msg_3349.pdf,0,2026-08-15 07:18:00;;;;;;;
"3350,554,20,patient,""I've been feeling better since the last visit, thank you."",text,,1,2026-08-15 08:57:00";;;;;;;
3351,554,20,patient,Could you clarify the dosage instructions?,image,https://cdn.example.md/uploads/msg_3351.jpg,0,2026-08-15 10:31:00;;;;;;;
"3352,554,16,doctor,""Thanks, I'll review the results and get back to you shortly."",voice,https://cdn.example.md/uploads/msg_3352.mp3,1,2026-08-15 12:43:00";;;;;;;
3353,555,22,doctor,Please continue the medication as prescribed and monitor for changes.,voice,https://cdn.example.md/uploads/msg_3353.mp3,1,2026-08-22 02:19:00;;;;;;;
"3354,555,22,doctor,""That side effect can occur, but let me know if it worsens."",text,,0,2026-08-22 02:31:00";;;;;;;
"3355,555,22,doctor,""Sure, I can move it to next week. What day works for you?"",text,,0,2026-08-22 04:25:00";;;;;;;
"3356,555,22,doctor,""Thanks, I'll review the results and get back to you shortly."",text,,1,2026-08-22 06:37:00";;;;;;;
"3357,555,22,doctor,""That could be normal, but let's schedule a check-up to be safe."",voice,https://cdn.example.md/uploads/msg_3357.mp3,0,2026-08-22 07:22:00";;;;;;;
3358,555,22,doctor,Take one tablet twice a day after meals.,file,https://cdn.example.md/uploads/msg_3358.pdf,1,2026-08-22 09:19:00;;;;;;;
"3359,555,22,doctor,""Sure, I can move it to next week. What day works for you?"",image,https://cdn.example.md/uploads/msg_3359.jpg,0,2026-08-22 10:05:00";;;;;;;
3360,555,315,patient,When should I come back for a follow-up?,text,,1,2026-08-22 11:06:00;;;;;;;
"3361,556,31,doctor,""Thanks, I'll review the results and get back to you shortly."",image,https://cdn.example.md/uploads/msg_3361.jpg,0,2026-08-13 02:54:00";;;;;;;
"3362,556,31,doctor,""Hello, thanks for reaching out. Let's review your symptoms."",file,https://cdn.example.md/uploads/msg_3362.pdf,1,2026-08-13 04:40:00";;;;;;;
3363,556,300,patient,Can we reschedule my next appointment?,text,,1,2026-08-13 05:16:00;;;;;;;
3364,556,31,doctor,Please continue the medication as prescribed and monitor for changes.,text,,1,2026-08-13 07:06:00;;;;;;;
3365,556,300,patient,Can we reschedule my next appointment?,text,,1,2026-08-13 08:06:00;;;;;;;
"3366,556,31,doctor,""That side effect can occur, but let me know if it worsens."",text,,0,2026-08-13 09:19:00";;;;;;;
3367,556,31,doctor,Please continue the medication as prescribed and monitor for changes.,image,https://cdn.example.md/uploads/msg_3367.jpg,1,2026-08-13 10:32:00;;;;;;;
"3368,556,31,doctor,""Sure, I can move it to next week. What day works for you?"",voice,https://cdn.example.md/uploads/msg_3368.mp3,0,2026-08-13 13:31:00";;;;;;;
"3369,557,363,patient,""I've been feeling better since the last visit, thank you."",file,https://cdn.example.md/uploads/msg_3369.pdf,1,2026-08-22 00:43:00";;;;;;;
3370,557,25,doctor,Please continue the medication as prescribed and monitor for changes.,voice,https://cdn.example.md/uploads/msg_3370.mp3,0,2026-08-22 01:06:00;;;;;;;
3371,557,363,patient,Is this side effect normal?,text,,1,2026-08-22 01:42:00;;;;;;;
"3372,557,25,doctor,""Thanks, I'll review the results and get back to you shortly."",text,,1,2026-08-22 02:10:00";;;;;;;
"3373,557,363,patient,""I've been feeling better since the last visit, thank you."",voice,https://cdn.example.md/uploads/msg_3373.mp3,1,2026-08-22 02:59:00";;;;;;;
"3374,558,27,doctor,""Hello, thanks for reaching out. Let's review your symptoms."",text,,1,2026-08-19 02:46:00";;;;;;;
3375,558,27,doctor,Take one tablet twice a day after meals.,text,,0,2026-08-19 04:11:00;;;;;;;
"3376,558,171,patient,""I uploaded my lab results, please check when you can."",file,https://cdn.example.md/uploads/msg_3376.pdf,1,2026-08-19 06:25:00";;;;;;;
"3377,558,171,patient,""I've been feeling better since the last visit, thank you."",text,,1,2026-08-19 06:49:00";;;;;;;
"3378,558,27,doctor,""That could be normal, but let's schedule a check-up to be safe."",text,,0,2026-08-19 08:51:00";;;;;;;
"3379,558,27,doctor,""You're welcome, take care and reach out if anything changes."",file,https://cdn.example.md/uploads/msg_3379.pdf,1,2026-08-19 11:46:00";;;;;;;
"3380,558,171,patient,""I uploaded my lab results, please check when you can."",voice,https://cdn.example.md/uploads/msg_3380.mp3,1,2026-08-19 12:18:00";;;;;;;
"3381,558,171,patient,""I've been feeling better since the last visit, thank you."",text,,0,2026-08-19 13:17:00";;;;;;;
"3382,559,296,patient,""I've been feeling better since the last visit, thank you."",voice,https://cdn.example.md/uploads/msg_3382.mp3,1,2026-08-25 02:36:00";;;;;;;
"3383,559,296,patient,""I still have some pain, should I be concerned?"",text,,0,2026-08-25 03:56:00";;;;;;;
"3384,559,6,doctor,""That's good to hear, keep up with the treatment plan."",text,,1,2026-08-25 06:03:00";;;;;;;
"3385,559,296,patient,""I've been feeling better since the last visit, thank you."",image,https://cdn.example.md/uploads/msg_3385.jpg,1,2026-08-25 07:42:00";;;;;;;
"3386,559,6,doctor,""That side effect can occur, but let me know if it worsens."",voice,https://cdn.example.md/uploads/msg_3386.mp3,1,2026-08-25 09:02:00";;;;;;;
"3387,559,296,patient,""I still have some pain, should I be concerned?"",text,,1,2026-08-25 09:37:00";;;;;;;
"3388,560,18,doctor,""Hello, thanks for reaching out. Let's review your symptoms."",file,https://cdn.example.md/uploads/msg_3388.pdf,0,2026-08-29 00:40:00";;;;;;;
"3389,560,235,patient,""I uploaded my lab results, please check when you can."",text,,1,2026-08-29 02:36:00";;;;;;;
"3390,560,18,doctor,""Thanks, I'll review the results and get back to you shortly."",text,,1,2026-08-29 02:56:00";;;;;;;
"3391,560,235,patient,""Hello doctor, I wanted to ask about my recent symptoms."",text,,1,2026-08-29 03:08:00";;;;;;;
"3392,560,18,doctor,""You're welcome, take care and reach out if anything changes."",text,,1,2026-08-29 04:40:00";;;;;;;
3393,560,235,patient,Thank you for the consultation today.,file,https://cdn.example.md/uploads/msg_3393.pdf,1,2026-08-29 06:33:00;;;;;;;
3394,560,18,doctor,Let's plan a follow-up in two weeks.,voice,https://cdn.example.md/uploads/msg_3394.mp3,1,2026-08-29 06:48:00;;;;;;;
3395,560,235,patient,Is it okay to take this medication with food?,text,,1,2026-08-29 07:04:00;;;;;;;
"3396,561,29,doctor,""Hello, thanks for reaching out. Let's review your symptoms."",image,https://cdn.example.md/uploads/msg_3396.jpg,1,2026-08-16 01:47:00";;;;;;;
"3397,561,87,patient,""I still have some pain, should I be concerned?"",text,,0,2026-08-16 04:45:00";;;;;;;
3398,561,87,patient,When should I come back for a follow-up?,text,,1,2026-08-16 06:51:00;;;;;;;
"3399,561,87,patient,""I've been feeling better since the last visit, thank you."",text,,1,2026-08-16 08:42:00";;;;;;;
3400,561,29,doctor,Please continue the medication as prescribed and monitor for changes.,file,https://cdn.example.md/uploads/msg_3400.pdf,1,2026-08-16 10:07:00;;;;;;;
3401,561,29,doctor,Take one tablet twice a day after meals.,text,,0,2026-08-16 11:35:00;;;;;;;
3402,561,87,patient,Thank you for the consultation today.,text,,1,2026-08-16 14:09:00;;;;;;;
3403,562,365,patient,Can we reschedule my next appointment?,text,,0,2026-08-19 01:42:00;;;;;;;
"3404,562,35,doctor,""You're welcome, take care and reach out if anything changes."",image,https://cdn.example.md/uploads/msg_3404.jpg,1,2026-08-19 02:55:00";;;;;;;
3405,562,365,patient,Could you clarify the dosage instructions?,text,,1,2026-08-19 05:20:00;;;;;;;
3406,562,365,patient,Is it okay to take this medication with food?,text,,1,2026-08-19 05:21:00;;;;;;;
3407,562,35,doctor,Take one tablet twice a day after meals.,voice,https://cdn.example.md/uploads/msg_3407.mp3,1,2026-08-19 07:10:00;;;;;;;
"3408,562,35,doctor,""Thanks, I'll review the results and get back to you shortly."",text,,1,2026-08-19 08:34:00";;;;;;;
3409,562,365,patient,Can we reschedule my next appointment?,image,https://cdn.example.md/uploads/msg_3409.jpg,1,2026-08-19 10:33:00;;;;;;;
"3410,563,340,patient,""Hello doctor, I wanted to ask about my recent symptoms."",text,,1,2026-08-30 02:46:00";;;;;;;
"3411,563,24,doctor,""Hello, thanks for reaching out. Let's review your symptoms."",voice,https://cdn.example.md/uploads/msg_3411.mp3,1,2026-08-30 03:00:00";;;;;;;
3412,563,340,patient,Could you clarify the dosage instructions?,text,,1,2026-08-30 05:58:00;;;;;;;
3413,563,340,patient,Thank you for the consultation today.,file,https://cdn.example.md/uploads/msg_3413.pdf,1,2026-08-30 06:05:00;;;;;;;
"3414,563,24,doctor,""That could be normal, but let's schedule a check-up to be safe."",text,,1,2026-08-30 08:17:00";;;;;;;
"3415,563,24,doctor,""Hello, thanks for reaching out. Let's review your symptoms."",voice,https://cdn.example.md/uploads/msg_3415.mp3,0,2026-08-30 11:03:00";;;;;;;
3416,563,340,patient,Thank you for the consultation today.,voice,https://cdn.example.md/uploads/msg_3416.mp3,1,2026-08-30 13:35:00;;;;;;;
"3417,564,1,doctor,""Sure, I can move it to next week. What day works for you?"",file,https://cdn.example.md/uploads/msg_3417.pdf,1,2026-08-26 02:27:00";;;;;;;
3418,564,173,patient,Thank you for the consultation today.,text,,1,2026-08-26 02:40:00;;;;;;;
3419,564,1,doctor,Let's plan a follow-up in two weeks.,text,,1,2026-08-26 02:56:00;;;;;;;
3420,564,1,doctor,Let's plan a follow-up in two weeks.,text,,1,2026-08-26 05:03:00;;;;;;;
3421,564,1,doctor,Please continue the medication as prescribed and monitor for changes.,text,,1,2026-08-26 05:14:00;;;;;;;
3422,565,386,patient,Is this side effect normal?,text,,1,2026-08-12 00:18:00;;;;;;;
"3423,565,386,patient,""I uploaded my lab results, please check when you can."",text,,1,2026-08-12 01:50:00";;;;;;;
"3424,565,13,doctor,""Hello, thanks for reaching out. Let's review your symptoms."",file,https://cdn.example.md/uploads/msg_3424.pdf,1,2026-08-12 04:33:00";;;;;;;
3425,565,13,doctor,Take one tablet twice a day after meals.,text,,0,2026-08-12 05:30:00;;;;;;;
3426,565,13,doctor,Please continue the medication as prescribed and monitor for changes.,text,,1,2026-08-12 06:39:00;;;;;;;
"3427,565,13,doctor,""That side effect can occur, but let me know if it worsens."",voice,https://cdn.example.md/uploads/msg_3427.mp3,1,2026-08-12 07:22:00";;;;;;;
"3428,565,386,patient,""I've been feeling better since the last visit, thank you."",text,,1,2026-08-12 07:55:00";;;;;;;
"3429,565,386,patient,""I've been feeling better since the last visit, thank you."",text,,1,2026-08-12 10:48:00";;;;;;;
3430,566,5,doctor,Please continue the medication as prescribed and monitor for changes.,image,https://cdn.example.md/uploads/msg_3430.jpg,1,2026-08-27 01:57:00;;;;;;;
"3431,566,5,doctor,""Thanks, I'll review the results and get back to you shortly."",text,,1,2026-08-27 04:55:00";;;;;;;
3432,566,5,doctor,Please continue the medication as prescribed and monitor for changes.,image,https://cdn.example.md/uploads/msg_3432.jpg,1,2026-08-27 07:45:00;;;;;;;
3433,566,142,patient,Is it okay to take this medication with food?,file,https://cdn.example.md/uploads/msg_3433.pdf,1,2026-08-27 10:17:00;;;;;;;
3434,566,142,patient,Can we reschedule my next appointment?,text,,1,2026-08-27 12:47:00;;;;;;;
"3435,566,5,doctor,""That side effect can occur, but let me know if it worsens."",voice,https://cdn.example.md/uploads/msg_3435.mp3,1,2026-08-27 13:57:00";;;;;;;
3436,567,21,doctor,Let's plan a follow-up in two weeks.,text,,1,2026-08-14 02:44:00;;;;;;;
"3437,567,21,doctor,""That could be normal, but let's schedule a check-up to be safe."",text,,1,2026-08-14 05:07:00";;;;;;;
"3438,567,21,doctor,""Thanks, I'll review the results and get back to you shortly."",text,,1,2026-08-14 05:24:00";;;;;;;
3439,567,21,doctor,Let's plan a follow-up in two weeks.,image,https://cdn.example.md/uploads/msg_3439.jpg,1,2026-08-14 06:44:00;;;;;;;
"3440,568,274,patient,""I uploaded my lab results, please check when you can."",text,,1,2026-08-27 02:06:00";;;;;;;
"3441,568,16,doctor,""That's good to hear, keep up with the treatment plan."",voice,https://cdn.example.md/uploads/msg_3441.mp3,0,2026-08-27 04:21:00";;;;;;;
3442,568,274,patient,Thank you for the consultation today.,text,,1,2026-08-27 07:12:00;;;;;;;
"3443,568,16,doctor,""Thanks, I'll review the results and get back to you shortly."",text,,1,2026-08-27 07:47:00";;;;;;;
"3444,569,187,patient,""I uploaded my lab results, please check when you can."",image,https://cdn.example.md/uploads/msg_3444.jpg,1,2026-08-17 02:31:00";;;;;;;
"3445,569,32,doctor,""That could be normal, but let's schedule a check-up to be safe."",text,,0,2026-08-17 05:26:00";;;;;;;
"3446,569,187,patient,""I still have some pain, should I be concerned?"",voice,https://cdn.example.md/uploads/msg_3446.mp3,1,2026-08-17 07:30:00";;;;;;;
"3447,569,32,doctor,""You're welcome, take care and reach out if anything changes."",file,https://cdn.example.md/uploads/msg_3447.pdf,1,2026-08-17 08:24:00";;;;;;;
3448,569,187,patient,Can we reschedule my next appointment?,text,,0,2026-08-17 10:12:00;;;;;;;
3449,570,16,doctor,Please continue the medication as prescribed and monitor for changes.,image,https://cdn.example.md/uploads/msg_3449.jpg,1,2026-08-25 00:51:00;;;;;;;
"3450,570,16,doctor,""That could be normal, but let's schedule a check-up to be safe."",text,,1,2026-08-25 01:07:00";;;;;;;
3451,570,288,patient,Could you clarify the dosage instructions?,text,,1,2026-08-25 02:22:00;;;;;;;
3452,570,288,patient,Could you clarify the dosage instructions?,text,,1,2026-08-25 04:22:00;;;;;;;
"3453,571,35,doctor,""Thanks, I'll review the results and get back to you shortly."",text,,1,2026-08-17 00:16:00";;;;;;;
"3454,571,31,patient,""I uploaded my lab results, please check when you can."",image,https://cdn.example.md/uploads/msg_3454.jpg,0,2026-08-17 01:05:00";;;;;;;
"3455,571,35,doctor,""That could be normal, but let's schedule a check-up to be safe."",file,https://cdn.example.md/uploads/msg_3455.pdf,1,2026-08-17 01:12:00";;;;;;;
"3456,571,31,patient,""I uploaded my lab results, please check when you can."",text,,1,2026-08-17 03:25:00";;;;;;;
3457,571,31,patient,Could you clarify the dosage instructions?,text,,1,2026-08-17 03:41:00;;;;;;;
3458,571,31,patient,When should I come back for a follow-up?,text,,1,2026-08-17 05:47:00;;;;;;;
3459,571,31,patient,Thank you for the consultation today.,voice,https://cdn.example.md/uploads/msg_3459.mp3,0,2026-08-17 07:55:00;;;;;;;
3460,571,31,patient,Is it okay to take this medication with food?,voice,https://cdn.example.md/uploads/msg_3460.mp3,0,2026-08-17 10:23:00;;;;;;;
3461,572,18,doctor,Take one tablet twice a day after meals.,file,https://cdn.example.md/uploads/msg_3461.pdf,1,2026-08-22 00:47:00;;;;;;;
3462,572,390,patient,Is this side effect normal?,text,,1,2026-08-22 00:58:00;;;;;;;
3463,572,390,patient,Can we reschedule my next appointment?,text,,1,2026-08-22 03:32:00;;;;;;;
"3464,572,18,doctor,""That's good to hear, keep up with the treatment plan."",text,,1,2026-08-22 05:00:00";;;;;;;
"3465,572,18,doctor,""Sure, I can move it to next week. What day works for you?"",file,https://cdn.example.md/uploads/msg_3465.pdf,0,2026-08-22 05:02:00";;;;;;;
3466,572,18,doctor,Take one tablet twice a day after meals.,text,,1,2026-08-22 07:13:00;;;;;;;
"3467,572,18,doctor,""Thanks, I'll review the results and get back to you shortly."",text,,1,2026-08-22 08:40:00";;;;;;;
3468,573,23,doctor,Please continue the medication as prescribed and monitor for changes.,file,https://cdn.example.md/uploads/msg_3468.pdf,1,2026-08-26 01:54:00;;;;;;;
"3469,573,195,patient,""Hello doctor, I wanted to ask about my recent symptoms."",text,,0,2026-08-26 04:22:00";;;;;;;
3470,573,23,doctor,Please continue the medication as prescribed and monitor for changes.,text,,1,2026-08-26 05:56:00;;;;;;;
"3471,573,195,patient,""Hello doctor, I wanted to ask about my recent symptoms."",text,,1,2026-08-26 08:21:00";;;;;;;
"3472,573,23,doctor,""That could be normal, but let's schedule a check-up to be safe."",voice,https://cdn.example.md/uploads/msg_3472.mp3,1,2026-08-26 08:22:00";;;;;;;
3473,574,47,patient,Can we reschedule my next appointment?,file,https://cdn.example.md/uploads/msg_3473.pdf,1,2026-08-12 00:37:00;;;;;;;
3474,574,47,patient,Is it okay to take this medication with food?,image,https://cdn.example.md/uploads/msg_3474.jpg,1,2026-08-12 01:17:00;;;;;;;
3475,574,47,patient,Can we reschedule my next appointment?,voice,https://cdn.example.md/uploads/msg_3475.mp3,1,2026-08-12 04:15:00;;;;;;;
3476,574,47,patient,When should I come back for a follow-up?,image,https://cdn.example.md/uploads/msg_3476.jpg,1,2026-08-12 04:22:00;;;;;;;
"3477,574,1,doctor,""Hello, thanks for reaching out. Let's review your symptoms."",file,https://cdn.example.md/uploads/msg_3477.pdf,1,2026-08-12 07:06:00";;;;;;;
"3478,574,1,doctor,""Thanks, I'll review the results and get back to you shortly."",text,,0,2026-08-12 08:39:00";;;;;;;
3479,574,47,patient,Can we reschedule my next appointment?,file,https://cdn.example.md/uploads/msg_3479.pdf,1,2026-08-12 11:05:00;;;;;;;
3480,574,47,patient,Is this side effect normal?,voice,https://cdn.example.md/uploads/msg_3480.mp3,1,2026-08-12 11:06:00;;;;;;;
"3481,575,195,patient,""I uploaded my lab results, please check when you can."",text,,1,2026-08-14 02:54:00";;;;;;;
"3482,575,195,patient,""I uploaded my lab results, please check when you can."",image,https://cdn.example.md/uploads/msg_3482.jpg,0,2026-08-14 03:10:00";;;;;;;
3483,575,195,patient,Thank you for the consultation today.,text,,1,2026-08-14 04:17:00;;;;;;;
"3484,575,195,patient,""I've been feeling better since the last visit, thank you."",text,,1,2026-08-14 04:29:00";;;;;;;
3485,575,195,patient,Is this side effect normal?,text,,1,2026-08-14 06:30:00;;;;;;;
3486,576,191,patient,Could you clarify the dosage instructions?,voice,https://cdn.example.md/uploads/msg_3486.mp3,1,2026-08-31 02:49:00;;;;;;;
"3487,576,21,doctor,""That's good to hear, keep up with the treatment plan."",text,,1,2026-08-31 04:05:00";;;;;;;
"3488,576,21,doctor,""Thanks, I'll review the results and get back to you shortly."",voice,https://cdn.example.md/uploads/msg_3488.mp3,1,2026-08-31 06:30:00";;;;;;;
"3489,576,21,doctor,""You're welcome, take care and reach out if anything changes."",voice,https://cdn.example.md/uploads/msg_3489.mp3,0,2026-08-31 09:21:00";;;;;;;
3490,576,191,patient,Is this side effect normal?,voice,https://cdn.example.md/uploads/msg_3490.mp3,1,2026-08-31 12:04:00;;;;;;;
3491,576,191,patient,Could you clarify the dosage instructions?,voice,https://cdn.example.md/uploads/msg_3491.mp3,1,2026-08-31 12:54:00;;;;;;;
3492,577,206,patient,Can we reschedule my next appointment?,text,,1,2026-08-20 02:32:00;;;;;;;
3493,577,206,patient,Is it okay to take this medication with food?,voice,https://cdn.example.md/uploads/msg_3493.mp3,0,2026-08-20 03:07:00;;;;;;;
"3494,577,206,patient,""I still have some pain, should I be concerned?"",file,https://cdn.example.md/uploads/msg_3494.pdf,0,2026-08-20 04:53:00";;;;;;;
3495,577,206,patient,When should I come back for a follow-up?,text,,0,2026-08-20 07:00:00;;;;;;;
"3496,578,10,doctor,""Sure, I can move it to next week. What day works for you?"",text,,0,2026-08-14 00:24:00";;;;;;;
"3497,578,10,doctor,""You're welcome, take care and reach out if anything changes."",text,,1,2026-08-14 02:26:00";;;;;;;
"3498,578,10,doctor,""That's good to hear, keep up with the treatment plan."",text,,1,2026-08-14 05:16:00";;;;;;;
3499,578,10,doctor,Let's plan a follow-up in two weeks.,file,https://cdn.example.md/uploads/msg_3499.pdf,1,2026-08-14 06:30:00;;;;;;;
3500,578,196,patient,Could you clarify the dosage instructions?,file,https://cdn.example.md/uploads/msg_3500.pdf,0,2026-08-14 08:56:00;;;;;;;
"3501,578,10,doctor,""That side effect can occur, but let me know if it worsens."",voice,https://cdn.example.md/uploads/msg_3501.mp3,1,2026-08-14 09:07:00";;;;;;;
"3502,578,196,patient,""I still have some pain, should I be concerned?"",text,,1,2026-08-14 09:29:00";;;;;;;
3503,579,33,doctor,Please continue the medication as prescribed and monitor for changes.,image,https://cdn.example.md/uploads/msg_3503.jpg,1,2026-08-21 01:53:00;;;;;;;
"3504,579,33,doctor,""That could be normal, but let's schedule a check-up to be safe."",voice,https://cdn.example.md/uploads/msg_3504.mp3,1,2026-08-21 02:10:00";;;;;;;
"3505,579,33,doctor,""Thanks, I'll review the results and get back to you shortly."",text,,0,2026-08-21 02:46:00";;;;;;;
3506,579,323,patient,Can we reschedule my next appointment?,voice,https://cdn.example.md/uploads/msg_3506.mp3,1,2026-08-21 03:14:00;;;;;;;
"3507,580,24,doctor,""Thanks, I'll review the results and get back to you shortly."",text,,1,2026-08-24 00:17:00";;;;;;;
3508,580,24,doctor,Take one tablet twice a day after meals.,text,,1,2026-08-24 02:39:00;;;;;;;
"3509,580,24,doctor,""Thanks, I'll review the results and get back to you shortly."",text,,1,2026-08-24 04:34:00";;;;;;;
3510,580,361,patient,When should I come back for a follow-up?,text,,0,2026-08-24 06:50:00;;;;;;;
"3511,580,24,doctor,""Thanks, I'll review the results and get back to you shortly."",file,https://cdn.example.md/uploads/msg_3511.pdf,0,2026-08-24 07:41:00";;;;;;;
"3512,581,35,doctor,""That's good to hear, keep up with the treatment plan."",text,,1,2026-08-19 02:57:00";;;;;;;
"3513,581,35,doctor,""That side effect can occur, but let me know if it worsens."",image,https://cdn.example.md/uploads/msg_3513.jpg,1,2026-08-19 03:45:00";;;;;;;
3514,581,173,patient,Thank you for the consultation today.,text,,1,2026-08-19 06:09:00;;;;;;;
"3515,581,35,doctor,""Hello, thanks for reaching out. Let's review your symptoms."",text,,0,2026-08-19 08:16:00";;;;;;;
"3516,581,173,patient,""I still have some pain, should I be concerned?"",voice,https://cdn.example.md/uploads/msg_3516.mp3,1,2026-08-19 11:15:00";;;;;;;
3517,581,173,patient,Could you clarify the dosage instructions?,image,https://cdn.example.md/uploads/msg_3517.jpg,1,2026-08-19 11:35:00;;;;;;;
3518,581,173,patient,Thank you for the consultation today.,image,https://cdn.example.md/uploads/msg_3518.jpg,1,2026-08-19 14:21:00;;;;;;;
3519,582,260,patient,Could you clarify the dosage instructions?,text,,1,2026-08-23 02:07:00;;;;;;;
3520,582,260,patient,Thank you for the consultation today.,image,https://cdn.example.md/uploads/msg_3520.jpg,1,2026-08-23 02:14:00;;;;;;;
3521,582,260,patient,When should I come back for a follow-up?,text,,0,2026-08-23 04:41:00;;;;;;;
"3522,582,25,doctor,""Hello, thanks for reaching out. Let's review your symptoms."",image,https://cdn.example.md/uploads/msg_3522.jpg,1,2026-08-23 07:21:00";;;;;;;
3523,582,25,doctor,Take one tablet twice a day after meals.,image,https://cdn.example.md/uploads/msg_3523.jpg,1,2026-08-23 09:24:00;;;;;;;
"3524,583,211,patient,""Hello doctor, I wanted to ask about my recent symptoms."",text,,1,2026-08-19 00:20:00";;;;;;;
"3525,583,18,doctor,""That could be normal, but let's schedule a check-up to be safe."",voice,https://cdn.example.md/uploads/msg_3525.mp3,1,2026-08-19 00:30:00";;;;;;;
3526,583,18,doctor,Let's plan a follow-up in two weeks.,text,,1,2026-08-19 02:12:00;;;;;;;
3527,583,211,patient,Thank you for the consultation today.,text,,1,2026-08-19 03:54:00;;;;;;;
"3528,583,18,doctor,""Thanks, I'll review the results and get back to you shortly."",text,,1,2026-08-19 05:42:00";;;;;;;
3529,583,211,patient,Can we reschedule my next appointment?,image,https://cdn.example.md/uploads/msg_3529.jpg,1,2026-08-19 08:21:00;;;;;;;
3530,583,18,doctor,Please continue the medication as prescribed and monitor for changes.,image,https://cdn.example.md/uploads/msg_3530.jpg,1,2026-08-19 08:50:00;;;;;;;
"3531,583,211,patient,""I've been feeling better since the last visit, thank you."",text,,1,2026-08-19 10:35:00";;;;;;;
"3532,584,20,doctor,""Hello, thanks for reaching out. Let's review your symptoms."",image,https://cdn.example.md/uploads/msg_3532.jpg,1,2026-08-14 01:44:00";;;;;;;
3533,584,331,patient,Thank you for the consultation today.,text,,1,2026-08-14 03:07:00;;;;;;;
"3534,584,20,doctor,""Sure, I can move it to next week. What day works for you?"",text,,1,2026-08-14 03:53:00";;;;;;;
3535,584,331,patient,Can we reschedule my next appointment?,file,https://cdn.example.md/uploads/msg_3535.pdf,1,2026-08-14 04:41:00;;;;;;;
"3536,584,331,patient,""Hello doctor, I wanted to ask about my recent symptoms."",voice,https://cdn.example.md/uploads/msg_3536.mp3,1,2026-08-14 05:29:00";;;;;;;
"3537,584,20,doctor,""Thanks, I'll review the results and get back to you shortly."",text,,1,2026-08-14 07:27:00";;;;;;;
3538,585,380,patient,Is this side effect normal?,text,,1,2026-08-24 00:13:00;;;;;;;
3539,585,14,doctor,Take one tablet twice a day after meals.,image,https://cdn.example.md/uploads/msg_3539.jpg,1,2026-08-24 03:08:00;;;;;;;
3540,585,380,patient,Is it okay to take this medication with food?,text,,0,2026-08-24 04:10:00;;;;;;;
"3541,585,14,doctor,""That could be normal, but let's schedule a check-up to be safe."",text,,1,2026-08-24 04:58:00";;;;;;;
3542,585,380,patient,Could you clarify the dosage instructions?,text,,1,2026-08-24 05:27:00;;;;;;;
3543,586,207,patient,Could you clarify the dosage instructions?,file,https://cdn.example.md/uploads/msg_3543.pdf,1,2026-08-31 01:38:00;;;;;;;
3544,586,16,doctor,Let's plan a follow-up in two weeks.,file,https://cdn.example.md/uploads/msg_3544.pdf,0,2026-08-31 02:10:00;;;;;;;
3545,586,16,doctor,Let's plan a follow-up in two weeks.,voice,https://cdn.example.md/uploads/msg_3545.mp3,1,2026-08-31 03:25:00;;;;;;;
"3546,586,207,patient,""I've been feeling better since the last visit, thank you."",text,,1,2026-08-31 05:00:00";;;;;;;
"3547,586,16,doctor,""That side effect can occur, but let me know if it worsens."",voice,https://cdn.example.md/uploads/msg_3547.mp3,1,2026-08-31 07:53:00";;;;;;;
"3548,586,16,doctor,""Sure, I can move it to next week. What day works for you?"",text,,1,2026-08-31 08:49:00";;;;;;;
"3549,586,16,doctor,""Sure, I can move it to next week. What day works for you?"",file,https://cdn.example.md/uploads/msg_3549.pdf,1,2026-08-31 11:29:00";;;;;;;
"3550,587,35,patient,""Hello doctor, I wanted to ask about my recent symptoms."",text,,0,2026-08-15 01:34:00";;;;;;;
3551,587,35,patient,When should I come back for a follow-up?,text,,1,2026-08-15 03:40:00;;;;;;;
3552,587,31,doctor,Take one tablet twice a day after meals.,text,,0,2026-08-15 03:56:00;;;;;;;
"3553,587,35,patient,""I uploaded my lab results, please check when you can."",file,https://cdn.example.md/uploads/msg_3553.pdf,0,2026-08-15 04:30:00";;;;;;;
"3554,587,31,doctor,""That could be normal, but let's schedule a check-up to be safe."",text,,1,2026-08-15 05:43:00";;;;;;;
"3555,588,274,patient,""I uploaded my lab results, please check when you can."",voice,https://cdn.example.md/uploads/msg_3555.mp3,0,2026-08-20 00:25:00";;;;;;;
"3556,588,34,doctor,""You're welcome, take care and reach out if anything changes."",text,,1,2026-08-20 01:19:00";;;;;;;
3557,588,34,doctor,Please continue the medication as prescribed and monitor for changes.,text,,0,2026-08-20 02:11:00;;;;;;;
"3558,588,274,patient,""I've been feeling better since the last visit, thank you."",text,,1,2026-08-20 02:38:00";;;;;;;
"3559,588,274,patient,""I uploaded my lab results, please check when you can."",text,,1,2026-08-20 03:46:00";;;;;;;
"3560,589,5,doctor,""That side effect can occur, but let me know if it worsens."",text,,1,2026-08-22 00:26:00";;;;;;;
3561,589,266,patient,Is this side effect normal?,text,,1,2026-08-22 00:51:00;;;;;;;
3562,589,5,doctor,Let's plan a follow-up in two weeks.,file,https://cdn.example.md/uploads/msg_3562.pdf,0,2026-08-22 03:26:00;;;;;;;
"3563,589,5,doctor,""Thanks, I'll review the results and get back to you shortly."",text,,1,2026-08-22 04:02:00";;;;;;;
3564,590,147,patient,When should I come back for a follow-up?,file,https://cdn.example.md/uploads/msg_3564.pdf,1,2026-08-29 02:58:00;;;;;;;
"3565,590,147,patient,""I uploaded my lab results, please check when you can."",text,,1,2026-08-29 04:20:00";;;;;;;
"3566,590,14,doctor,""That's good to hear, keep up with the treatment plan."",text,,1,2026-08-29 04:34:00";;;;;;;
3567,590,147,patient,Is this side effect normal?,voice,https://cdn.example.md/uploads/msg_3567.mp3,0,2026-08-29 06:29:00;;;;;;;
"3568,591,18,doctor,""That could be normal, but let's schedule a check-up to be safe."",text,,0,2026-08-23 00:48:00";;;;;;;
"3569,591,123,patient,""I've been feeling better since the last visit, thank you."",voice,https://cdn.example.md/uploads/msg_3569.mp3,1,2026-08-23 01:58:00";;;;;;;
"3570,591,18,doctor,""That's good to hear, keep up with the treatment plan."",file,https://cdn.example.md/uploads/msg_3570.pdf,1,2026-08-23 04:41:00";;;;;;;
3571,591,18,doctor,Let's plan a follow-up in two weeks.,file,https://cdn.example.md/uploads/msg_3571.pdf,1,2026-08-23 04:58:00;;;;;;;
3572,591,18,doctor,Please continue the medication as prescribed and monitor for changes.,file,https://cdn.example.md/uploads/msg_3572.pdf,0,2026-08-23 06:37:00;;;;;;;
3573,591,123,patient,Is this side effect normal?,text,,0,2026-08-23 08:09:00;;;;;;;
3574,591,18,doctor,Take one tablet twice a day after meals.,text,,0,2026-08-23 08:52:00;;;;;;;
3575,592,17,doctor,Take one tablet twice a day after meals.,text,,1,2026-08-19 01:05:00;;;;;;;
3576,592,373,patient,Can we reschedule my next appointment?,voice,https://cdn.example.md/uploads/msg_3576.mp3,1,2026-08-19 02:59:00;;;;;;;
3577,592,373,patient,Can we reschedule my next appointment?,text,,1,2026-08-19 04:45:00;;;;;;;
3578,592,17,doctor,Take one tablet twice a day after meals.,voice,https://cdn.example.md/uploads/msg_3578.mp3,0,2026-08-19 06:32:00;;;;;;;
"3579,592,17,doctor,""Hello, thanks for reaching out. Let's review your symptoms."",image,https://cdn.example.md/uploads/msg_3579.jpg,1,2026-08-19 08:48:00";;;;;;;
"3580,592,373,patient,""Hello doctor, I wanted to ask about my recent symptoms."",image,https://cdn.example.md/uploads/msg_3580.jpg,0,2026-08-19 10:16:00";;;;;;;
"3581,593,22,doctor,""You're welcome, take care and reach out if anything changes."",text,,1,2026-08-14 01:29:00";;;;;;;
3582,593,22,doctor,Please continue the medication as prescribed and monitor for changes.,text,,1,2026-08-14 04:08:00;;;;;;;
"3583,593,342,patient,""I uploaded my lab results, please check when you can."",text,,0,2026-08-14 04:16:00";;;;;;;
"3584,593,22,doctor,""Thanks, I'll review the results and get back to you shortly."",text,,1,2026-08-14 06:02:00";;;;;;;
3585,593,342,patient,Is this side effect normal?,voice,https://cdn.example.md/uploads/msg_3585.mp3,1,2026-08-14 06:16:00;;;;;;;
3586,594,33,doctor,Take one tablet twice a day after meals.,text,,1,2026-08-27 02:45:00;;;;;;;
3587,594,33,doctor,Take one tablet twice a day after meals.,text,,0,2026-08-27 05:14:00;;;;;;;
"3588,594,81,patient,""I still have some pain, should I be concerned?"",text,,0,2026-08-27 05:54:00";;;;;;;
"3589,594,33,doctor,""Thanks, I'll review the results and get back to you shortly."",text,,0,2026-08-27 07:10:00";;;;;;;
3590,594,33,doctor,Take one tablet twice a day after meals.,text,,0,2026-08-27 08:55:00;;;;;;;
3591,595,3,doctor,Please continue the medication as prescribed and monitor for changes.,file,https://cdn.example.md/uploads/msg_3591.pdf,1,2026-08-22 02:34:00;;;;;;;
"3592,595,3,doctor,""You're welcome, take care and reach out if anything changes."",text,,1,2026-08-22 04:25:00";;;;;;;
3593,595,352,patient,Thank you for the consultation today.,voice,https://cdn.example.md/uploads/msg_3593.mp3,1,2026-08-22 07:12:00;;;;;;;
3594,595,3,doctor,Let's plan a follow-up in two weeks.,text,,1,2026-08-22 09:26:00;;;;;;;
"3595,595,3,doctor,""Hello, thanks for reaching out. Let's review your symptoms."",file,https://cdn.example.md/uploads/msg_3595.pdf,1,2026-08-22 11:24:00";;;;;;;
"3596,596,20,doctor,""That's good to hear, keep up with the treatment plan."",text,,1,2026-08-28 00:48:00";;;;;;;
"3597,596,20,doctor,""That's good to hear, keep up with the treatment plan."",text,,1,2026-08-28 02:37:00";;;;;;;
3598,596,252,patient,Is it okay to take this medication with food?,text,,1,2026-08-28 05:04:00;;;;;;;
"3599,596,20,doctor,""That side effect can occur, but let me know if it worsens."",voice,https://cdn.example.md/uploads/msg_3599.mp3,0,2026-08-28 05:22:00";;;;;;;
"3600,597,35,doctor,""Sure, I can move it to next week. What day works for you?"",text,,0,2026-08-20 00:41:00";;;;;;;
"3601,597,35,doctor,""Sure, I can move it to next week. What day works for you?"",file,https://cdn.example.md/uploads/msg_3601.pdf,1,2026-08-20 03:10:00";;;;;;;
3602,597,83,patient,Could you clarify the dosage instructions?,text,,1,2026-08-20 05:42:00;;;;;;;
"3603,597,35,doctor,""Thanks, I'll review the results and get back to you shortly."",text,,1,2026-08-20 06:32:00";;;;;;;
"3604,597,35,doctor,""You're welcome, take care and reach out if anything changes."",text,,0,2026-08-20 07:49:00";;;;;;;
3605,598,332,patient,Can we reschedule my next appointment?,image,https://cdn.example.md/uploads/msg_3605.jpg,1,2026-08-22 00:21:00;;;;;;;
"3606,598,332,patient,""Hello doctor, I wanted to ask about my recent symptoms."",text,,0,2026-08-22 02:05:00";;;;;;;
"3607,598,332,patient,""I still have some pain, should I be concerned?"",text,,0,2026-08-22 04:39:00";;;;;;;
3608,598,332,patient,Could you clarify the dosage instructions?,image,https://cdn.example.md/uploads/msg_3608.jpg,1,2026-08-22 04:41:00;;;;;;;
"3609,599,12,doctor,""That's good to hear, keep up with the treatment plan."",text,,1,2026-08-25 03:00:00";;;;;;;
3610,599,164,patient,Is this side effect normal?,text,,1,2026-08-25 03:55:00;;;;;;;
3611,599,164,patient,When should I come back for a follow-up?,text,,1,2026-08-25 05:49:00;;;;;;;
"3612,599,164,patient,""Hello doctor, I wanted to ask about my recent symptoms."",voice,https://cdn.example.md/uploads/msg_3612.mp3,0,2026-08-25 06:37:00";;;;;;;
3613,599,164,patient,When should I come back for a follow-up?,image,https://cdn.example.md/uploads/msg_3613.jpg,0,2026-08-25 06:54:00;;;;;;;
3614,599,164,patient,Is it okay to take this medication with food?,text,,0,2026-08-25 09:00:00;;;;;;;
3615,599,164,patient,Can we reschedule my next appointment?,voice,https://cdn.example.md/uploads/msg_3615.mp3,1,2026-08-25 11:43:00;;;;;;;
"3616,599,12,doctor,""That's good to hear, keep up with the treatment plan."",file,https://cdn.example.md/uploads/msg_3616.pdf,1,2026-08-25 12:16:00";;;;;;;
"3617,600,214,patient,""Hello doctor, I wanted to ask about my recent symptoms."",voice,https://cdn.example.md/uploads/msg_3617.mp3,1,2026-08-18 01:34:00";;;;;;;
"3618,600,39,doctor,""That's good to hear, keep up with the treatment plan."",image,https://cdn.example.md/uploads/msg_3618.jpg,1,2026-08-18 01:44:00";;;;;;;
3619,600,39,doctor,Please continue the medication as prescribed and monitor for changes.,voice,https://cdn.example.md/uploads/msg_3619.mp3,1,2026-08-18 01:53:00;;;;;;;
3620,600,39,doctor,Take one tablet twice a day after meals.,text,,1,2026-08-18 03:24:00;;;;;;;
"3621,600,39,doctor,""That could be normal, but let's schedule a check-up to be safe."",file,https://cdn.example.md/uploads/msg_3621.pdf,1,2026-08-18 03:56:00";;;;;;;
"3622,600,39,doctor,""Hello, thanks for reaching out. Let's review your symptoms."",file,https://cdn.example.md/uploads/msg_3622.pdf,0,2026-08-18 04:01:00";;;;;;;
3623,600,39,doctor,Let's plan a follow-up in two weeks.,text,,1,2026-08-18 05:32:00;;;;;;;
"3624,601,4,doctor,""You're welcome, take care and reach out if anything changes."",text,,1,2026-08-12 00:40:00";;;;;;;
"3625,601,4,doctor,""Sure, I can move it to next week. What day works for you?"",text,,1,2026-08-12 01:37:00";;;;;;;
3626,601,4,doctor,Let's plan a follow-up in two weeks.,file,https://cdn.example.md/uploads/msg_3626.pdf,1,2026-08-12 02:22:00;;;;;;;
"3627,601,33,patient,""I've been feeling better since the last visit, thank you."",text,,1,2026-08-12 04:40:00";;;;;;;
"3628,601,4,doctor,""That could be normal, but let's schedule a check-up to be safe."",file,https://cdn.example.md/uploads/msg_3628.pdf,1,2026-08-12 07:30:00";;;;;;;
"3629,601,4,doctor,""Thanks, I'll review the results and get back to you shortly."",file,https://cdn.example.md/uploads/msg_3629.pdf,0,2026-08-12 10:04:00";;;;;;;
"3630,601,4,doctor,""That side effect can occur, but let me know if it worsens."",image,https://cdn.example.md/uploads/msg_3630.jpg,1,2026-08-12 11:12:00";;;;;;;
3631,601,4,doctor,Let's plan a follow-up in two weeks.,text,,0,2026-08-12 14:07:00;;;;;;;
"3632,602,22,doctor,""Hello, thanks for reaching out. Let's review your symptoms."",voice,https://cdn.example.md/uploads/msg_3632.mp3,1,2026-08-25 02:39:00";;;;;;;
"3633,602,22,doctor,""Hello, thanks for reaching out. Let's review your symptoms."",text,,0,2026-08-25 03:04:00";;;;;;;
"3634,602,22,doctor,""That could be normal, but let's schedule a check-up to be safe."",text,,1,2026-08-25 03:48:00";;;;;;;
3635,602,43,patient,Is it okay to take this medication with food?,voice,https://cdn.example.md/uploads/msg_3635.mp3,1,2026-08-25 04:27:00;;;;;;;
"3636,603,277,patient,""I still have some pain, should I be concerned?"",text,,1,2026-08-23 01:10:00";;;;;;;
3637,603,277,patient,When should I come back for a follow-up?,text,,1,2026-08-23 02:25:00;;;;;;;
"3638,603,277,patient,""Hello doctor, I wanted to ask about my recent symptoms."",text,,1,2026-08-23 04:16:00";;;;;;;
3639,603,35,doctor,Take one tablet twice a day after meals.,voice,https://cdn.example.md/uploads/msg_3639.mp3,1,2026-08-23 06:14:00;;;;;;;
3640,603,277,patient,Is this side effect normal?,text,,1,2026-08-23 07:00:00;;;;;;;
"3641,603,277,patient,""I still have some pain, should I be concerned?"",voice,https://cdn.example.md/uploads/msg_3641.mp3,1,2026-08-23 09:02:00";;;;;;;
3642,603,35,doctor,Take one tablet twice a day after meals.,text,,0,2026-08-23 11:28:00;;;;;;;
3643,604,21,doctor,Take one tablet twice a day after meals.,file,https://cdn.example.md/uploads/msg_3643.pdf,1,2026-08-20 02:55:00;;;;;;;
3644,604,248,patient,Can we reschedule my next appointment?,text,,1,2026-08-20 03:17:00;;;;;;;
"3645,604,21,doctor,""That's good to hear, keep up with the treatment plan."",file,https://cdn.example.md/uploads/msg_3645.pdf,1,2026-08-20 03:40:00";;;;;;;
3646,604,248,patient,Is this side effect normal?,text,,1,2026-08-20 04:58:00;;;;;;;
3647,604,21,doctor,Take one tablet twice a day after meals.,voice,https://cdn.example.md/uploads/msg_3647.mp3,0,2026-08-20 07:01:00;;;;;;;
"3648,604,21,doctor,""That side effect can occur, but let me know if it worsens."",image,https://cdn.example.md/uploads/msg_3648.jpg,1,2026-08-20 08:57:00";;;;;;;
3649,604,21,doctor,Take one tablet twice a day after meals.,voice,https://cdn.example.md/uploads/msg_3649.mp3,1,2026-08-20 10:34:00;;;;;;;
"3650,605,24,doctor,""Sure, I can move it to next week. What day works for you?"",file,https://cdn.example.md/uploads/msg_3650.pdf,0,2026-08-17 01:02:00";;;;;;;
3651,605,373,patient,Could you clarify the dosage instructions?,file,https://cdn.example.md/uploads/msg_3651.pdf,1,2026-08-17 01:55:00;;;;;;;
"3652,605,373,patient,""I still have some pain, should I be concerned?"",text,,1,2026-08-17 03:26:00";;;;;;;
"3653,605,373,patient,""I've been feeling better since the last visit, thank you."",voice,https://cdn.example.md/uploads/msg_3653.mp3,1,2026-08-17 04:55:00";;;;;;;
3654,606,11,doctor,Please continue the medication as prescribed and monitor for changes.,text,,1,2026-08-19 00:05:00;;;;;;;
"3655,606,11,doctor,""That side effect can occur, but let me know if it worsens."",text,,1,2026-08-19 00:50:00";;;;;;;
3656,606,215,patient,Is it okay to take this medication with food?,file,https://cdn.example.md/uploads/msg_3656.pdf,0,2026-08-19 02:34:00;;;;;;;
3657,606,215,patient,Thank you for the consultation today.,file,https://cdn.example.md/uploads/msg_3657.pdf,1,2026-08-19 03:01:00;;;;;;;
"3658,606,11,doctor,""That's good to hear, keep up with the treatment plan."",voice,https://cdn.example.md/uploads/msg_3658.mp3,1,2026-08-19 03:50:00";;;;;;;
"3659,606,11,doctor,""Hello, thanks for reaching out. Let's review your symptoms."",text,,0,2026-08-19 03:55:00";;;;;;;
3660,606,215,patient,When should I come back for a follow-up?,text,,0,2026-08-19 06:36:00;;;;;;;
"3661,607,8,doctor,""Thanks, I'll review the results and get back to you shortly."",text,,1,2026-08-30 00:04:00";;;;;;;
"3662,607,8,doctor,""Thanks, I'll review the results and get back to you shortly."",text,,1,2026-08-30 01:50:00";;;;;;;
"3663,607,8,doctor,""You're welcome, take care and reach out if anything changes."",text,,1,2026-08-30 04:26:00";;;;;;;
"3664,607,169,patient,""I've been feeling better since the last visit, thank you."",image,https://cdn.example.md/uploads/msg_3664.jpg,1,2026-08-30 04:33:00";;;;;;;
"3665,607,8,doctor,""Sure, I can move it to next week. What day works for you?"",text,,1,2026-08-30 06:58:00";;;;;;;
"3666,607,8,doctor,""You're welcome, take care and reach out if anything changes."",voice,https://cdn.example.md/uploads/msg_3666.mp3,0,2026-08-30 07:57:00";;;;;;;
"3667,607,8,doctor,""That side effect can occur, but let me know if it worsens."",text,,1,2026-08-30 09:38:00";;;;;;;
3668,608,219,patient,Is it okay to take this medication with food?,text,,1,2026-08-21 02:18:00;;;;;;;
"3669,608,219,patient,""I've been feeling better since the last visit, thank you."",file,https://cdn.example.md/uploads/msg_3669.pdf,1,2026-08-21 04:39:00";;;;;;;
"3670,608,1,doctor,""That side effect can occur, but let me know if it worsens."",file,https://cdn.example.md/uploads/msg_3670.pdf,0,2026-08-21 06:54:00";;;;;;;
"3671,608,1,doctor,""That's good to hear, keep up with the treatment plan."",text,,0,2026-08-21 09:14:00";;;;;;;
3672,609,128,patient,Could you clarify the dosage instructions?,text,,0,2026-08-25 02:44:00;;;;;;;
"3673,609,5,doctor,""That could be normal, but let's schedule a check-up to be safe."",image,https://cdn.example.md/uploads/msg_3673.jpg,1,2026-08-25 05:28:00";;;;;;;
"3674,609,5,doctor,""That side effect can occur, but let me know if it worsens."",text,,1,2026-08-25 07:25:00";;;;;;;
"3675,609,5,doctor,""Thanks, I'll review the results and get back to you shortly."",text,,1,2026-08-25 07:47:00";;;;;;;
"3676,609,5,doctor,""Thanks, I'll review the results and get back to you shortly."",file,https://cdn.example.md/uploads/msg_3676.pdf,1,2026-08-25 10:37:00";;;;;;;
3677,609,128,patient,Thank you for the consultation today.,image,https://cdn.example.md/uploads/msg_3677.jpg,0,2026-08-25 12:00:00;;;;;;;
3678,609,128,patient,Can we reschedule my next appointment?,file,https://cdn.example.md/uploads/msg_3678.pdf,0,2026-08-25 13:31:00;;;;;;;
"3679,609,128,patient,""I've been feeling better since the last visit, thank you."",image,https://cdn.example.md/uploads/msg_3679.jpg,1,2026-08-25 13:51:00";;;;;;;
"3680,610,299,patient,""I uploaded my lab results, please check when you can."",text,,1,2026-08-20 02:25:00";;;;;;;
3681,610,4,doctor,Take one tablet twice a day after meals.,file,https://cdn.example.md/uploads/msg_3681.pdf,1,2026-08-20 05:00:00;;;;;;;
"3682,610,4,doctor,""Sure, I can move it to next week. What day works for you?"",image,https://cdn.example.md/uploads/msg_3682.jpg,1,2026-08-20 06:03:00";;;;;;;
"3683,610,299,patient,""Hello doctor, I wanted to ask about my recent symptoms."",image,https://cdn.example.md/uploads/msg_3683.jpg,1,2026-08-20 07:06:00";;;;;;;
3684,610,299,patient,Thank you for the consultation today.,text,,0,2026-08-20 07:36:00;;;;;;;
"3685,611,18,doctor,""Sure, I can move it to next week. What day works for you?"",text,,1,2026-08-21 00:07:00";;;;;;;
"3686,611,3,patient,""I've been feeling better since the last visit, thank you."",text,,1,2026-08-21 01:36:00";;;;;;;
"3687,611,18,doctor,""Hello, thanks for reaching out. Let's review your symptoms."",text,,1,2026-08-21 04:07:00";;;;;;;
3688,611,18,doctor,Take one tablet twice a day after meals.,text,,1,2026-08-21 06:27:00;;;;;;;
"3689,611,18,doctor,""That's good to hear, keep up with the treatment plan."",text,,1,2026-08-21 09:04:00";;;;;;;
3690,612,372,patient,Is it okay to take this medication with food?,text,,1,2026-08-18 00:56:00;;;;;;;
"3691,612,372,patient,""I uploaded my lab results, please check when you can."",text,,1,2026-08-18 03:22:00";;;;;;;
"3692,612,7,doctor,""That's good to hear, keep up with the treatment plan."",text,,1,2026-08-18 03:24:00";;;;;;;
"3693,612,7,doctor,""That could be normal, but let's schedule a check-up to be safe."",file,https://cdn.example.md/uploads/msg_3693.pdf,0,2026-08-18 05:49:00";;;;;;;
"3694,613,25,patient,""I uploaded my lab results, please check when you can."",text,,0,2026-08-29 00:15:00";;;;;;;
"3695,613,14,doctor,""That side effect can occur, but let me know if it worsens."",text,,1,2026-08-29 02:31:00";;;;;;;
"3696,613,14,doctor,""That could be normal, but let's schedule a check-up to be safe."",text,,0,2026-08-29 03:10:00";;;;;;;
"3697,613,25,patient,""Hello doctor, I wanted to ask about my recent symptoms."",image,https://cdn.example.md/uploads/msg_3697.jpg,1,2026-08-29 04:29:00";;;;;;;
3698,613,25,patient,Is this side effect normal?,text,,1,2026-08-29 05:52:00;;;;;;;
3699,613,25,patient,Can we reschedule my next appointment?,text,,1,2026-08-29 06:39:00;;;;;;;
"3700,613,14,doctor,""That's good to hear, keep up with the treatment plan."",text,,0,2026-08-29 06:57:00";;;;;;;
"3701,614,21,doctor,""That could be normal, but let's schedule a check-up to be safe."",text,,1,2026-08-22 01:58:00";;;;;;;
"3702,614,21,doctor,""Sure, I can move it to next week. What day works for you?"",file,https://cdn.example.md/uploads/msg_3702.pdf,1,2026-08-22 03:44:00";;;;;;;
"3703,614,334,patient,""I've been feeling better since the last visit, thank you."",image,https://cdn.example.md/uploads/msg_3703.jpg,1,2026-08-22 05:50:00";;;;;;;
"3704,614,21,doctor,""That's good to hear, keep up with the treatment plan."",text,,1,2026-08-22 08:43:00";;;;;;;
"3705,614,21,doctor,""Sure, I can move it to next week. What day works for you?"",text,,1,2026-08-22 11:39:00";;;;;;;
"3706,614,334,patient,""I still have some pain, should I be concerned?"",voice,https://cdn.example.md/uploads/msg_3706.mp3,0,2026-08-22 14:01:00";;;;;;;
"3707,614,21,doctor,""Sure, I can move it to next week. What day works for you?"",text,,1,2026-08-22 15:33:00";;;;;;;
"3708,615,282,patient,""I still have some pain, should I be concerned?"",text,,1,2026-08-13 01:04:00";;;;;;;
"3709,615,11,doctor,""That side effect can occur, but let me know if it worsens."",text,,1,2026-08-13 02:26:00";;;;;;;
"3710,615,11,doctor,""Thanks, I'll review the results and get back to you shortly."",text,,0,2026-08-13 04:10:00";;;;;;;
"3711,615,282,patient,""I've been feeling better since the last visit, thank you."",file,https://cdn.example.md/uploads/msg_3711.pdf,0,2026-08-13 04:20:00";;;;;;;
3712,615,282,patient,Is this side effect normal?,text,,1,2026-08-13 06:47:00;;;;;;;
3713,616,342,patient,Is this side effect normal?,voice,https://cdn.example.md/uploads/msg_3713.mp3,1,2026-08-28 01:31:00;;;;;;;
3714,616,342,patient,When should I come back for a follow-up?,text,,0,2026-08-28 03:04:00;;;;;;;
"3715,616,9,doctor,""That could be normal, but let's schedule a check-up to be safe."",voice,https://cdn.example.md/uploads/msg_3715.mp3,0,2026-08-28 04:59:00";;;;;;;
"3716,616,9,doctor,""Sure, I can move it to next week. What day works for you?"",text,,0,2026-08-28 06:21:00";;;;;;;
3717,617,294,patient,When should I come back for a follow-up?,voice,https://cdn.example.md/uploads/msg_3717.mp3,0,2026-08-15 01:52:00;;;;;;;
"3718,617,294,patient,""I still have some pain, should I be concerned?"",text,,1,2026-08-15 03:34:00";;;;;;;
"3719,617,15,doctor,""That side effect can occur, but let me know if it worsens."",voice,https://cdn.example.md/uploads/msg_3719.mp3,1,2026-08-15 04:33:00";;;;;;;
"3720,617,294,patient,""I still have some pain, should I be concerned?"",text,,1,2026-08-15 05:05:00";;;;;;;
3721,617,294,patient,Is it okay to take this medication with food?,file,https://cdn.example.md/uploads/msg_3721.pdf,1,2026-08-15 05:29:00;;;;;;;
"3722,617,15,doctor,""Thanks, I'll review the results and get back to you shortly."",image,https://cdn.example.md/uploads/msg_3722.jpg,1,2026-08-15 05:35:00";;;;;;;
"3723,618,259,patient,""Hello doctor, I wanted to ask about my recent symptoms."",text,,0,2026-08-12 02:15:00";;;;;;;
"3724,618,259,patient,""I uploaded my lab results, please check when you can."",text,,1,2026-08-12 03:13:00";;;;;;;
"3725,618,259,patient,""I've been feeling better since the last visit, thank you."",text,,1,2026-08-12 05:54:00";;;;;;;
"3726,618,20,doctor,""That side effect can occur, but let me know if it worsens."",image,https://cdn.example.md/uploads/msg_3726.jpg,1,2026-08-12 08:35:00";;;;;;;
3727,618,259,patient,Could you clarify the dosage instructions?,file,https://cdn.example.md/uploads/msg_3727.pdf,1,2026-08-12 10:12:00;;;;;;;
3728,618,259,patient,Thank you for the consultation today.,text,,1,2026-08-12 12:37:00;;;;;;;
"3729,618,20,doctor,""You're welcome, take care and reach out if anything changes."",image,https://cdn.example.md/uploads/msg_3729.jpg,1,2026-08-12 13:42:00";;;;;;;
"3730,618,20,doctor,""Sure, I can move it to next week. What day works for you?"",image,https://cdn.example.md/uploads/msg_3730.jpg,1,2026-08-12 15:55:00";;;;;;;
3731,619,84,patient,Is it okay to take this medication with food?,image,https://cdn.example.md/uploads/msg_3731.jpg,0,2026-08-28 00:33:00;;;;;;;
3732,619,84,patient,Is this side effect normal?,text,,0,2026-08-28 02:25:00;;;;;;;
3733,619,84,patient,Thank you for the consultation today.,image,https://cdn.example.md/uploads/msg_3733.jpg,1,2026-08-28 03:41:00;;;;;;;
3734,619,39,doctor,Please continue the medication as prescribed and monitor for changes.,text,,1,2026-08-28 04:08:00;;;;;;;
3735,619,84,patient,Thank you for the consultation today.,text,,1,2026-08-28 05:36:00;;;;;;;
3736,619,84,patient,Can we reschedule my next appointment?,voice,https://cdn.example.md/uploads/msg_3736.mp3,1,2026-08-28 06:42:00;;;;;;;
3737,620,222,patient,Could you clarify the dosage instructions?,voice,https://cdn.example.md/uploads/msg_3737.mp3,1,2026-08-16 02:11:00;;;;;;;
3738,620,2,doctor,Take one tablet twice a day after meals.,image,https://cdn.example.md/uploads/msg_3738.jpg,1,2026-08-16 03:23:00;;;;;;;
3739,620,2,doctor,Let's plan a follow-up in two weeks.,voice,https://cdn.example.md/uploads/msg_3739.mp3,0,2026-08-16 03:52:00;;;;;;;
3740,620,222,patient,Is it okay to take this medication with food?,text,,1,2026-08-16 05:23:00;;;;;;;
3741,620,2,doctor,Please continue the medication as prescribed and monitor for changes.,text,,1,2026-08-16 06:48:00;;;;;;;
3742,621,143,patient,Thank you for the consultation today.,text,,1,2026-08-30 02:14:00;;;;;;;
"3743,621,2,doctor,""Hello, thanks for reaching out. Let's review your symptoms."",text,,0,2026-08-30 02:47:00";;;;;;;
"3744,621,2,doctor,""Hello, thanks for reaching out. Let's review your symptoms."",text,,1,2026-08-30 05:22:00";;;;;;;
"3745,621,143,patient,""Hello doctor, I wanted to ask about my recent symptoms."",file,https://cdn.example.md/uploads/msg_3745.pdf,1,2026-08-30 06:35:00";;;;;;;
"3746,621,2,doctor,""That side effect can occur, but let me know if it worsens."",file,https://cdn.example.md/uploads/msg_3746.pdf,1,2026-08-30 09:09:00";;;;;;;
"3747,621,2,doctor,""That side effect can occur, but let me know if it worsens."",image,https://cdn.example.md/uploads/msg_3747.jpg,1,2026-08-30 10:21:00";;;;;;;
"3748,621,2,doctor,""That could be normal, but let's schedule a check-up to be safe."",text,,1,2026-08-30 11:24:00";;;;;;;
3749,622,90,patient,When should I come back for a follow-up?,image,https://cdn.example.md/uploads/msg_3749.jpg,1,2026-08-19 00:17:00;;;;;;;
"3750,622,90,patient,""I uploaded my lab results, please check when you can."",text,,1,2026-08-19 01:55:00";;;;;;;
"3751,622,31,doctor,""Sure, I can move it to next week. What day works for you?"",text,,1,2026-08-19 04:05:00";;;;;;;
3752,622,90,patient,Is it okay to take this medication with food?,file,https://cdn.example.md/uploads/msg_3752.pdf,0,2026-08-19 05:54:00;;;;;;;
"3753,623,220,patient,""Hello doctor, I wanted to ask about my recent symptoms."",file,https://cdn.example.md/uploads/msg_3753.pdf,1,2026-08-28 01:06:00";;;;;;;
3754,623,220,patient,Is this side effect normal?,text,,1,2026-08-28 01:21:00;;;;;;;
3755,623,31,doctor,Let's plan a follow-up in two weeks.,text,,1,2026-08-28 03:06:00;;;;;;;
"3756,623,220,patient,""I've been feeling better since the last visit, thank you."",text,,1,2026-08-28 05:35:00";;;;;;;
3757,623,31,doctor,Let's plan a follow-up in two weeks.,text,,1,2026-08-28 06:19:00;;;;;;;
"3758,624,13,doctor,""Thanks, I'll review the results and get back to you shortly."",text,,0,2026-08-24 01:51:00";;;;;;;
3759,624,13,doctor,Please continue the medication as prescribed and monitor for changes.,text,,0,2026-08-24 02:31:00;;;;;;;
"3760,624,27,patient,""I still have some pain, should I be concerned?"",voice,https://cdn.example.md/uploads/msg_3760.mp3,1,2026-08-24 02:47:00";;;;;;;
"3761,624,13,doctor,""That side effect can occur, but let me know if it worsens."",voice,https://cdn.example.md/uploads/msg_3761.mp3,0,2026-08-24 03:53:00";;;;;;;
3762,625,369,patient,Is it okay to take this medication with food?,voice,https://cdn.example.md/uploads/msg_3762.mp3,0,2026-08-24 00:13:00;;;;;;;
"3763,625,369,patient,""I still have some pain, should I be concerned?"",text,,1,2026-08-24 02:50:00";;;;;;;
"3764,625,7,doctor,""Hello, thanks for reaching out. Let's review your symptoms."",text,,1,2026-08-24 05:19:00";;;;;;;
"3765,625,7,doctor,""That side effect can occur, but let me know if it worsens."",text,,1,2026-08-24 06:43:00";;;;;;;
3766,625,369,patient,Could you clarify the dosage instructions?,image,https://cdn.example.md/uploads/msg_3766.jpg,1,2026-08-24 08:32:00;;;;;;;
"3767,625,7,doctor,""That could be normal, but let's schedule a check-up to be safe."",text,,1,2026-08-24 10:56:00";;;;;;;
3768,625,369,patient,When should I come back for a follow-up?,image,https://cdn.example.md/uploads/msg_3768.jpg,1,2026-08-24 12:17:00;;;;;;;
"3769,626,10,doctor,""That side effect can occur, but let me know if it worsens."",voice,https://cdn.example.md/uploads/msg_3769.mp3,0,2026-08-27 02:39:00";;;;;;;
"3770,626,10,doctor,""That could be normal, but let's schedule a check-up to be safe."",text,,1,2026-08-27 05:36:00";;;;;;;
"3771,626,95,patient,""Hello doctor, I wanted to ask about my recent symptoms."",image,https://cdn.example.md/uploads/msg_3771.jpg,1,2026-08-27 07:33:00";;;;;;;
3772,626,95,patient,Can we reschedule my next appointment?,file,https://cdn.example.md/uploads/msg_3772.pdf,1,2026-08-27 09:37:00;;;;;;;
"3773,626,95,patient,""Hello doctor, I wanted to ask about my recent symptoms."",text,,0,2026-08-27 11:24:00";;;;;;;
"3774,626,10,doctor,""Hello, thanks for reaching out. Let's review your symptoms."",image,https://cdn.example.md/uploads/msg_3774.jpg,0,2026-08-27 14:19:00";;;;;;;
"3775,627,209,patient,""I uploaded my lab results, please check when you can."",voice,https://cdn.example.md/uploads/msg_3775.mp3,1,2026-08-13 02:17:00";;;;;;;
"3776,627,11,doctor,""Hello, thanks for reaching out. Let's review your symptoms."",voice,https://cdn.example.md/uploads/msg_3776.mp3,1,2026-08-13 02:25:00";;;;;;;
"3777,627,11,doctor,""That side effect can occur, but let me know if it worsens."",text,,1,2026-08-13 05:17:00";;;;;;;
3778,627,11,doctor,Please continue the medication as prescribed and monitor for changes.,voice,https://cdn.example.md/uploads/msg_3778.mp3,1,2026-08-13 07:59:00;;;;;;;
"3779,627,11,doctor,""Thanks, I'll review the results and get back to you shortly."",text,,0,2026-08-13 10:34:00";;;;;;;
"3780,627,209,patient,""I uploaded my lab results, please check when you can."",text,,1,2026-08-13 12:18:00";;;;;;;
"3781,627,209,patient,""I've been feeling better since the last visit, thank you."",file,https://cdn.example.md/uploads/msg_3781.pdf,1,2026-08-13 14:54:00";;;;;;;
"3782,628,39,doctor,""That side effect can occur, but let me know if it worsens."",text,,1,2026-08-19 02:15:00";;;;;;;
"3783,628,39,doctor,""Thanks, I'll review the results and get back to you shortly."",text,,1,2026-08-19 02:57:00";;;;;;;
3784,628,39,doctor,Please continue the medication as prescribed and monitor for changes.,text,,1,2026-08-19 03:47:00;;;;;;;
3785,628,219,patient,Can we reschedule my next appointment?,file,https://cdn.example.md/uploads/msg_3785.pdf,1,2026-08-19 04:38:00;;;;;;;
3786,628,219,patient,Thank you for the consultation today.,file,https://cdn.example.md/uploads/msg_3786.pdf,1,2026-08-19 06:58:00;;;;;;;
3787,628,219,patient,Thank you for the consultation today.,text,,1,2026-08-19 08:42:00;;;;;;;
"3788,629,79,patient,""Hello doctor, I wanted to ask about my recent symptoms."",voice,https://cdn.example.md/uploads/msg_3788.mp3,0,2026-08-28 00:06:00";;;;;;;
3789,629,79,patient,When should I come back for a follow-up?,text,,1,2026-08-28 00:09:00;;;;;;;
"3790,629,79,patient,""Hello doctor, I wanted to ask about my recent symptoms."",voice,https://cdn.example.md/uploads/msg_3790.mp3,0,2026-08-28 00:21:00";;;;;;;
"3791,629,35,doctor,""That side effect can occur, but let me know if it worsens."",image,https://cdn.example.md/uploads/msg_3791.jpg,1,2026-08-28 02:04:00";;;;;;;
3792,629,79,patient,Is this side effect normal?,file,https://cdn.example.md/uploads/msg_3792.pdf,1,2026-08-28 02:51:00;;;;;;;
"3793,629,79,patient,""I uploaded my lab results, please check when you can."",voice,https://cdn.example.md/uploads/msg_3793.mp3,0,2026-08-28 04:53:00";;;;;;;
"3794,629,35,doctor,""That could be normal, but let's schedule a check-up to be safe."",file,https://cdn.example.md/uploads/msg_3794.pdf,1,2026-08-28 06:51:00";;;;;;;
3795,630,12,doctor,Please continue the medication as prescribed and monitor for changes.,image,https://cdn.example.md/uploads/msg_3795.jpg,1,2026-08-28 01:57:00;;;;;;;
3796,630,309,patient,Is it okay to take this medication with food?,text,,1,2026-08-28 04:26:00;;;;;;;
"3797,630,12,doctor,""Sure, I can move it to next week. What day works for you?"",voice,https://cdn.example.md/uploads/msg_3797.mp3,1,2026-08-28 04:29:00";;;;;;;
"3798,630,309,patient,""I uploaded my lab results, please check when you can."",text,,1,2026-08-28 07:01:00";;;;;;;
"3799,631,93,patient,""Hello doctor, I wanted to ask about my recent symptoms."",text,,1,2026-08-30 01:24:00";;;;;;;
"3800,631,12,doctor,""That could be normal, but let's schedule a check-up to be safe."",file,https://cdn.example.md/uploads/msg_3800.pdf,1,2026-08-30 01:30:00";;;;;;;
3801,631,93,patient,Could you clarify the dosage instructions?,image,https://cdn.example.md/uploads/msg_3801.jpg,0,2026-08-30 02:11:00;;;;;;;
"3802,631,12,doctor,""Hello, thanks for reaching out. Let's review your symptoms."",text,,0,2026-08-30 02:31:00";;;;;;;
"3803,631,12,doctor,""That could be normal, but let's schedule a check-up to be safe."",text,,1,2026-08-30 04:07:00";;;;;;;
3804,631,93,patient,Is this side effect normal?,text,,1,2026-08-30 06:41:00;;;;;;;
3805,632,284,patient,Is this side effect normal?,text,,1,2026-08-21 02:49:00;;;;;;;
"3806,632,284,patient,""I still have some pain, should I be concerned?"",file,https://cdn.example.md/uploads/msg_3806.pdf,1,2026-08-21 03:57:00";;;;;;;
"3807,632,284,patient,""I've been feeling better since the last visit, thank you."",image,https://cdn.example.md/uploads/msg_3807.jpg,0,2026-08-21 05:31:00";;;;;;;
"3808,632,27,doctor,""Sure, I can move it to next week. What day works for you?"",text,,1,2026-08-21 06:24:00";;;;;;;
3809,632,284,patient,Can we reschedule my next appointment?,file,https://cdn.example.md/uploads/msg_3809.pdf,1,2026-08-21 09:21:00;;;;;;;
3810,632,27,doctor,Please continue the medication as prescribed and monitor for changes.,text,,1,2026-08-21 09:29:00;;;;;;;
"3811,632,284,patient,""I still have some pain, should I be concerned?"",voice,https://cdn.example.md/uploads/msg_3811.mp3,1,2026-08-21 09:33:00";;;;;;;
"3812,632,27,doctor,""That's good to hear, keep up with the treatment plan."",image,https://cdn.example.md/uploads/msg_3812.jpg,1,2026-08-21 10:21:00";;;;;;;
"3813,633,355,patient,""I still have some pain, should I be concerned?"",text,,0,2026-08-28 01:30:00";;;;;;;
"3814,633,355,patient,""I uploaded my lab results, please check when you can."",file,https://cdn.example.md/uploads/msg_3814.pdf,1,2026-08-28 02:24:00";;;;;;;
3815,633,355,patient,Can we reschedule my next appointment?,text,,0,2026-08-28 02:51:00;;;;;;;
3816,633,355,patient,Can we reschedule my next appointment?,voice,https://cdn.example.md/uploads/msg_3816.mp3,1,2026-08-28 04:49:00;;;;;;;
"3817,634,9,doctor,""That's good to hear, keep up with the treatment plan."",image,https://cdn.example.md/uploads/msg_3817.jpg,1,2026-08-14 01:53:00";;;;;;;
"3818,634,9,doctor,""Thanks, I'll review the results and get back to you shortly."",text,,1,2026-08-14 04:18:00";;;;;;;
"3819,634,9,doctor,""That's good to hear, keep up with the treatment plan."",text,,0,2026-08-14 06:35:00";;;;;;;
"3820,634,9,doctor,""You're welcome, take care and reach out if anything changes."",text,,1,2026-08-14 07:52:00";;;;;;;
"3821,634,266,patient,""I still have some pain, should I be concerned?"",text,,1,2026-08-14 10:15:00";;;;;;;
3822,634,266,patient,Is this side effect normal?,text,,1,2026-08-14 11:30:00;;;;;;;
"3823,634,9,doctor,""You're welcome, take care and reach out if anything changes."",text,,1,2026-08-14 12:48:00";;;;;;;
"3824,635,132,patient,""Hello doctor, I wanted to ask about my recent symptoms."",text,,1,2026-08-25 00:15:00";;;;;;;
3825,635,30,doctor,Let's plan a follow-up in two weeks.,file,https://cdn.example.md/uploads/msg_3825.pdf,0,2026-08-25 00:27:00;;;;;;;
3826,635,30,doctor,Please continue the medication as prescribed and monitor for changes.,image,https://cdn.example.md/uploads/msg_3826.jpg,1,2026-08-25 02:17:00;;;;;;;
"3827,635,132,patient,""I've been feeling better since the last visit, thank you."",text,,1,2026-08-25 02:34:00";;;;;;;
"3828,635,132,patient,""I still have some pain, should I be concerned?"",text,,0,2026-08-25 03:57:00";;;;;;;
"3829,635,30,doctor,""That side effect can occur, but let me know if it worsens."",text,,1,2026-08-25 05:48:00";;;;;;;
"3830,636,10,doctor,""That's good to hear, keep up with the treatment plan."",text,,1,2026-08-25 00:03:00";;;;;;;
3831,636,10,doctor,Let's plan a follow-up in two weeks.,text,,1,2026-08-25 00:07:00;;;;;;;
"3832,636,10,doctor,""You're welcome, take care and reach out if anything changes."",text,,1,2026-08-25 02:57:00";;;;;;;
"3833,636,10,doctor,""Sure, I can move it to next week. What day works for you?"",text,,1,2026-08-25 03:25:00";;;;;;;
"3834,636,170,patient,""I've been feeling better since the last visit, thank you."",image,https://cdn.example.md/uploads/msg_3834.jpg,1,2026-08-25 06:01:00";;;;;;;
"3835,636,170,patient,""I uploaded my lab results, please check when you can."",file,https://cdn.example.md/uploads/msg_3835.pdf,1,2026-08-25 07:57:00";;;;;;;
3836,637,34,doctor,Take one tablet twice a day after meals.,text,,1,2026-08-15 00:03:00;;;;;;;
"3837,637,302,patient,""I still have some pain, should I be concerned?"",text,,1,2026-08-15 00:07:00";;;;;;;
"3838,637,34,doctor,""That's good to hear, keep up with the treatment plan."",image,https://cdn.example.md/uploads/msg_3838.jpg,0,2026-08-15 01:31:00";;;;;;;
"3839,637,34,doctor,""Sure, I can move it to next week. What day works for you?"",text,,1,2026-08-15 03:16:00";;;;;;;
3840,637,302,patient,Thank you for the consultation today.,text,,1,2026-08-15 03:38:00;;;;;;;
3841,637,302,patient,Could you clarify the dosage instructions?,file,https://cdn.example.md/uploads/msg_3841.pdf,1,2026-08-15 04:18:00;;;;;;;
"3842,637,34,doctor,""You're welcome, take care and reach out if anything changes."",text,,1,2026-08-15 06:16:00";;;;;;;
3843,638,24,doctor,Take one tablet twice a day after meals.,image,https://cdn.example.md/uploads/msg_3843.jpg,0,2026-08-19 00:34:00;;;;;;;
3844,638,14,patient,Is this side effect normal?,text,,1,2026-08-19 01:41:00;;;;;;;
3845,638,14,patient,Could you clarify the dosage instructions?,text,,0,2026-08-19 04:37:00;;;;;;;
3846,638,14,patient,Could you clarify the dosage instructions?,text,,1,2026-08-19 04:52:00;;;;;;;
"3847,638,24,doctor,""Thanks, I'll review the results and get back to you shortly."",text,,0,2026-08-19 05:04:00";;;;;;;
3848,638,24,doctor,Let's plan a follow-up in two weeks.,voice,https://cdn.example.md/uploads/msg_3848.mp3,1,2026-08-19 07:07:00;;;;;;;
3849,638,24,doctor,Please continue the medication as prescribed and monitor for changes.,file,https://cdn.example.md/uploads/msg_3849.pdf,0,2026-08-19 08:47:00;;;;;;;
"3850,638,14,patient,""I still have some pain, should I be concerned?"",text,,0,2026-08-19 10:40:00";;;;;;;
"3851,639,26,doctor,""You're welcome, take care and reach out if anything changes."",text,,1,2026-08-30 01:00:00";;;;;;;
"3852,639,302,patient,""I've been feeling better since the last visit, thank you."",text,,0,2026-08-30 01:07:00";;;;;;;
3853,639,26,doctor,Please continue the medication as prescribed and monitor for changes.,image,https://cdn.example.md/uploads/msg_3853.jpg,0,2026-08-30 02:31:00;;;;;;;
3854,639,302,patient,Could you clarify the dosage instructions?,text,,1,2026-08-30 04:06:00;;;;;;;
3855,639,302,patient,Thank you for the consultation today.,voice,https://cdn.example.md/uploads/msg_3855.mp3,1,2026-08-30 04:16:00;;;;;;;
3856,639,302,patient,Is it okay to take this medication with food?,file,https://cdn.example.md/uploads/msg_3856.pdf,0,2026-08-30 05:20:00;;;;;;;
3857,640,29,doctor,Please continue the medication as prescribed and monitor for changes.,image,https://cdn.example.md/uploads/msg_3857.jpg,1,2026-08-14 00:38:00;;;;;;;
3858,640,29,doctor,Take one tablet twice a day after meals.,file,https://cdn.example.md/uploads/msg_3858.pdf,1,2026-08-14 00:55:00;;;;;;;
"3859,640,29,doctor,""That side effect can occur, but let me know if it worsens."",voice,https://cdn.example.md/uploads/msg_3859.mp3,1,2026-08-14 01:21:00";;;;;;;
3860,640,29,doctor,Please continue the medication as prescribed and monitor for changes.,text,,1,2026-08-14 01:39:00;;;;;;;
"3861,640,143,patient,""I've been feeling better since the last visit, thank you."",image,https://cdn.example.md/uploads/msg_3861.jpg,1,2026-08-14 02:33:00";;;;;;;
"3862,641,12,patient,""I still have some pain, should I be concerned?"",voice,https://cdn.example.md/uploads/msg_3862.mp3,0,2026-08-16 01:37:00";;;;;;;
"3863,641,29,doctor,""That side effect can occur, but let me know if it worsens."",text,,0,2026-08-16 01:41:00";;;;;;;
3864,641,12,patient,Is this side effect normal?,text,,0,2026-08-16 02:18:00;;;;;;;
3865,641,12,patient,Can we reschedule my next appointment?,text,,1,2026-08-16 03:25:00;;;;;;;
3866,641,12,patient,Can we reschedule my next appointment?,text,,1,2026-08-16 04:30:00;;;;;;;
"3867,641,12,patient,""I've been feeling better since the last visit, thank you."",text,,1,2026-08-16 05:34:00";;;;;;;
"3868,641,29,doctor,""Sure, I can move it to next week. What day works for you?"",file,https://cdn.example.md/uploads/msg_3868.pdf,1,2026-08-16 06:10:00";;;;;;;
"3869,642,21,doctor,""Hello, thanks for reaching out. Let's review your symptoms."",text,,1,2026-08-30 01:23:00";;;;;;;
"3870,642,174,patient,""I uploaded my lab results, please check when you can."",text,,1,2026-08-30 02:09:00";;;;;;;
3871,642,174,patient,Is this side effect normal?,text,,1,2026-08-30 02:43:00;;;;;;;
"3872,642,21,doctor,""That could be normal, but let's schedule a check-up to be safe."",text,,1,2026-08-30 03:58:00";;;;;;;
3873,642,174,patient,Can we reschedule my next appointment?,text,,1,2026-08-30 06:58:00;;;;;;;
"3874,642,21,doctor,""That's good to hear, keep up with the treatment plan."",image,https://cdn.example.md/uploads/msg_3874.jpg,1,2026-08-30 08:09:00";;;;;;;
"3875,642,174,patient,""Hello doctor, I wanted to ask about my recent symptoms."",voice,https://cdn.example.md/uploads/msg_3875.mp3,1,2026-08-30 08:55:00";;;;;;;
"3876,642,21,doctor,""That's good to hear, keep up with the treatment plan."",image,https://cdn.example.md/uploads/msg_3876.jpg,1,2026-08-30 11:17:00";;;;;;;
3877,643,75,patient,Could you clarify the dosage instructions?,voice,https://cdn.example.md/uploads/msg_3877.mp3,0,2026-08-31 00:30:00;;;;;;;
3878,643,75,patient,When should I come back for a follow-up?,voice,https://cdn.example.md/uploads/msg_3878.mp3,1,2026-08-31 02:37:00;;;;;;;
"3879,643,17,doctor,""That side effect can occur, but let me know if it worsens."",image,https://cdn.example.md/uploads/msg_3879.jpg,0,2026-08-31 03:23:00";;;;;;;
"3880,643,75,patient,""Hello doctor, I wanted to ask about my recent symptoms."",image,https://cdn.example.md/uploads/msg_3880.jpg,1,2026-08-31 06:09:00";;;;;;;
"3881,643,17,doctor,""Thanks, I'll review the results and get back to you shortly."",voice,https://cdn.example.md/uploads/msg_3881.mp3,0,2026-08-31 07:29:00";;;;;;;
3882,644,281,patient,Is this side effect normal?,file,https://cdn.example.md/uploads/msg_3882.pdf,0,2026-08-15 01:27:00;;;;;;;
"3883,644,9,doctor,""You're welcome, take care and reach out if anything changes."",text,,1,2026-08-15 03:41:00";;;;;;;
3884,644,281,patient,Is it okay to take this medication with food?,text,,0,2026-08-15 06:30:00;;;;;;;
3885,644,281,patient,Is this side effect normal?,text,,1,2026-08-15 07:02:00;;;;;;;
3886,644,9,doctor,Take one tablet twice a day after meals.,text,,1,2026-08-15 07:06:00;;;;;;;
3887,644,281,patient,Can we reschedule my next appointment?,text,,0,2026-08-15 08:37:00;;;;;;;
"3888,645,367,patient,""I've been feeling better since the last visit, thank you."",text,,0,2026-08-21 02:50:00";;;;;;;
"3889,645,13,doctor,""That's good to hear, keep up with the treatment plan."",file,https://cdn.example.md/uploads/msg_3889.pdf,1,2026-08-21 03:53:00";;;;;;;
3890,645,367,patient,Is this side effect normal?,text,,0,2026-08-21 05:52:00;;;;;;;
"3891,645,13,doctor,""That could be normal, but let's schedule a check-up to be safe."",text,,1,2026-08-21 08:01:00";;;;;;;
3892,646,386,patient,Could you clarify the dosage instructions?,text,,1,2026-08-21 02:25:00;;;;;;;
3893,646,386,patient,Is this side effect normal?,text,,1,2026-08-21 04:17:00;;;;;;;
3894,646,386,patient,Is it okay to take this medication with food?,image,https://cdn.example.md/uploads/msg_3894.jpg,0,2026-08-21 04:33:00;;;;;;;
3895,646,19,doctor,Take one tablet twice a day after meals.,text,,1,2026-08-21 06:18:00;;;;;;;
3896,646,19,doctor,Please continue the medication as prescribed and monitor for changes.,image,https://cdn.example.md/uploads/msg_3896.jpg,0,2026-08-21 07:10:00;;;;;;;
"3897,647,17,doctor,""That's good to hear, keep up with the treatment plan."",image,https://cdn.example.md/uploads/msg_3897.jpg,0,2026-08-25 00:22:00";;;;;;;
3898,647,186,patient,Could you clarify the dosage instructions?,text,,0,2026-08-25 02:33:00;;;;;;;
"3899,647,17,doctor,""Sure, I can move it to next week. What day works for you?"",text,,0,2026-08-25 05:31:00";;;;;;;
"3900,647,17,doctor,""You're welcome, take care and reach out if anything changes."",text,,0,2026-08-25 06:46:00";;;;;;;
3901,647,17,doctor,Let's plan a follow-up in two weeks.,file,https://cdn.example.md/uploads/msg_3901.pdf,1,2026-08-25 07:21:00;;;;;;;
"3902,648,117,patient,""I still have some pain, should I be concerned?"",voice,https://cdn.example.md/uploads/msg_3902.mp3,1,2026-08-29 00:43:00";;;;;;;
"3903,648,25,doctor,""That's good to hear, keep up with the treatment plan."",file,https://cdn.example.md/uploads/msg_3903.pdf,1,2026-08-29 00:46:00";;;;;;;
3904,648,117,patient,Is this side effect normal?,text,,0,2026-08-29 02:52:00;;;;;;;
3905,648,117,patient,Thank you for the consultation today.,text,,0,2026-08-29 03:46:00;;;;;;;
"3906,648,117,patient,""I still have some pain, should I be concerned?"",voice,https://cdn.example.md/uploads/msg_3906.mp3,1,2026-08-29 04:30:00";;;;;;;
3907,649,6,doctor,Take one tablet twice a day after meals.,text,,0,2026-08-23 00:51:00;;;;;;;
"3908,649,247,patient,""I've been feeling better since the last visit, thank you."",file,https://cdn.example.md/uploads/msg_3908.pdf,1,2026-08-23 01:30:00";;;;;;;
"3909,649,6,doctor,""That could be normal, but let's schedule a check-up to be safe."",text,,0,2026-08-23 02:18:00";;;;;;;
"3910,649,6,doctor,""Thanks, I'll review the results and get back to you shortly."",image,https://cdn.example.md/uploads/msg_3910.jpg,1,2026-08-23 05:05:00";;;;;;;
"3911,649,6,doctor,""That side effect can occur, but let me know if it worsens."",text,,1,2026-08-23 05:09:00";;;;;;;
3912,649,247,patient,Can we reschedule my next appointment?,file,https://cdn.example.md/uploads/msg_3912.pdf,1,2026-08-23 07:24:00;;;;;;;
"3913,649,247,patient,""Hello doctor, I wanted to ask about my recent symptoms."",text,,0,2026-08-23 09:10:00";;;;;;;
3914,650,143,patient,When should I come back for a follow-up?,image,https://cdn.example.md/uploads/msg_3914.jpg,1,2026-08-29 01:34:00;;;;;;;
"3915,650,35,doctor,""Hello, thanks for reaching out. Let's review your symptoms."",image,https://cdn.example.md/uploads/msg_3915.jpg,0,2026-08-29 02:34:00";;;;;;;
"3916,650,143,patient,""Hello doctor, I wanted to ask about my recent symptoms."",text,,1,2026-08-29 02:39:00";;;;;;;
3917,650,35,doctor,Let's plan a follow-up in two weeks.,text,,1,2026-08-29 04:25:00;;;;;;;
"3918,650,35,doctor,""Thanks, I'll review the results and get back to you shortly."",voice,https://cdn.example.md/uploads/msg_3918.mp3,1,2026-08-29 04:35:00";;;;;;;
3919,650,143,patient,Is it okay to take this medication with food?,file,https://cdn.example.md/uploads/msg_3919.pdf,1,2026-08-29 05:26:00;;;;;;;
"3920,650,35,doctor,""Sure, I can move it to next week. What day works for you?"",text,,0,2026-08-29 07:36:00";;;;;;;
3921,650,143,patient,Can we reschedule my next appointment?,image,https://cdn.example.md/uploads/msg_3921.jpg,0,2026-08-29 08:05:00;;;;;;;
"3922,651,7,doctor,""That could be normal, but let's schedule a check-up to be safe."",text,,0,2026-09-01 01:34:00";;;;;;;
"3923,651,7,doctor,""Sure, I can move it to next week. What day works for you?"",text,,0,2026-09-01 03:52:00";;;;;;;
"3924,651,7,doctor,""That could be normal, but let's schedule a check-up to be safe."",text,,1,2026-09-01 06:08:00";;;;;;;
"3925,651,7,doctor,""That side effect can occur, but let me know if it worsens."",text,,1,2026-09-01 07:27:00";;;;;;;
3926,651,84,patient,Could you clarify the dosage instructions?,text,,1,2026-09-01 08:02:00;;;;;;;
"3927,651,7,doctor,""That side effect can occur, but let me know if it worsens."",text,,0,2026-09-01 10:45:00";;;;;;;
"3928,651,7,doctor,""That could be normal, but let's schedule a check-up to be safe."",voice,https://cdn.example.md/uploads/msg_3928.mp3,1,2026-09-01 11:44:00";;;;;;;
"3929,652,78,patient,""Hello doctor, I wanted to ask about my recent symptoms."",text,,1,2026-08-23 01:30:00";;;;;;;
"3930,652,78,patient,""Hello doctor, I wanted to ask about my recent symptoms."",image,https://cdn.example.md/uploads/msg_3930.jpg,1,2026-08-23 02:58:00";;;;;;;
"3931,652,14,doctor,""That's good to hear, keep up with the treatment plan."",text,,1,2026-08-23 05:57:00";;;;;;;
3932,652,14,doctor,Let's plan a follow-up in two weeks.,image,https://cdn.example.md/uploads/msg_3932.jpg,1,2026-08-23 08:14:00;;;;;;;
"3933,652,14,doctor,""That could be normal, but let's schedule a check-up to be safe."",text,,1,2026-08-23 10:46:00";;;;;;;
"3934,653,256,patient,""I still have some pain, should I be concerned?"",text,,1,2026-08-18 01:03:00";;;;;;;
"3935,653,36,doctor,""That side effect can occur, but let me know if it worsens."",voice,https://cdn.example.md/uploads/msg_3935.mp3,1,2026-08-18 02:51:00";;;;;;;
3936,653,256,patient,Is it okay to take this medication with food?,text,,1,2026-08-18 02:56:00;;;;;;;
3937,653,256,patient,Could you clarify the dosage instructions?,text,,1,2026-08-18 04:29:00;;;;;;;
"3938,653,36,doctor,""That's good to hear, keep up with the treatment plan."",text,,1,2026-08-18 05:53:00";;;;;;;
"3939,653,36,doctor,""Thanks, I'll review the results and get back to you shortly."",text,,1,2026-08-18 07:33:00";;;;;;;
"3940,653,36,doctor,""That could be normal, but let's schedule a check-up to be safe."",file,https://cdn.example.md/uploads/msg_3940.pdf,1,2026-08-18 10:21:00";;;;;;;
"3941,654,35,doctor,""That side effect can occur, but let me know if it worsens."",text,,1,2026-08-21 02:49:00";;;;;;;
3942,654,84,patient,Can we reschedule my next appointment?,text,,1,2026-08-21 04:14:00;;;;;;;
3943,654,84,patient,Thank you for the consultation today.,voice,https://cdn.example.md/uploads/msg_3943.mp3,0,2026-08-21 06:27:00;;;;;;;
3944,654,35,doctor,Take one tablet twice a day after meals.,file,https://cdn.example.md/uploads/msg_3944.pdf,1,2026-08-21 07:43:00;;;;;;;
"3945,654,84,patient,""I've been feeling better since the last visit, thank you."",text,,0,2026-08-21 09:52:00";;;;;;;
"3946,654,84,patient,""I've been feeling better since the last visit, thank you."",text,,1,2026-08-21 10:16:00";;;;;;;
"3947,654,35,doctor,""You're welcome, take care and reach out if anything changes."",text,,1,2026-08-21 11:05:00";;;;;;;
3948,654,84,patient,Could you clarify the dosage instructions?,text,,1,2026-08-21 12:45:00;;;;;;;
3949,655,125,patient,Is this side effect normal?,voice,https://cdn.example.md/uploads/msg_3949.mp3,1,2026-08-19 02:15:00;;;;;;;
3950,655,125,patient,Is this side effect normal?,text,,1,2026-08-19 04:22:00;;;;;;;
3951,655,125,patient,Is this side effect normal?,text,,0,2026-08-19 04:48:00;;;;;;;
3952,655,3,doctor,Let's plan a follow-up in two weeks.,file,https://cdn.example.md/uploads/msg_3952.pdf,0,2026-08-19 07:34:00;;;;;;;
"3953,655,3,doctor,""That's good to hear, keep up with the treatment plan."",image,https://cdn.example.md/uploads/msg_3953.jpg,1,2026-08-19 09:22:00";;;;;;;
"3954,655,3,doctor,""Hello, thanks for reaching out. Let's review your symptoms."",text,,1,2026-08-19 12:01:00";;;;;;;
"3955,655,3,doctor,""Hello, thanks for reaching out. Let's review your symptoms."",voice,https://cdn.example.md/uploads/msg_3955.mp3,1,2026-08-19 12:09:00";;;;;;;
"3956,656,15,doctor,""You're welcome, take care and reach out if anything changes."",file,https://cdn.example.md/uploads/msg_3956.pdf,1,2026-08-21 00:47:00";;;;;;;
3957,656,15,doctor,Take one tablet twice a day after meals.,file,https://cdn.example.md/uploads/msg_3957.pdf,1,2026-08-21 02:06:00;;;;;;;
"3958,656,15,doctor,""That's good to hear, keep up with the treatment plan."",image,https://cdn.example.md/uploads/msg_3958.jpg,1,2026-08-21 03:01:00";;;;;;;
3959,656,15,doctor,Please continue the medication as prescribed and monitor for changes.,image,https://cdn.example.md/uploads/msg_3959.jpg,1,2026-08-21 05:59:00;;;;;;;
"3960,656,109,patient,""Hello doctor, I wanted to ask about my recent symptoms."",text,,1,2026-08-21 07:02:00";;;;;;;
3961,657,86,patient,Could you clarify the dosage instructions?,file,https://cdn.example.md/uploads/msg_3961.pdf,1,2026-08-22 00:46:00;;;;;;;
3962,657,22,doctor,Let's plan a follow-up in two weeks.,voice,https://cdn.example.md/uploads/msg_3962.mp3,0,2026-08-22 00:48:00;;;;;;;
"3963,657,86,patient,""I uploaded my lab results, please check when you can."",text,,1,2026-08-22 02:10:00";;;;;;;
"3964,657,22,doctor,""Thanks, I'll review the results and get back to you shortly."",image,https://cdn.example.md/uploads/msg_3964.jpg,0,2026-08-22 04:40:00";;;;;;;
"3965,657,86,patient,""I uploaded my lab results, please check when you can."",voice,https://cdn.example.md/uploads/msg_3965.mp3,1,2026-08-22 07:26:00";;;;;;;
"3966,657,86,patient,""Hello doctor, I wanted to ask about my recent symptoms."",text,,0,2026-08-22 10:22:00";;;;;;;
"3967,658,321,patient,""I've been feeling better since the last visit, thank you."",voice,https://cdn.example.md/uploads/msg_3967.mp3,0,2026-08-16 02:21:00";;;;;;;
"3968,658,13,doctor,""That side effect can occur, but let me know if it worsens."",voice,https://cdn.example.md/uploads/msg_3968.mp3,1,2026-08-16 04:43:00";;;;;;;
"3969,658,321,patient,""I uploaded my lab results, please check when you can."",text,,0,2026-08-16 06:45:00";;;;;;;
3970,658,321,patient,Is it okay to take this medication with food?,text,,1,2026-08-16 08:28:00;;;;;;;
3971,658,13,doctor,Please continue the medication as prescribed and monitor for changes.,text,,0,2026-08-16 09:37:00;;;;;;;
"3972,658,321,patient,""I still have some pain, should I be concerned?"",image,https://cdn.example.md/uploads/msg_3972.jpg,0,2026-08-16 12:05:00";;;;;;;
"3973,659,32,doctor,""Sure, I can move it to next week. What day works for you?"",text,,1,2026-08-20 02:40:00";;;;;;;
3974,659,52,patient,Is this side effect normal?,text,,1,2026-08-20 04:36:00;;;;;;;
"3975,659,32,doctor,""Hello, thanks for reaching out. Let's review your symptoms."",text,,0,2026-08-20 07:24:00";;;;;;;
3976,659,52,patient,Can we reschedule my next appointment?,text,,1,2026-08-20 09:51:00;;;;;;;
3977,659,32,doctor,Let's plan a follow-up in two weeks.,voice,https://cdn.example.md/uploads/msg_3977.mp3,0,2026-08-20 12:03:00;;;;;;;
"3978,660,107,patient,""I've been feeling better since the last visit, thank you."",text,,0,2026-08-16 00:53:00";;;;;;;
3979,660,107,patient,Is it okay to take this medication with food?,text,,1,2026-08-16 02:53:00;;;;;;;
"3980,660,34,doctor,""Hello, thanks for reaching out. Let's review your symptoms."",text,,1,2026-08-16 04:18:00";;;;;;;
3981,660,34,doctor,Please continue the medication as prescribed and monitor for changes.,text,,1,2026-08-16 06:07:00;;;;;;;
"3982,660,34,doctor,""Sure, I can move it to next week. What day works for you?"",text,,1,2026-08-16 06:33:00";;;;;;;
"3983,661,14,patient,""I still have some pain, should I be concerned?"",text,,1,2026-08-26 01:13:00";;;;;;;
3984,661,14,patient,When should I come back for a follow-up?,text,,0,2026-08-26 03:02:00;;;;;;;
"3985,661,15,doctor,""Thanks, I'll review the results and get back to you shortly."",text,,1,2026-08-26 03:31:00";;;;;;;
"3986,661,14,patient,""Hello doctor, I wanted to ask about my recent symptoms."",image,https://cdn.example.md/uploads/msg_3986.jpg,0,2026-08-26 05:01:00";;;;;;;
"3987,662,276,patient,""I've been feeling better since the last visit, thank you."",text,,0,2026-08-29 02:09:00";;;;;;;
3988,662,276,patient,Thank you for the consultation today.,text,,1,2026-08-29 05:09:00;;;;;;;
3989,662,276,patient,Could you clarify the dosage instructions?,file,https://cdn.example.md/uploads/msg_3989.pdf,0,2026-08-29 07:03:00;;;;;;;
"3990,662,276,patient,""I still have some pain, should I be concerned?"",image,https://cdn.example.md/uploads/msg_3990.jpg,1,2026-08-29 09:29:00";;;;;;;
3991,662,276,patient,Could you clarify the dosage instructions?,file,https://cdn.example.md/uploads/msg_3991.pdf,1,2026-08-29 10:32:00;;;;;;;
"3992,662,276,patient,""Hello doctor, I wanted to ask about my recent symptoms."",text,,1,2026-08-29 12:51:00";;;;;;;
3993,662,276,patient,Thank you for the consultation today.,text,,0,2026-08-29 14:53:00;;;;;;;
3994,662,6,doctor,Please continue the medication as prescribed and monitor for changes.,text,,1,2026-08-29 15:10:00;;;;;;;
"3995,663,2,doctor,""You're welcome, take care and reach out if anything changes."",text,,1,2026-09-01 01:57:00";;;;;;;
"3996,663,2,doctor,""Sure, I can move it to next week. What day works for you?"",text,,1,2026-09-01 03:47:00";;;;;;;
3997,663,300,patient,When should I come back for a follow-up?,text,,0,2026-09-01 05:29:00;;;;;;;
"3998,663,2,doctor,""Hello, thanks for reaching out. Let's review your symptoms."",file,https://cdn.example.md/uploads/msg_3998.pdf,1,2026-09-01 05:46:00";;;;;;;
"3999,664,39,doctor,""Hello, thanks for reaching out. Let's review your symptoms."",text,,0,2026-09-01 01:57:00";;;;;;;
4000,664,39,doctor,Let's plan a follow-up in two weeks.,image,https://cdn.example.md/uploads/msg_4000.jpg,1,2026-09-01 04:57:00;;;;;;;
4001,664,99,patient,Is this side effect normal?,text,,0,2026-09-01 07:12:00;;;;;;;
4002,664,99,patient,Could you clarify the dosage instructions?,text,,1,2026-09-01 08:35:00;;;;;;;
"4003,664,39,doctor,""That side effect can occur, but let me know if it worsens."",voice,https://cdn.example.md/uploads/msg_4003.mp3,0,2026-09-01 11:11:00";;;;;;;
"4004,665,40,doctor,""Thanks, I'll review the results and get back to you shortly."",text,,1,2026-08-29 01:28:00";;;;;;;
"4005,665,40,doctor,""That could be normal, but let's schedule a check-up to be safe."",file,https://cdn.example.md/uploads/msg_4005.pdf,0,2026-08-29 03:53:00";;;;;;;
"4006,665,110,patient,""I still have some pain, should I be concerned?"",file,https://cdn.example.md/uploads/msg_4006.pdf,1,2026-08-29 04:16:00";;;;;;;
"4007,665,110,patient,""I've been feeling better since the last visit, thank you."",voice,https://cdn.example.md/uploads/msg_4007.mp3,0,2026-08-29 05:17:00";;;;;;;
"4008,665,40,doctor,""Hello, thanks for reaching out. Let's review your symptoms."",text,,1,2026-08-29 05:39:00";;;;;;;
4009,665,110,patient,Can we reschedule my next appointment?,voice,https://cdn.example.md/uploads/msg_4009.mp3,1,2026-08-29 07:02:00;;;;;;;
"4010,665,40,doctor,""You're welcome, take care and reach out if anything changes."",image,https://cdn.example.md/uploads/msg_4010.jpg,1,2026-08-29 09:08:00";;;;;;;
"4011,665,40,doctor,""Thanks, I'll review the results and get back to you shortly."",image,https://cdn.example.md/uploads/msg_4011.jpg,1,2026-08-29 09:57:00";;;;;;;
"4012,666,259,patient,""I've been feeling better since the last visit, thank you."",text,,0,2026-08-12 02:05:00";;;;;;;
"4013,666,8,doctor,""Hello, thanks for reaching out. Let's review your symptoms."",file,https://cdn.example.md/uploads/msg_4013.pdf,1,2026-08-12 04:05:00";;;;;;;
4014,666,8,doctor,Let's plan a follow-up in two weeks.,text,,0,2026-08-12 05:48:00;;;;;;;
"4015,666,259,patient,""Hello doctor, I wanted to ask about my recent symptoms."",file,https://cdn.example.md/uploads/msg_4015.pdf,0,2026-08-12 08:06:00";;;;;;;
"4016,666,259,patient,""I've been feeling better since the last visit, thank you."",voice,https://cdn.example.md/uploads/msg_4016.mp3,1,2026-08-12 10:36:00";;;;;;;
"4017,667,8,doctor,""Thanks, I'll review the results and get back to you shortly."",file,https://cdn.example.md/uploads/msg_4017.pdf,0,2026-08-22 00:12:00";;;;;;;
"4018,667,133,patient,""Hello doctor, I wanted to ask about my recent symptoms."",text,,1,2026-08-22 02:45:00";;;;;;;
"4019,667,8,doctor,""You're welcome, take care and reach out if anything changes."",text,,0,2026-08-22 03:00:00";;;;;;;
4020,667,8,doctor,Take one tablet twice a day after meals.,text,,1,2026-08-22 04:33:00;;;;;;;
"4021,667,8,doctor,""That's good to hear, keep up with the treatment plan."",image,https://cdn.example.md/uploads/msg_4021.jpg,1,2026-08-22 07:00:00";;;;;;;
4022,668,153,patient,Thank you for the consultation today.,voice,https://cdn.example.md/uploads/msg_4022.mp3,1,2026-08-29 00:47:00;;;;;;;
"4023,668,7,doctor,""That's good to hear, keep up with the treatment plan."",text,,0,2026-08-29 02:58:00";;;;;;;
"4024,668,7,doctor,""Thanks, I'll review the results and get back to you shortly."",text,,1,2026-08-29 03:22:00";;;;;;;
"4025,668,153,patient,""I've been feeling better since the last visit, thank you."",text,,1,2026-08-29 05:39:00";;;;;;;
"4026,668,7,doctor,""That side effect can occur, but let me know if it worsens."",image,https://cdn.example.md/uploads/msg_4026.jpg,1,2026-08-29 06:51:00";;;;;;;
4027,668,153,patient,Thank you for the consultation today.,text,,1,2026-08-29 08:52:00;;;;;;;
4028,669,74,patient,When should I come back for a follow-up?,text,,1,2026-08-28 00:14:00;;;;;;;
"4029,669,18,doctor,""That could be normal, but let's schedule a check-up to be safe."",text,,1,2026-08-28 01:31:00";;;;;;;
4030,669,18,doctor,Take one tablet twice a day after meals.,voice,https://cdn.example.md/uploads/msg_4030.mp3,1,2026-08-28 03:55:00;;;;;;;
4031,669,74,patient,Thank you for the consultation today.,text,,0,2026-08-28 04:55:00;;;;;;;
"4032,669,74,patient,""Hello doctor, I wanted to ask about my recent symptoms."",file,https://cdn.example.md/uploads/msg_4032.pdf,0,2026-08-28 06:45:00";;;;;;;
"4033,669,18,doctor,""That could be normal, but let's schedule a check-up to be safe."",voice,https://cdn.example.md/uploads/msg_4033.mp3,1,2026-08-28 08:56:00";;;;;;;
"4034,669,18,doctor,""That could be normal, but let's schedule a check-up to be safe."",text,,1,2026-08-28 10:17:00";;;;;;;
"4035,670,12,patient,""I still have some pain, should I be concerned?"",file,https://cdn.example.md/uploads/msg_4035.pdf,0,2026-08-31 00:34:00";;;;;;;
"4036,670,22,doctor,""Thanks, I'll review the results and get back to you shortly."",voice,https://cdn.example.md/uploads/msg_4036.mp3,0,2026-08-31 02:53:00";;;;;;;
4037,670,22,doctor,Please continue the medication as prescribed and monitor for changes.,text,,1,2026-08-31 04:19:00;;;;;;;
"4038,670,12,patient,""I've been feeling better since the last visit, thank you."",voice,https://cdn.example.md/uploads/msg_4038.mp3,1,2026-08-31 06:25:00";;;;;;;
4039,670,12,patient,When should I come back for a follow-up?,text,,0,2026-08-31 08:33:00;;;;;;;
"4040,670,22,doctor,""Thanks, I'll review the results and get back to you shortly."",text,,0,2026-08-31 09:26:00";;;;;;;
4041,670,12,patient,Is this side effect normal?,voice,https://cdn.example.md/uploads/msg_4041.mp3,1,2026-08-31 09:51:00;;;;;;;
4042,670,12,patient,Can we reschedule my next appointment?,text,,1,2026-08-31 10:16:00;;;;;;;
"4043,671,143,patient,""Hello doctor, I wanted to ask about my recent symptoms."",voice,https://cdn.example.md/uploads/msg_4043.mp3,1,2026-08-17 00:56:00";;;;;;;
4044,671,13,doctor,Please continue the medication as prescribed and monitor for changes.,text,,1,2026-08-17 01:44:00;;;;;;;
"4045,671,13,doctor,""That side effect can occur, but let me know if it worsens."",text,,0,2026-08-17 02:34:00";;;;;;;
"4046,671,143,patient,""I still have some pain, should I be concerned?"",text,,1,2026-08-17 03:09:00";;;;;;;
4047,671,13,doctor,Let's plan a follow-up in two weeks.,text,,0,2026-08-17 05:10:00;;;;;;;
"4048,671,143,patient,""Hello doctor, I wanted to ask about my recent symptoms."",text,,1,2026-08-17 05:48:00";;;;;;;
4049,671,13,doctor,Take one tablet twice a day after meals.,image,https://cdn.example.md/uploads/msg_4049.jpg,1,2026-08-17 08:29:00;;;;;;;
4050,672,32,doctor,Let's plan a follow-up in two weeks.,text,,1,2026-08-17 02:38:00;;;;;;;
"4051,672,32,doctor,""You're welcome, take care and reach out if anything changes."",file,https://cdn.example.md/uploads/msg_4051.pdf,1,2026-08-17 05:07:00";;;;;;;
"4052,672,79,patient,""I've been feeling better since the last visit, thank you."",text,,1,2026-08-17 07:14:00";;;;;;;
4053,672,79,patient,Could you clarify the dosage instructions?,text,,0,2026-08-17 07:56:00;;;;;;;
4054,672,79,patient,When should I come back for a follow-up?,text,,1,2026-08-17 08:22:00;;;;;;;
4055,673,39,doctor,Take one tablet twice a day after meals.,text,,1,2026-08-21 00:03:00;;;;;;;
"4056,673,39,doctor,""Sure, I can move it to next week. What day works for you?"",text,,1,2026-08-21 00:58:00";;;;;;;
4057,673,86,patient,Is this side effect normal?,image,https://cdn.example.md/uploads/msg_4057.jpg,1,2026-08-21 01:10:00;;;;;;;
4058,673,86,patient,Is it okay to take this medication with food?,image,https://cdn.example.md/uploads/msg_4058.jpg,1,2026-08-21 01:52:00;;;;;;;
4059,673,39,doctor,Let's plan a follow-up in two weeks.,text,,1,2026-08-21 04:50:00;;;;;;;
"4060,673,86,patient,""Hello doctor, I wanted to ask about my recent symptoms."",text,,1,2026-08-21 05:29:00";;;;;;;
4061,673,86,patient,Is this side effect normal?,image,https://cdn.example.md/uploads/msg_4061.jpg,1,2026-08-21 06:50:00;;;;;;;
"4062,673,39,doctor,""Sure, I can move it to next week. What day works for you?"",text,,1,2026-08-21 08:56:00";;;;;;;
4063,674,88,patient,Is it okay to take this medication with food?,image,https://cdn.example.md/uploads/msg_4063.jpg,0,2026-08-18 01:26:00;;;;;;;
"4064,674,88,patient,""I uploaded my lab results, please check when you can."",text,,1,2026-08-18 03:15:00";;;;;;;
4065,674,88,patient,Thank you for the consultation today.,image,https://cdn.example.md/uploads/msg_4065.jpg,1,2026-08-18 06:11:00;;;;;;;
4066,674,88,patient,When should I come back for a follow-up?,text,,1,2026-08-18 09:04:00;;;;;;;
"4067,674,19,doctor,""You're welcome, take care and reach out if anything changes."",text,,1,2026-08-18 09:11:00";;;;;;;
4068,674,88,patient,Could you clarify the dosage instructions?,text,,1,2026-08-18 10:47:00;;;;;;;
"4069,675,7,doctor,""Sure, I can move it to next week. What day works for you?"",image,https://cdn.example.md/uploads/msg_4069.jpg,0,2026-08-29 02:33:00";;;;;;;
4070,675,7,doctor,Take one tablet twice a day after meals.,text,,1,2026-08-29 04:06:00;;;;;;;
4071,675,50,patient,Is this side effect normal?,text,,1,2026-08-29 05:25:00;;;;;;;
4072,675,7,doctor,Take one tablet twice a day after meals.,voice,https://cdn.example.md/uploads/msg_4072.mp3,1,2026-08-29 06:18:00;;;;;;;
"4073,675,7,doctor,""Sure, I can move it to next week. What day works for you?"",file,https://cdn.example.md/uploads/msg_4073.pdf,1,2026-08-29 08:23:00";;;;;;;
"4074,675,50,patient,""I uploaded my lab results, please check when you can."",file,https://cdn.example.md/uploads/msg_4074.pdf,1,2026-08-29 10:28:00";;;;;;;
"4075,676,27,doctor,""Sure, I can move it to next week. What day works for you?"",voice,https://cdn.example.md/uploads/msg_4075.mp3,1,2026-08-24 01:55:00";;;;;;;
4076,676,27,doctor,Let's plan a follow-up in two weeks.,text,,1,2026-08-24 03:00:00;;;;;;;
4077,676,219,patient,Is it okay to take this medication with food?,file,https://cdn.example.md/uploads/msg_4077.pdf,1,2026-08-24 03:42:00;;;;;;;
4078,676,219,patient,Can we reschedule my next appointment?,text,,0,2026-08-24 03:46:00;;;;;;;
4079,676,219,patient,Could you clarify the dosage instructions?,text,,0,2026-08-24 05:56:00;;;;;;;
"4080,676,219,patient,""I still have some pain, should I be concerned?"",text,,0,2026-08-24 06:23:00";;;;;;;
4081,676,219,patient,When should I come back for a follow-up?,text,,1,2026-08-24 07:55:00;;;;;;;
"4082,676,27,doctor,""That's good to hear, keep up with the treatment plan."",file,https://cdn.example.md/uploads/msg_4082.pdf,1,2026-08-24 08:50:00";;;;;;;
4083,677,38,doctor,Please continue the medication as prescribed and monitor for changes.,file,https://cdn.example.md/uploads/msg_4083.pdf,1,2026-08-16 00:09:00;;;;;;;
"4084,677,38,doctor,""You're welcome, take care and reach out if anything changes."",image,https://cdn.example.md/uploads/msg_4084.jpg,1,2026-08-16 01:46:00";;;;;;;
"4085,677,155,patient,""I uploaded my lab results, please check when you can."",file,https://cdn.example.md/uploads/msg_4085.pdf,1,2026-08-16 03:53:00";;;;;;;
"4086,677,38,doctor,""That side effect can occur, but let me know if it worsens."",text,,1,2026-08-16 04:19:00";;;;;;;
"4087,677,155,patient,""I uploaded my lab results, please check when you can."",voice,https://cdn.example.md/uploads/msg_4087.mp3,1,2026-08-16 04:44:00";;;;;;;
"4088,678,7,doctor,""You're welcome, take care and reach out if anything changes."",text,,0,2026-08-18 01:12:00";;;;;;;
4089,678,17,patient,When should I come back for a follow-up?,text,,1,2026-08-18 03:14:00;;;;;;;
"4090,678,17,patient,""I've been feeling better since the last visit, thank you."",file,https://cdn.example.md/uploads/msg_4090.pdf,1,2026-08-18 03:34:00";;;;;;;
"4091,678,7,doctor,""Hello, thanks for reaching out. Let's review your symptoms."",text,,0,2026-08-18 04:49:00";;;;;;;
"4092,678,17,patient,""I uploaded my lab results, please check when you can."",text,,0,2026-08-18 06:10:00";;;;;;;
"4093,678,7,doctor,""Hello, thanks for reaching out. Let's review your symptoms."",text,,0,2026-08-18 08:11:00";;;;;;;
4094,678,7,doctor,Take one tablet twice a day after meals.,voice,https://cdn.example.md/uploads/msg_4094.mp3,1,2026-08-18 09:15:00;;;;;;;
4095,679,6,doctor,Let's plan a follow-up in two weeks.,text,,1,2026-08-16 00:46:00;;;;;;;
4096,679,163,patient,Thank you for the consultation today.,voice,https://cdn.example.md/uploads/msg_4096.mp3,1,2026-08-16 02:56:00;;;;;;;
4097,679,163,patient,Is it okay to take this medication with food?,file,https://cdn.example.md/uploads/msg_4097.pdf,0,2026-08-16 03:22:00;;;;;;;
"4098,679,163,patient,""I uploaded my lab results, please check when you can."",text,,1,2026-08-16 05:23:00";;;;;;;
4099,679,163,patient,Is it okay to take this medication with food?,file,https://cdn.example.md/uploads/msg_4099.pdf,1,2026-08-16 07:48:00;;;;;;;
"4100,680,3,doctor,""That side effect can occur, but let me know if it worsens."",file,https://cdn.example.md/uploads/msg_4100.pdf,1,2026-08-31 02:49:00";;;;;;;
4101,680,14,patient,Is this side effect normal?,text,,1,2026-08-31 05:47:00;;;;;;;
4102,680,3,doctor,Please continue the medication as prescribed and monitor for changes.,voice,https://cdn.example.md/uploads/msg_4102.mp3,1,2026-08-31 06:21:00;;;;;;;
4103,680,14,patient,Can we reschedule my next appointment?,text,,1,2026-08-31 07:07:00;;;;;;;
"4104,680,3,doctor,""You're welcome, take care and reach out if anything changes."",text,,1,2026-08-31 08:24:00";;;;;;;
"4105,680,3,doctor,""Thanks, I'll review the results and get back to you shortly."",voice,https://cdn.example.md/uploads/msg_4105.mp3,1,2026-08-31 09:43:00";;;;;;;
"4106,680,3,doctor,""That's good to hear, keep up with the treatment plan."",image,https://cdn.example.md/uploads/msg_4106.jpg,1,2026-08-31 11:05:00";;;;;;;
4107,680,14,patient,Can we reschedule my next appointment?,text,,1,2026-08-31 13:55:00;;;;;;;
4108,681,23,doctor,Take one tablet twice a day after meals.,text,,1,2026-08-15 00:10:00;;;;;;;
"4109,681,122,patient,""I uploaded my lab results, please check when you can."",text,,0,2026-08-15 00:18:00";;;;;;;
"4110,681,23,doctor,""That could be normal, but let's schedule a check-up to be safe."",text,,1,2026-08-15 01:53:00";;;;;;;
"4111,681,23,doctor,""That could be normal, but let's schedule a check-up to be safe."",voice,https://cdn.example.md/uploads/msg_4111.mp3,0,2026-08-15 03:59:00";;;;;;;
"4112,681,23,doctor,""That could be normal, but let's schedule a check-up to be safe."",image,https://cdn.example.md/uploads/msg_4112.jpg,0,2026-08-15 06:57:00";;;;;;;
"4113,682,23,doctor,""Hello, thanks for reaching out. Let's review your symptoms."",text,,1,2026-08-29 00:35:00";;;;;;;
"4114,682,279,patient,""Hello doctor, I wanted to ask about my recent symptoms."",image,https://cdn.example.md/uploads/msg_4114.jpg,1,2026-08-29 02:48:00";;;;;;;
4115,682,23,doctor,Take one tablet twice a day after meals.,image,https://cdn.example.md/uploads/msg_4115.jpg,0,2026-08-29 04:36:00;;;;;;;
"4116,682,23,doctor,""That could be normal, but let's schedule a check-up to be safe."",text,,1,2026-08-29 05:47:00";;;;;;;
"4117,682,23,doctor,""That side effect can occur, but let me know if it worsens."",text,,1,2026-08-29 08:03:00";;;;;;;
"4118,682,279,patient,""Hello doctor, I wanted to ask about my recent symptoms."",text,,0,2026-08-29 09:33:00";;;;;;;
4119,683,25,doctor,Take one tablet twice a day after meals.,file,https://cdn.example.md/uploads/msg_4119.pdf,1,2026-08-24 00:49:00;;;;;;;
"4120,683,25,doctor,""That side effect can occur, but let me know if it worsens."",text,,1,2026-08-24 02:16:00";;;;;;;
"4121,683,377,patient,""Hello doctor, I wanted to ask about my recent symptoms."",file,https://cdn.example.md/uploads/msg_4121.pdf,1,2026-08-24 04:13:00";;;;;;;
"4122,683,25,doctor,""That could be normal, but let's schedule a check-up to be safe."",text,,0,2026-08-24 04:53:00";;;;;;;
"4123,684,38,patient,""I've been feeling better since the last visit, thank you."",text,,1,2026-08-20 02:04:00";;;;;;;
4124,684,38,patient,Can we reschedule my next appointment?,text,,0,2026-08-20 04:20:00;;;;;;;
4125,684,38,patient,Thank you for the consultation today.,text,,1,2026-08-20 06:37:00;;;;;;;
4126,684,38,patient,Could you clarify the dosage instructions?,voice,https://cdn.example.md/uploads/msg_4126.mp3,0,2026-08-20 09:22:00;;;;;;;
4127,684,38,patient,Can we reschedule my next appointment?,image,https://cdn.example.md/uploads/msg_4127.jpg,1,2026-08-20 10:55:00;;;;;;;
4128,684,3,doctor,Let's plan a follow-up in two weeks.,image,https://cdn.example.md/uploads/msg_4128.jpg,1,2026-08-20 12:03:00;;;;;;;
4129,685,166,patient,Can we reschedule my next appointment?,text,,1,2026-08-12 00:01:00;;;;;;;
"4130,685,34,doctor,""Hello, thanks for reaching out. Let's review your symptoms."",text,,1,2026-08-12 01:11:00";;;;;;;
4131,685,166,patient,Is it okay to take this medication with food?,voice,https://cdn.example.md/uploads/msg_4131.mp3,1,2026-08-12 02:23:00;;;;;;;
"4132,685,166,patient,""Hello doctor, I wanted to ask about my recent symptoms."",file,https://cdn.example.md/uploads/msg_4132.pdf,1,2026-08-12 03:25:00";;;;;;;
4133,685,166,patient,Is this side effect normal?,text,,1,2026-08-12 04:57:00;;;;;;;
"4134,685,34,doctor,""Hello, thanks for reaching out. Let's review your symptoms."",image,https://cdn.example.md/uploads/msg_4134.jpg,1,2026-08-12 07:57:00";;;;;;;
"4135,685,166,patient,""I still have some pain, should I be concerned?"",text,,0,2026-08-12 10:22:00";;;;;;;
4136,686,302,patient,Can we reschedule my next appointment?,text,,1,2026-08-29 01:12:00;;;;;;;
"4137,686,33,doctor,""Hello, thanks for reaching out. Let's review your symptoms."",text,,1,2026-08-29 04:06:00";;;;;;;
"4138,686,33,doctor,""Thanks, I'll review the results and get back to you shortly."",text,,1,2026-08-29 06:26:00";;;;;;;
"4139,686,302,patient,""I still have some pain, should I be concerned?"",image,https://cdn.example.md/uploads/msg_4139.jpg,1,2026-08-29 08:37:00";;;;;;;
4140,686,302,patient,When should I come back for a follow-up?,image,https://cdn.example.md/uploads/msg_4140.jpg,1,2026-08-29 08:53:00;;;;;;;
"4141,686,33,doctor,""That could be normal, but let's schedule a check-up to be safe."",voice,https://cdn.example.md/uploads/msg_4141.mp3,1,2026-08-29 11:30:00";;;;;;;
"4142,686,33,doctor,""Thanks, I'll review the results and get back to you shortly."",voice,https://cdn.example.md/uploads/msg_4142.mp3,1,2026-08-29 13:19:00";;;;;;;
4143,686,302,patient,Is it okay to take this medication with food?,file,https://cdn.example.md/uploads/msg_4143.pdf,0,2026-08-29 16:08:00;;;;;;;
4144,687,58,patient,When should I come back for a follow-up?,text,,0,2026-08-23 01:05:00;;;;;;;
4145,687,58,patient,When should I come back for a follow-up?,text,,1,2026-08-23 01:16:00;;;;;;;
"4146,687,32,doctor,""You're welcome, take care and reach out if anything changes."",image,https://cdn.example.md/uploads/msg_4146.jpg,1,2026-08-23 03:53:00";;;;;;;
"4147,687,58,patient,""Hello doctor, I wanted to ask about my recent symptoms."",text,,1,2026-08-23 05:28:00";;;;;;;
4148,688,22,doctor,Let's plan a follow-up in two weeks.,text,,0,2026-08-19 00:53:00;;;;;;;
"4149,688,22,doctor,""Thanks, I'll review the results and get back to you shortly."",file,https://cdn.example.md/uploads/msg_4149.pdf,1,2026-08-19 01:58:00";;;;;;;
"4150,688,352,patient,""I've been feeling better since the last visit, thank you."",text,,0,2026-08-19 03:51:00";;;;;;;
"4151,688,22,doctor,""That side effect can occur, but let me know if it worsens."",text,,1,2026-08-19 05:31:00";;;;;;;
"4152,688,22,doctor,""Sure, I can move it to next week. What day works for you?"",text,,1,2026-08-19 05:55:00";;;;;;;
"4153,689,27,patient,""Hello doctor, I wanted to ask about my recent symptoms."",text,,0,2026-08-31 00:05:00";;;;;;;
"4154,689,27,patient,""I uploaded my lab results, please check when you can."",text,,1,2026-08-31 00:30:00";;;;;;;
4155,689,27,patient,When should I come back for a follow-up?,text,,1,2026-08-31 03:15:00;;;;;;;
4156,689,27,patient,Can we reschedule my next appointment?,text,,0,2026-08-31 03:26:00;;;;;;;
4157,689,27,patient,Can we reschedule my next appointment?,text,,0,2026-08-31 05:02:00;;;;;;;
"4158,689,27,patient,""I still have some pain, should I be concerned?"",text,,1,2026-08-31 06:41:00";;;;;;;
4159,689,5,doctor,Take one tablet twice a day after meals.,image,https://cdn.example.md/uploads/msg_4159.jpg,1,2026-08-31 09:00:00;;;;;;;
4160,689,27,patient,When should I come back for a follow-up?,text,,0,2026-08-31 10:30:00;;;;;;;
4161,690,379,patient,Can we reschedule my next appointment?,file,https://cdn.example.md/uploads/msg_4161.pdf,1,2026-08-12 01:41:00;;;;;;;
"4162,690,36,doctor,""Sure, I can move it to next week. What day works for you?"",file,https://cdn.example.md/uploads/msg_4162.pdf,0,2026-08-12 03:16:00";;;;;;;
"4163,690,36,doctor,""Thanks, I'll review the results and get back to you shortly."",text,,1,2026-08-12 05:15:00";;;;;;;
"4164,690,36,doctor,""That could be normal, but let's schedule a check-up to be safe."",text,,1,2026-08-12 07:01:00";;;;;;;
"4165,690,36,doctor,""That could be normal, but let's schedule a check-up to be safe."",voice,https://cdn.example.md/uploads/msg_4165.mp3,0,2026-08-12 09:49:00";;;;;;;
"4166,690,379,patient,""Hello doctor, I wanted to ask about my recent symptoms."",file,https://cdn.example.md/uploads/msg_4166.pdf,1,2026-08-12 11:24:00";;;;;;;
"4167,690,379,patient,""Hello doctor, I wanted to ask about my recent symptoms."",image,https://cdn.example.md/uploads/msg_4167.jpg,1,2026-08-12 13:42:00";;;;;;;
4168,690,379,patient,Is it okay to take this medication with food?,text,,0,2026-08-12 14:43:00;;;;;;;
4169,691,268,patient,Thank you for the consultation today.,text,,1,2026-08-12 02:38:00;;;;;;;
4170,691,268,patient,Could you clarify the dosage instructions?,text,,0,2026-08-12 02:39:00;;;;;;;
"4171,691,268,patient,""Hello doctor, I wanted to ask about my recent symptoms."",file,https://cdn.example.md/uploads/msg_4171.pdf,0,2026-08-12 02:50:00";;;;;;;
"4172,691,268,patient,""Hello doctor, I wanted to ask about my recent symptoms."",text,,1,2026-08-12 03:20:00";;;;;;;
"4173,691,268,patient,""I uploaded my lab results, please check when you can."",text,,1,2026-08-12 05:36:00";;;;;;;
4174,691,268,patient,Thank you for the consultation today.,file,https://cdn.example.md/uploads/msg_4174.pdf,1,2026-08-12 07:31:00;;;;;;;
4175,691,268,patient,Could you clarify the dosage instructions?,text,,0,2026-08-12 07:43:00;;;;;;;
"4176,691,38,doctor,""That side effect can occur, but let me know if it worsens."",file,https://cdn.example.md/uploads/msg_4176.pdf,1,2026-08-12 09:11:00";;;;;;;
"4177,692,32,doctor,""Thanks, I'll review the results and get back to you shortly."",text,,1,2026-08-16 02:06:00";;;;;;;
"4178,692,32,doctor,""That side effect can occur, but let me know if it worsens."",image,https://cdn.example.md/uploads/msg_4178.jpg,1,2026-08-16 04:57:00";;;;;;;
"4179,692,32,doctor,""That could be normal, but let's schedule a check-up to be safe."",image,https://cdn.example.md/uploads/msg_4179.jpg,0,2026-08-16 06:45:00";;;;;;;
4180,692,345,patient,Is this side effect normal?,file,https://cdn.example.md/uploads/msg_4180.pdf,1,2026-08-16 09:09:00;;;;;;;
"4181,693,8,doctor,""That side effect can occur, but let me know if it worsens."",text,,1,2026-08-27 01:39:00";;;;;;;
"4182,693,8,doctor,""That could be normal, but let's schedule a check-up to be safe."",voice,https://cdn.example.md/uploads/msg_4182.mp3,1,2026-08-27 03:16:00";;;;;;;
"4183,693,234,patient,""I still have some pain, should I be concerned?"",file,https://cdn.example.md/uploads/msg_4183.pdf,1,2026-08-27 03:48:00";;;;;;;
"4184,693,8,doctor,""Hello, thanks for reaching out. Let's review your symptoms."",text,,1,2026-08-27 05:00:00";;;;;;;
"4185,693,8,doctor,""That side effect can occur, but let me know if it worsens."",file,https://cdn.example.md/uploads/msg_4185.pdf,1,2026-08-27 07:11:00";;;;;;;
"4186,693,8,doctor,""Thanks, I'll review the results and get back to you shortly."",text,,0,2026-08-27 10:10:00";;;;;;;
"4187,693,234,patient,""I uploaded my lab results, please check when you can."",file,https://cdn.example.md/uploads/msg_4187.pdf,1,2026-08-27 10:23:00";;;;;;;
"4188,694,21,doctor,""Thanks, I'll review the results and get back to you shortly."",file,https://cdn.example.md/uploads/msg_4188.pdf,1,2026-08-13 02:02:00";;;;;;;
"4189,694,21,doctor,""Thanks, I'll review the results and get back to you shortly."",file,https://cdn.example.md/uploads/msg_4189.pdf,1,2026-08-13 02:09:00";;;;;;;
4190,694,101,patient,Is this side effect normal?,file,https://cdn.example.md/uploads/msg_4190.pdf,1,2026-08-13 04:24:00;;;;;;;
4191,694,101,patient,When should I come back for a follow-up?,text,,1,2026-08-13 04:59:00;;;;;;;
"4192,694,21,doctor,""Thanks, I'll review the results and get back to you shortly."",text,,1,2026-08-13 06:28:00";;;;;;;
"4193,695,26,doctor,""That's good to hear, keep up with the treatment plan."",image,https://cdn.example.md/uploads/msg_4193.jpg,1,2026-08-23 02:38:00";;;;;;;
"4194,695,26,doctor,""Sure, I can move it to next week. What day works for you?"",voice,https://cdn.example.md/uploads/msg_4194.mp3,1,2026-08-23 05:02:00";;;;;;;
"4195,695,26,doctor,""You're welcome, take care and reach out if anything changes."",text,,0,2026-08-23 05:38:00";;;;;;;
"4196,695,26,doctor,""Sure, I can move it to next week. What day works for you?"",voice,https://cdn.example.md/uploads/msg_4196.mp3,1,2026-08-23 06:14:00";;;;;;;
"4197,695,135,patient,""I've been feeling better since the last visit, thank you."",text,,1,2026-08-23 06:58:00";;;;;;;
4198,695,135,patient,Is this side effect normal?,voice,https://cdn.example.md/uploads/msg_4198.mp3,0,2026-08-23 07:02:00;;;;;;;
"4199,696,14,patient,""Hello doctor, I wanted to ask about my recent symptoms."",text,,1,2026-09-01 00:33:00";;;;;;;
"4200,696,14,patient,""I uploaded my lab results, please check when you can."",file,https://cdn.example.md/uploads/msg_4200.pdf,0,2026-09-01 00:53:00";;;;;;;
4201,696,36,doctor,Please continue the medication as prescribed and monitor for changes.,text,,1,2026-09-01 03:44:00;;;;;;;
"4202,696,14,patient,""I still have some pain, should I be concerned?"",image,https://cdn.example.md/uploads/msg_4202.jpg,1,2026-09-01 05:03:00";;;;;;;
4203,697,166,patient,Can we reschedule my next appointment?,text,,1,2026-08-18 01:22:00;;;;;;;
4204,697,166,patient,When should I come back for a follow-up?,image,https://cdn.example.md/uploads/msg_4204.jpg,1,2026-08-18 02:52:00;;;;;;;
"4205,697,8,doctor,""That could be normal, but let's schedule a check-up to be safe."",text,,1,2026-08-18 03:41:00";;;;;;;
4206,697,8,doctor,Please continue the medication as prescribed and monitor for changes.,text,,1,2026-08-18 06:15:00;;;;;;;
4207,697,166,patient,Can we reschedule my next appointment?,file,https://cdn.example.md/uploads/msg_4207.pdf,1,2026-08-18 07:38:00;;;;;;;
4208,698,212,patient,Is this side effect normal?,file,https://cdn.example.md/uploads/msg_4208.pdf,1,2026-08-12 00:36:00;;;;;;;
"4209,698,212,patient,""I've been feeling better since the last visit, thank you."",image,https://cdn.example.md/uploads/msg_4209.jpg,1,2026-08-12 03:15:00";;;;;;;
"4210,698,23,doctor,""That's good to hear, keep up with the treatment plan."",text,,0,2026-08-12 04:33:00";;;;;;;
"4211,698,23,doctor,""That side effect can occur, but let me know if it worsens."",text,,1,2026-08-12 04:55:00";;;;;;;
"4212,698,23,doctor,""That side effect can occur, but let me know if it worsens."",text,,1,2026-08-12 05:01:00";;;;;;;
4213,698,23,doctor,Please continue the medication as prescribed and monitor for changes.,file,https://cdn.example.md/uploads/msg_4213.pdf,1,2026-08-12 05:41:00;;;;;;;
"4214,698,23,doctor,""You're welcome, take care and reach out if anything changes."",file,https://cdn.example.md/uploads/msg_4214.pdf,1,2026-08-12 08:12:00";;;;;;;
"4215,699,34,patient,""I uploaded my lab results, please check when you can."",file,https://cdn.example.md/uploads/msg_4215.pdf,1,2026-08-18 00:41:00";;;;;;;
4216,699,34,patient,Is this side effect normal?,text,,0,2026-08-18 03:03:00;;;;;;;
4217,699,14,doctor,Take one tablet twice a day after meals.,image,https://cdn.example.md/uploads/msg_4217.jpg,1,2026-08-18 04:10:00;;;;;;;
"4218,699,34,patient,""I still have some pain, should I be concerned?"",voice,https://cdn.example.md/uploads/msg_4218.mp3,0,2026-08-18 05:56:00";;;;;;;
"4219,699,14,doctor,""Sure, I can move it to next week. What day works for you?"",text,,1,2026-08-18 07:07:00";;;;;;;
"4220,699,34,patient,""I uploaded my lab results, please check when you can."",text,,1,2026-08-18 10:02:00";;;;;;;
"4221,699,34,patient,""Hello doctor, I wanted to ask about my recent symptoms."",image,https://cdn.example.md/uploads/msg_4221.jpg,0,2026-08-18 12:35:00";;;;;;;
4222,699,34,patient,When should I come back for a follow-up?,text,,1,2026-08-18 15:33:00;;;;;;;
4223,700,349,patient,Is it okay to take this medication with food?,text,,0,2026-08-14 02:02:00;;;;;;;
4224,700,349,patient,Thank you for the consultation today.,text,,1,2026-08-14 02:10:00;;;;;;;
"4225,700,12,doctor,""Hello, thanks for reaching out. Let's review your symptoms."",text,,1,2026-08-14 04:35:00";;;;;;;
"4226,700,12,doctor,""Hello, thanks for reaching out. Let's review your symptoms."",text,,0,2026-08-14 07:06:00";;;;;;;
4227,700,12,doctor,Please continue the medication as prescribed and monitor for changes.,text,,1,2026-08-14 09:04:00;;;;;;;
"4228,700,12,doctor,""Thanks, I'll review the results and get back to you shortly."",text,,1,2026-08-14 10:13:00";;;;;;;
4229,701,383,patient,Is this side effect normal?,file,https://cdn.example.md/uploads/msg_4229.pdf,0,2026-08-28 00:52:00;;;;;;;
"4230,701,33,doctor,""That side effect can occur, but let me know if it worsens."",text,,1,2026-08-28 02:03:00";;;;;;;
4231,701,383,patient,Thank you for the consultation today.,text,,1,2026-08-28 02:37:00;;;;;;;
"4232,701,383,patient,""I still have some pain, should I be concerned?"",text,,1,2026-08-28 03:48:00";;;;;;;
"4233,701,383,patient,""I've been feeling better since the last visit, thank you."",image,https://cdn.example.md/uploads/msg_4233.jpg,1,2026-08-28 06:39:00";;;;;;;
4234,701,383,patient,Is this side effect normal?,text,,1,2026-08-28 09:00:00;;;;;;;
4235,701,33,doctor,Let's plan a follow-up in two weeks.,text,,1,2026-08-28 10:11:00;;;;;;;
"4236,702,9,doctor,""That's good to hear, keep up with the treatment plan."",text,,0,2026-08-13 01:28:00";;;;;;;
"4237,702,9,doctor,""You're welcome, take care and reach out if anything changes."",text,,0,2026-08-13 02:49:00";;;;;;;
"4238,702,343,patient,""I uploaded my lab results, please check when you can."",file,https://cdn.example.md/uploads/msg_4238.pdf,1,2026-08-13 04:57:00";;;;;;;
"4239,702,9,doctor,""Thanks, I'll review the results and get back to you shortly."",text,,1,2026-08-13 05:10:00";;;;;;;
4240,702,343,patient,Is this side effect normal?,text,,0,2026-08-13 05:16:00;;;;;;;
4241,702,343,patient,Thank you for the consultation today.,text,,1,2026-08-13 07:00:00;;;;;;;
"4242,702,343,patient,""I uploaded my lab results, please check when you can."",text,,1,2026-08-13 09:34:00";;;;;;;
4243,702,9,doctor,Take one tablet twice a day after meals.,text,,1,2026-08-13 10:03:00;;;;;;;
4244,703,34,doctor,Let's plan a follow-up in two weeks.,file,https://cdn.example.md/uploads/msg_4244.pdf,1,2026-09-01 01:27:00;;;;;;;
"4245,703,34,doctor,""That could be normal, but let's schedule a check-up to be safe."",text,,1,2026-09-01 03:46:00";;;;;;;
"4246,703,34,doctor,""That could be normal, but let's schedule a check-up to be safe."",text,,0,2026-09-01 04:44:00";;;;;;;
4247,703,380,patient,When should I come back for a follow-up?,voice,https://cdn.example.md/uploads/msg_4247.mp3,1,2026-09-01 07:15:00;;;;;;;
"4248,704,303,patient,""I've been feeling better since the last visit, thank you."",voice,https://cdn.example.md/uploads/msg_4248.mp3,1,2026-08-23 00:57:00";;;;;;;
"4249,704,34,doctor,""Sure, I can move it to next week. What day works for you?"",text,,1,2026-08-23 03:52:00";;;;;;;
"4250,704,34,doctor,""That side effect can occur, but let me know if it worsens."",text,,0,2026-08-23 06:31:00";;;;;;;
4251,704,303,patient,Can we reschedule my next appointment?,image,https://cdn.example.md/uploads/msg_4251.jpg,0,2026-08-23 08:37:00;;;;;;;
4252,705,3,doctor,Please continue the medication as prescribed and monitor for changes.,text,,1,2026-08-14 00:31:00;;;;;;;
4253,705,5,patient,When should I come back for a follow-up?,text,,1,2026-08-14 02:29:00;;;;;;;
"4254,705,5,patient,""Hello doctor, I wanted to ask about my recent symptoms."",text,,1,2026-08-14 04:02:00";;;;;;;
4255,705,5,patient,Could you clarify the dosage instructions?,text,,1,2026-08-14 04:45:00;;;;;;;
4256,705,3,doctor,Please continue the medication as prescribed and monitor for changes.,text,,1,2026-08-14 06:18:00;;;;;;;
"4257,705,3,doctor,""That's good to hear, keep up with the treatment plan."",image,https://cdn.example.md/uploads/msg_4257.jpg,1,2026-08-14 08:06:00";;;;;;;
"4258,705,3,doctor,""Hello, thanks for reaching out. Let's review your symptoms."",text,,1,2026-08-14 08:45:00";;;;;;;
4259,705,5,patient,Can we reschedule my next appointment?,file,https://cdn.example.md/uploads/msg_4259.pdf,1,2026-08-14 11:41:00;;;;;;;
4260,706,375,patient,When should I come back for a follow-up?,text,,1,2026-08-20 01:32:00;;;;;;;
"4261,706,375,patient,""I still have some pain, should I be concerned?"",image,https://cdn.example.md/uploads/msg_4261.jpg,1,2026-08-20 03:21:00";;;;;;;
4262,706,375,patient,Could you clarify the dosage instructions?,text,,0,2026-08-20 05:57:00;;;;;;;
4263,706,375,patient,When should I come back for a follow-up?,voice,https://cdn.example.md/uploads/msg_4263.mp3,1,2026-08-20 07:51:00;;;;;;;
"4264,706,32,doctor,""You're welcome, take care and reach out if anything changes."",image,https://cdn.example.md/uploads/msg_4264.jpg,1,2026-08-20 10:21:00";;;;;;;
4265,706,32,doctor,Take one tablet twice a day after meals.,image,https://cdn.example.md/uploads/msg_4265.jpg,1,2026-08-20 10:29:00;;;;;;;
"4266,707,36,doctor,""Thanks, I'll review the results and get back to you shortly."",image,https://cdn.example.md/uploads/msg_4266.jpg,1,2026-08-27 00:33:00";;;;;;;
4267,707,309,patient,Thank you for the consultation today.,image,https://cdn.example.md/uploads/msg_4267.jpg,1,2026-08-27 02:49:00;;;;;;;
4268,707,309,patient,Could you clarify the dosage instructions?,text,,1,2026-08-27 03:14:00;;;;;;;
4269,707,309,patient,Could you clarify the dosage instructions?,text,,0,2026-08-27 03:43:00;;;;;;;
4270,707,309,patient,Is this side effect normal?,voice,https://cdn.example.md/uploads/msg_4270.mp3,1,2026-08-27 04:43:00;;;;;;;
"4271,707,36,doctor,""You're welcome, take care and reach out if anything changes."",text,,1,2026-08-27 05:29:00";;;;;;;
"4272,708,8,doctor,""That could be normal, but let's schedule a check-up to be safe."",file,https://cdn.example.md/uploads/msg_4272.pdf,1,2026-08-19 02:03:00";;;;;;;
4273,708,8,doctor,Let's plan a follow-up in two weeks.,file,https://cdn.example.md/uploads/msg_4273.pdf,1,2026-08-19 03:52:00;;;;;;;
4274,708,8,doctor,Please continue the medication as prescribed and monitor for changes.,file,https://cdn.example.md/uploads/msg_4274.pdf,1,2026-08-19 05:58:00;;;;;;;
"4275,708,8,doctor,""That could be normal, but let's schedule a check-up to be safe."",file,https://cdn.example.md/uploads/msg_4275.pdf,1,2026-08-19 07:38:00";;;;;;;
4276,708,45,patient,When should I come back for a follow-up?,text,,1,2026-08-19 09:24:00;;;;;;;
4277,708,45,patient,Is it okay to take this medication with food?,file,https://cdn.example.md/uploads/msg_4277.pdf,1,2026-08-19 11:15:00;;;;;;;
4278,708,8,doctor,Let's plan a follow-up in two weeks.,text,,0,2026-08-19 12:54:00;;;;;;;
"4279,709,194,patient,""I still have some pain, should I be concerned?"",text,,0,2026-08-19 01:19:00";;;;;;;
"4280,709,194,patient,""Hello doctor, I wanted to ask about my recent symptoms."",image,https://cdn.example.md/uploads/msg_4280.jpg,1,2026-08-19 03:11:00";;;;;;;
4281,709,194,patient,Can we reschedule my next appointment?,image,https://cdn.example.md/uploads/msg_4281.jpg,0,2026-08-19 05:16:00;;;;;;;
"4282,709,194,patient,""I still have some pain, should I be concerned?"",text,,1,2026-08-19 08:13:00";;;;;;;
4283,709,194,patient,Thank you for the consultation today.,voice,https://cdn.example.md/uploads/msg_4283.mp3,1,2026-08-19 09:21:00;;;;;;;
4284,709,194,patient,When should I come back for a follow-up?,file,https://cdn.example.md/uploads/msg_4284.pdf,1,2026-08-19 11:08:00;;;;;;;
"4285,709,4,doctor,""Sure, I can move it to next week. What day works for you?"",text,,1,2026-08-19 13:50:00";;;;;;;
"4286,709,4,doctor,""Sure, I can move it to next week. What day works for you?"",text,,1,2026-08-19 14:26:00";;;;;;;
"4287,710,23,doctor,""You're welcome, take care and reach out if anything changes."",text,,1,2026-08-23 02:27:00";;;;;;;
4288,710,176,patient,Could you clarify the dosage instructions?,voice,https://cdn.example.md/uploads/msg_4288.mp3,1,2026-08-23 04:50:00;;;;;;;
4289,710,176,patient,Could you clarify the dosage instructions?,voice,https://cdn.example.md/uploads/msg_4289.mp3,1,2026-08-23 06:04:00;;;;;;;
4290,710,176,patient,When should I come back for a follow-up?,text,,0,2026-08-23 07:19:00;;;;;;;
4291,710,176,patient,Can we reschedule my next appointment?,text,,1,2026-08-23 09:55:00;;;;;;;
4292,710,23,doctor,Please continue the medication as prescribed and monitor for changes.,image,https://cdn.example.md/uploads/msg_4292.jpg,0,2026-08-23 11:37:00;;;;;;;
4293,710,23,doctor,Please continue the medication as prescribed and monitor for changes.,text,,1,2026-08-23 12:23:00;;;;;;;
"4294,711,7,patient,""I still have some pain, should I be concerned?"",text,,1,2026-08-22 01:09:00";;;;;;;
4295,711,7,patient,When should I come back for a follow-up?,file,https://cdn.example.md/uploads/msg_4295.pdf,1,2026-08-22 01:30:00;;;;;;;
"4296,711,18,doctor,""That's good to hear, keep up with the treatment plan."",voice,https://cdn.example.md/uploads/msg_4296.mp3,1,2026-08-22 01:58:00";;;;;;;
"4297,711,7,patient,""I've been feeling better since the last visit, thank you."",text,,0,2026-08-22 03:27:00";;;;;;;
4298,711,18,doctor,Let's plan a follow-up in two weeks.,text,,1,2026-08-22 06:00:00;;;;;;;
4299,711,7,patient,Could you clarify the dosage instructions?,file,https://cdn.example.md/uploads/msg_4299.pdf,1,2026-08-22 08:42:00;;;;;;;
"4300,712,5,doctor,""That side effect can occur, but let me know if it worsens."",text,,0,2026-08-13 02:22:00";;;;;;;
4301,712,342,patient,Thank you for the consultation today.,image,https://cdn.example.md/uploads/msg_4301.jpg,0,2026-08-13 03:47:00;;;;;;;
"4302,712,342,patient,""I uploaded my lab results, please check when you can."",text,,1,2026-08-13 04:11:00";;;;;;;
4303,712,342,patient,When should I come back for a follow-up?,file,https://cdn.example.md/uploads/msg_4303.pdf,0,2026-08-13 04:44:00;;;;;;;
4304,712,5,doctor,Let's plan a follow-up in two weeks.,text,,1,2026-08-13 07:27:00;;;;;;;
"4305,713,28,doctor,""That side effect can occur, but let me know if it worsens."",text,,1,2026-08-27 01:20:00";;;;;;;
4306,713,7,patient,Is it okay to take this medication with food?,image,https://cdn.example.md/uploads/msg_4306.jpg,1,2026-08-27 01:34:00;;;;;;;
"4307,713,28,doctor,""Hello, thanks for reaching out. Let's review your symptoms."",text,,1,2026-08-27 03:57:00";;;;;;;
4308,713,7,patient,Thank you for the consultation today.,text,,1,2026-08-27 04:58:00;;;;;;;
4309,714,180,patient,Is this side effect normal?,text,,1,2026-09-01 00:30:00;;;;;;;
"4310,714,1,doctor,""That could be normal, but let's schedule a check-up to be safe."",text,,1,2026-09-01 02:53:00";;;;;;;
"4311,714,180,patient,""Hello doctor, I wanted to ask about my recent symptoms."",text,,1,2026-09-01 05:08:00";;;;;;;
"4312,714,180,patient,""I uploaded my lab results, please check when you can."",text,,1,2026-09-01 06:10:00";;;;;;;
"4313,714,1,doctor,""Sure, I can move it to next week. What day works for you?"",text,,1,2026-09-01 08:18:00";;;;;;;
"4314,715,34,doctor,""Hello, thanks for reaching out. Let's review your symptoms."",image,https://cdn.example.md/uploads/msg_4314.jpg,1,2026-08-18 00:56:00";;;;;;;
4315,715,34,doctor,Take one tablet twice a day after meals.,text,,1,2026-08-18 02:44:00;;;;;;;
4316,715,128,patient,Thank you for the consultation today.,text,,1,2026-08-18 03:37:00;;;;;;;
"4317,715,128,patient,""I uploaded my lab results, please check when you can."",text,,1,2026-08-18 06:30:00";;;;;;;
"4318,715,34,doctor,""Hello, thanks for reaching out. Let's review your symptoms."",text,,1,2026-08-18 06:36:00";;;;;;;
4319,716,33,doctor,Let's plan a follow-up in two weeks.,image,https://cdn.example.md/uploads/msg_4319.jpg,0,2026-08-27 00:44:00;;;;;;;
"4320,716,33,doctor,""That's good to hear, keep up with the treatment plan."",file,https://cdn.example.md/uploads/msg_4320.pdf,1,2026-08-27 01:32:00";;;;;;;
4321,716,342,patient,Is it okay to take this medication with food?,file,https://cdn.example.md/uploads/msg_4321.pdf,1,2026-08-27 02:20:00;;;;;;;
4322,716,342,patient,Can we reschedule my next appointment?,image,https://cdn.example.md/uploads/msg_4322.jpg,1,2026-08-27 03:37:00;;;;;;;
4323,716,33,doctor,Please continue the medication as prescribed and monitor for changes.,voice,https://cdn.example.md/uploads/msg_4323.mp3,0,2026-08-27 04:56:00;;;;;;;
"4324,716,33,doctor,""That side effect can occur, but let me know if it worsens."",file,https://cdn.example.md/uploads/msg_4324.pdf,1,2026-08-27 05:31:00";;;;;;;
"4325,717,37,doctor,""That's good to hear, keep up with the treatment plan."",text,,1,2026-08-29 01:09:00";;;;;;;
4326,717,37,doctor,Take one tablet twice a day after meals.,text,,0,2026-08-29 03:33:00;;;;;;;
4327,717,235,patient,Can we reschedule my next appointment?,image,https://cdn.example.md/uploads/msg_4327.jpg,1,2026-08-29 05:54:00;;;;;;;
"4328,717,37,doctor,""That could be normal, but let's schedule a check-up to be safe."",text,,1,2026-08-29 06:55:00";;;;;;;
"4329,717,37,doctor,""Sure, I can move it to next week. What day works for you?"",text,,0,2026-08-29 09:46:00";;;;;;;
"4330,717,37,doctor,""That's good to hear, keep up with the treatment plan."",text,,1,2026-08-29 11:23:00";;;;;;;
4331,718,208,patient,Could you clarify the dosage instructions?,image,https://cdn.example.md/uploads/msg_4331.jpg,1,2026-08-26 00:19:00;;;;;;;
4332,718,14,doctor,Let's plan a follow-up in two weeks.,text,,1,2026-08-26 02:41:00;;;;;;;
"4333,718,14,doctor,""You're welcome, take care and reach out if anything changes."",text,,1,2026-08-26 02:53:00";;;;;;;
"4334,718,208,patient,""I uploaded my lab results, please check when you can."",text,,1,2026-08-26 03:10:00";;;;;;;
"4335,718,14,doctor,""Thanks, I'll review the results and get back to you shortly."",text,,1,2026-08-26 05:06:00";;;;;;;
"4336,718,14,doctor,""That could be normal, but let's schedule a check-up to be safe."",text,,1,2026-08-26 07:16:00";;;;;;;
4337,718,14,doctor,Take one tablet twice a day after meals.,text,,1,2026-08-26 09:26:00;;;;;;;
"4338,719,23,doctor,""Thanks, I'll review the results and get back to you shortly."",text,,1,2026-08-16 01:32:00";;;;;;;
"4339,719,23,doctor,""That's good to hear, keep up with the treatment plan."",voice,https://cdn.example.md/uploads/msg_4339.mp3,0,2026-08-16 03:48:00";;;;;;;
"4340,719,322,patient,""I still have some pain, should I be concerned?"",voice,https://cdn.example.md/uploads/msg_4340.mp3,1,2026-08-16 06:08:00";;;;;;;
"4341,719,23,doctor,""You're welcome, take care and reach out if anything changes."",file,https://cdn.example.md/uploads/msg_4341.pdf,0,2026-08-16 07:58:00";;;;;;;
"4342,719,322,patient,""I still have some pain, should I be concerned?"",text,,1,2026-08-16 10:04:00";;;;;;;
"4343,720,32,doctor,""Thanks, I'll review the results and get back to you shortly."",file,https://cdn.example.md/uploads/msg_4343.pdf,1,2026-08-26 00:53:00";;;;;;;
4344,720,280,patient,When should I come back for a follow-up?,text,,1,2026-08-26 03:52:00;;;;;;;
"4345,720,32,doctor,""Thanks, I'll review the results and get back to you shortly."",text,,1,2026-08-26 06:02:00";;;;;;;
4346,720,280,patient,When should I come back for a follow-up?,voice,https://cdn.example.md/uploads/msg_4346.mp3,0,2026-08-26 07:45:00;;;;;;;
4347,721,27,doctor,Please continue the medication as prescribed and monitor for changes.,text,,1,2026-08-24 02:11:00;;;;;;;
"4348,721,27,doctor,""Thanks, I'll review the results and get back to you shortly."",text,,1,2026-08-24 04:26:00";;;;;;;
"4349,721,27,doctor,""You're welcome, take care and reach out if anything changes."",text,,1,2026-08-24 05:46:00";;;;;;;
"4350,721,27,doctor,""You're welcome, take care and reach out if anything changes."",text,,1,2026-08-24 08:38:00";;;;;;;
"4351,721,27,doctor,""You're welcome, take care and reach out if anything changes."",text,,1,2026-08-24 08:43:00";;;;;;;
"4352,722,34,doctor,""You're welcome, take care and reach out if anything changes."",file,https://cdn.example.md/uploads/msg_4352.pdf,1,2026-08-19 00:39:00";;;;;;;
4353,722,184,patient,Is this side effect normal?,text,,1,2026-08-19 01:39:00;;;;;;;
4354,722,184,patient,Is this side effect normal?,text,,0,2026-08-19 03:42:00;;;;;;;
"4355,722,34,doctor,""That side effect can occur, but let me know if it worsens."",text,,1,2026-08-19 04:09:00";;;;;;;
4356,723,259,patient,When should I come back for a follow-up?,text,,1,2026-08-19 01:23:00;;;;;;;
"4357,723,23,doctor,""Sure, I can move it to next week. What day works for you?"",text,,1,2026-08-19 02:25:00";;;;;;;
"4358,723,23,doctor,""That could be normal, but let's schedule a check-up to be safe."",image,https://cdn.example.md/uploads/msg_4358.jpg,1,2026-08-19 04:20:00";;;;;;;
4359,723,23,doctor,Let's plan a follow-up in two weeks.,text,,1,2026-08-19 04:46:00;;;;;;;
4360,723,23,doctor,Take one tablet twice a day after meals.,text,,1,2026-08-19 07:22:00;;;;;;;
4361,723,259,patient,Could you clarify the dosage instructions?,text,,1,2026-08-19 08:07:00;;;;;;;
"4362,723,259,patient,""I uploaded my lab results, please check when you can."",file,https://cdn.example.md/uploads/msg_4362.pdf,1,2026-08-19 10:44:00";;;;;;;
"4363,724,19,doctor,""That side effect can occur, but let me know if it worsens."",voice,https://cdn.example.md/uploads/msg_4363.mp3,1,2026-08-14 01:06:00";;;;;;;
"4364,724,19,doctor,""You're welcome, take care and reach out if anything changes."",text,,0,2026-08-14 04:00:00";;;;;;;
4365,724,350,patient,Is this side effect normal?,file,https://cdn.example.md/uploads/msg_4365.pdf,1,2026-08-14 05:59:00;;;;;;;
"4366,724,19,doctor,""Hello, thanks for reaching out. Let's review your symptoms."",image,https://cdn.example.md/uploads/msg_4366.jpg,1,2026-08-14 07:46:00";;;;;;;
4367,724,350,patient,Can we reschedule my next appointment?,text,,1,2026-08-14 07:58:00;;;;;;;
"4368,724,19,doctor,""That side effect can occur, but let me know if it worsens."",image,https://cdn.example.md/uploads/msg_4368.jpg,1,2026-08-14 10:50:00";;;;;;;
4369,724,350,patient,Is this side effect normal?,text,,0,2026-08-14 11:28:00;;;;;;;
"4370,725,277,patient,""I still have some pain, should I be concerned?"",text,,0,2026-08-16 01:42:00";;;;;;;
"4371,725,3,doctor,""That could be normal, but let's schedule a check-up to be safe."",text,,1,2026-08-16 01:52:00";;;;;;;
4372,725,3,doctor,Take one tablet twice a day after meals.,text,,0,2026-08-16 04:07:00;;;;;;;
4373,725,277,patient,When should I come back for a follow-up?,text,,1,2026-08-16 05:32:00;;;;;;;
"4374,725,3,doctor,""Thanks, I'll review the results and get back to you shortly."",text,,0,2026-08-16 06:17:00";;;;;;;
4375,726,37,patient,Could you clarify the dosage instructions?,text,,0,2026-08-18 00:16:00;;;;;;;
"4376,726,13,doctor,""You're welcome, take care and reach out if anything changes."",text,,1,2026-08-18 03:12:00";;;;;;;
"4377,726,13,doctor,""That could be normal, but let's schedule a check-up to be safe."",image,https://cdn.example.md/uploads/msg_4377.jpg,1,2026-08-18 06:00:00";;;;;;;
"4378,726,37,patient,""I uploaded my lab results, please check when you can."",text,,1,2026-08-18 08:11:00";;;;;;;
4379,726,13,doctor,Please continue the medication as prescribed and monitor for changes.,file,https://cdn.example.md/uploads/msg_4379.pdf,1,2026-08-18 10:23:00;;;;;;;
"4380,726,13,doctor,""That side effect can occur, but let me know if it worsens."",text,,1,2026-08-18 12:38:00";;;;;;;
4381,727,34,doctor,Please continue the medication as prescribed and monitor for changes.,text,,0,2026-08-16 00:10:00;;;;;;;
4382,727,366,patient,Thank you for the consultation today.,text,,0,2026-08-16 01:49:00;;;;;;;
"4383,727,366,patient,""I've been feeling better since the last visit, thank you."",text,,0,2026-08-16 04:07:00";;;;;;;
4384,727,366,patient,Is this side effect normal?,text,,1,2026-08-16 04:11:00;;;;;;;
"4385,727,34,doctor,""That could be normal, but let's schedule a check-up to be safe."",text,,1,2026-08-16 05:26:00";;;;;;;
"4386,727,366,patient,""I still have some pain, should I be concerned?"",file,https://cdn.example.md/uploads/msg_4386.pdf,1,2026-08-16 06:25:00";;;;;;;
4387,727,366,patient,Is it okay to take this medication with food?,text,,1,2026-08-16 07:23:00;;;;;;;
"4388,728,39,doctor,""That could be normal, but let's schedule a check-up to be safe."",voice,https://cdn.example.md/uploads/msg_4388.mp3,1,2026-08-19 02:31:00";;;;;;;
"4389,728,207,patient,""I've been feeling better since the last visit, thank you."",file,https://cdn.example.md/uploads/msg_4389.pdf,1,2026-08-19 02:36:00";;;;;;;
"4390,728,207,patient,""I've been feeling better since the last visit, thank you."",file,https://cdn.example.md/uploads/msg_4390.pdf,1,2026-08-19 04:06:00";;;;;;;
"4391,728,207,patient,""I still have some pain, should I be concerned?"",voice,https://cdn.example.md/uploads/msg_4391.mp3,1,2026-08-19 05:02:00";;;;;;;
"4392,729,13,doctor,""That could be normal, but let's schedule a check-up to be safe."",voice,https://cdn.example.md/uploads/msg_4392.mp3,1,2026-08-20 00:27:00";;;;;;;
"4393,729,13,doctor,""Hello, thanks for reaching out. Let's review your symptoms."",text,,1,2026-08-20 03:07:00";;;;;;;
"4394,729,13,doctor,""Hello, thanks for reaching out. Let's review your symptoms."",voice,https://cdn.example.md/uploads/msg_4394.mp3,1,2026-08-20 04:49:00";;;;;;;
4395,729,168,patient,When should I come back for a follow-up?,file,https://cdn.example.md/uploads/msg_4395.pdf,1,2026-08-20 07:19:00;;;;;;;
"4396,729,168,patient,""I've been feeling better since the last visit, thank you."",file,https://cdn.example.md/uploads/msg_4396.pdf,0,2026-08-20 09:32:00";;;;;;;
4397,729,168,patient,Thank you for the consultation today.,voice,https://cdn.example.md/uploads/msg_4397.mp3,1,2026-08-20 09:37:00;;;;;;;
"4398,729,13,doctor,""That side effect can occur, but let me know if it worsens."",text,,1,2026-08-20 09:41:00";;;;;;;
4399,729,168,patient,Is this side effect normal?,file,https://cdn.example.md/uploads/msg_4399.pdf,1,2026-08-20 10:10:00;;;;;;;
"4400,730,374,patient,""I still have some pain, should I be concerned?"",text,,1,2026-08-13 01:25:00";;;;;;;
"4401,730,39,doctor,""Hello, thanks for reaching out. Let's review your symptoms."",text,,1,2026-08-13 02:50:00";;;;;;;
4402,730,374,patient,Is this side effect normal?,file,https://cdn.example.md/uploads/msg_4402.pdf,1,2026-08-13 03:51:00;;;;;;;
4403,730,374,patient,Is this side effect normal?,voice,https://cdn.example.md/uploads/msg_4403.mp3,0,2026-08-13 06:04:00;;;;;;;
"4404,730,39,doctor,""Hello, thanks for reaching out. Let's review your symptoms."",voice,https://cdn.example.md/uploads/msg_4404.mp3,1,2026-08-13 07:25:00";;;;;;;
4405,730,374,patient,When should I come back for a follow-up?,text,,1,2026-08-13 09:29:00;;;;;;;
"4406,731,360,patient,""Hello doctor, I wanted to ask about my recent symptoms."",text,,1,2026-09-01 02:34:00";;;;;;;
4407,731,35,doctor,Take one tablet twice a day after meals.,voice,https://cdn.example.md/uploads/msg_4407.mp3,1,2026-09-01 03:47:00;;;;;;;
4408,731,360,patient,Could you clarify the dosage instructions?,text,,1,2026-09-01 06:10:00;;;;;;;
"4409,731,360,patient,""I uploaded my lab results, please check when you can."",text,,1,2026-09-01 07:36:00";;;;;;;
"4410,731,360,patient,""I uploaded my lab results, please check when you can."",file,https://cdn.example.md/uploads/msg_4410.pdf,1,2026-09-01 10:30:00";;;;;;;
"4411,731,360,patient,""I uploaded my lab results, please check when you can."",image,https://cdn.example.md/uploads/msg_4411.jpg,1,2026-09-01 11:54:00";;;;;;;
4412,731,35,doctor,Please continue the medication as prescribed and monitor for changes.,text,,1,2026-09-01 13:36:00;;;;;;;
"4413,731,35,doctor,""You're welcome, take care and reach out if anything changes."",text,,1,2026-09-01 13:57:00";;;;;;;
"4414,732,37,doctor,""Hello, thanks for reaching out. Let's review your symptoms."",image,https://cdn.example.md/uploads/msg_4414.jpg,1,2026-08-13 01:38:00";;;;;;;
"4415,732,360,patient,""Hello doctor, I wanted to ask about my recent symptoms."",image,https://cdn.example.md/uploads/msg_4415.jpg,0,2026-08-13 04:33:00";;;;;;;
"4416,732,37,doctor,""Hello, thanks for reaching out. Let's review your symptoms."",text,,0,2026-08-13 05:31:00";;;;;;;
"4417,732,360,patient,""I still have some pain, should I be concerned?"",text,,1,2026-08-13 06:45:00";;;;;;;
"4418,732,360,patient,""I uploaded my lab results, please check when you can."",text,,0,2026-08-13 08:25:00";;;;;;;
4419,732,37,doctor,Please continue the medication as prescribed and monitor for changes.,text,,0,2026-08-13 09:27:00;;;;;;;
"4420,733,345,patient,""I've been feeling better since the last visit, thank you."",text,,1,2026-08-16 01:46:00";;;;;;;
4421,733,2,doctor,Take one tablet twice a day after meals.,file,https://cdn.example.md/uploads/msg_4421.pdf,0,2026-08-16 02:28:00;;;;;;;
4422,733,345,patient,When should I come back for a follow-up?,text,,1,2026-08-16 04:01:00;;;;;;;
"4423,733,2,doctor,""You're welcome, take care and reach out if anything changes."",voice,https://cdn.example.md/uploads/msg_4423.mp3,1,2026-08-16 04:44:00";;;;;;;
4424,733,2,doctor,Please continue the medication as prescribed and monitor for changes.,image,https://cdn.example.md/uploads/msg_4424.jpg,1,2026-08-16 05:40:00;;;;;;;
4425,733,345,patient,Can we reschedule my next appointment?,text,,1,2026-08-16 05:42:00;;;;;;;
4426,733,2,doctor,Let's plan a follow-up in two weeks.,image,https://cdn.example.md/uploads/msg_4426.jpg,1,2026-08-16 05:44:00;;;;;;;
4427,733,2,doctor,Take one tablet twice a day after meals.,text,,1,2026-08-16 07:31:00;;;;;;;
4428,734,11,doctor,Please continue the medication as prescribed and monitor for changes.,text,,1,2026-08-16 02:30:00;;;;;;;
"4429,734,11,doctor,""Thanks, I'll review the results and get back to you shortly."",voice,https://cdn.example.md/uploads/msg_4429.mp3,1,2026-08-16 03:16:00";;;;;;;
"4430,734,11,doctor,""That's good to hear, keep up with the treatment plan."",text,,0,2026-08-16 03:36:00";;;;;;;
4431,734,11,doctor,Please continue the medication as prescribed and monitor for changes.,file,https://cdn.example.md/uploads/msg_4431.pdf,0,2026-08-16 05:32:00;;;;;;;
4432,734,3,patient,Is it okay to take this medication with food?,image,https://cdn.example.md/uploads/msg_4432.jpg,1,2026-08-16 07:01:00;;;;;;;
4433,735,92,patient,Can we reschedule my next appointment?,text,,1,2026-08-30 02:13:00;;;;;;;
"4434,735,92,patient,""Hello doctor, I wanted to ask about my recent symptoms."",voice,https://cdn.example.md/uploads/msg_4434.mp3,0,2026-08-30 04:59:00";;;;;;;
"4435,735,92,patient,""I uploaded my lab results, please check when you can."",text,,0,2026-08-30 06:40:00";;;;;;;
4436,735,92,patient,Can we reschedule my next appointment?,image,https://cdn.example.md/uploads/msg_4436.jpg,1,2026-08-30 08:15:00;;;;;;;
"4437,735,14,doctor,""That side effect can occur, but let me know if it worsens."",text,,1,2026-08-30 10:44:00";;;;;;;
"4438,735,14,doctor,""That could be normal, but let's schedule a check-up to be safe."",file,https://cdn.example.md/uploads/msg_4438.pdf,0,2026-08-30 11:14:00";;;;;;;
"4439,735,14,doctor,""Sure, I can move it to next week. What day works for you?"",text,,1,2026-08-30 13:33:00";;;;;;;
4440,735,92,patient,Can we reschedule my next appointment?,image,https://cdn.example.md/uploads/msg_4440.jpg,1,2026-08-30 15:24:00;;;;;;;
"4441,736,310,patient,""Hello doctor, I wanted to ask about my recent symptoms."",image,https://cdn.example.md/uploads/msg_4441.jpg,1,2026-08-31 02:34:00";;;;;;;
"4442,736,38,doctor,""Thanks, I'll review the results and get back to you shortly."",image,https://cdn.example.md/uploads/msg_4442.jpg,0,2026-08-31 04:17:00";;;;;;;
"4443,736,38,doctor,""That could be normal, but let's schedule a check-up to be safe."",text,,1,2026-08-31 06:49:00";;;;;;;
4444,736,310,patient,Is it okay to take this medication with food?,text,,1,2026-08-31 07:59:00;;;;;;;
"4445,736,310,patient,""I still have some pain, should I be concerned?"",text,,1,2026-08-31 10:06:00";;;;;;;
4446,737,19,doctor,Please continue the medication as prescribed and monitor for changes.,file,https://cdn.example.md/uploads/msg_4446.pdf,1,2026-08-14 02:45:00;;;;;;;
"4447,737,19,doctor,""Hello, thanks for reaching out. Let's review your symptoms."",text,,1,2026-08-14 04:53:00";;;;;;;
4448,737,147,patient,Can we reschedule my next appointment?,text,,0,2026-08-14 05:21:00;;;;;;;
4449,737,19,doctor,Please continue the medication as prescribed and monitor for changes.,voice,https://cdn.example.md/uploads/msg_4449.mp3,1,2026-08-14 06:40:00;;;;;;;
"4450,737,147,patient,""I've been feeling better since the last visit, thank you."",text,,1,2026-08-14 08:57:00";;;;;;;
4451,737,147,patient,Is this side effect normal?,image,https://cdn.example.md/uploads/msg_4451.jpg,1,2026-08-14 11:12:00;;;;;;;
"4452,738,318,patient,""Hello doctor, I wanted to ask about my recent symptoms."",text,,1,2026-08-24 02:53:00";;;;;;;
"4453,738,318,patient,""Hello doctor, I wanted to ask about my recent symptoms."",text,,1,2026-08-24 03:44:00";;;;;;;
"4454,738,25,doctor,""That side effect can occur, but let me know if it worsens."",voice,https://cdn.example.md/uploads/msg_4454.mp3,1,2026-08-24 05:33:00";;;;;;;
4455,738,318,patient,Thank you for the consultation today.,text,,0,2026-08-24 07:50:00;;;;;;;
4456,738,318,patient,Thank you for the consultation today.,text,,1,2026-08-24 09:39:00;;;;;;;
4457,739,363,patient,Could you clarify the dosage instructions?,text,,1,2026-08-27 00:58:00;;;;;;;
"4458,739,29,doctor,""That could be normal, but let's schedule a check-up to be safe."",voice,https://cdn.example.md/uploads/msg_4458.mp3,1,2026-08-27 01:18:00";;;;;;;
"4459,739,29,doctor,""Thanks, I'll review the results and get back to you shortly."",text,,1,2026-08-27 01:21:00";;;;;;;
"4460,739,363,patient,""Hello doctor, I wanted to ask about my recent symptoms."",text,,1,2026-08-27 01:46:00";;;;;;;
4461,739,363,patient,Is it okay to take this medication with food?,text,,1,2026-08-27 01:58:00;;;;;;;
"4462,740,350,patient,""Hello doctor, I wanted to ask about my recent symptoms."",text,,0,2026-08-29 02:39:00";;;;;;;
"4463,740,18,doctor,""That side effect can occur, but let me know if it worsens."",image,https://cdn.example.md/uploads/msg_4463.jpg,0,2026-08-29 04:06:00";;;;;;;
4464,740,350,patient,When should I come back for a follow-up?,voice,https://cdn.example.md/uploads/msg_4464.mp3,1,2026-08-29 06:05:00;;;;;;;
4465,740,350,patient,Is this side effect normal?,voice,https://cdn.example.md/uploads/msg_4465.mp3,1,2026-08-29 07:49:00;;;;;;;
"4466,741,24,doctor,""Hello, thanks for reaching out. Let's review your symptoms."",file,https://cdn.example.md/uploads/msg_4466.pdf,0,2026-08-25 02:44:00";;;;;;;
"4467,741,24,doctor,""That's good to hear, keep up with the treatment plan."",image,https://cdn.example.md/uploads/msg_4467.jpg,1,2026-08-25 03:19:00";;;;;;;
"4468,741,205,patient,""I've been feeling better since the last visit, thank you."",text,,0,2026-08-25 04:46:00";;;;;;;
4469,741,205,patient,When should I come back for a follow-up?,voice,https://cdn.example.md/uploads/msg_4469.mp3,1,2026-08-25 05:23:00;;;;;;;
"4470,741,24,doctor,""Sure, I can move it to next week. What day works for you?"",voice,https://cdn.example.md/uploads/msg_4470.mp3,1,2026-08-25 07:54:00";;;;;;;
"4471,742,2,doctor,""Thanks, I'll review the results and get back to you shortly."",voice,https://cdn.example.md/uploads/msg_4471.mp3,1,2026-08-15 02:31:00";;;;;;;
"4472,742,98,patient,""I've been feeling better since the last visit, thank you."",text,,0,2026-08-15 04:50:00";;;;;;;
4473,742,98,patient,Could you clarify the dosage instructions?,text,,1,2026-08-15 05:31:00;;;;;;;
4474,742,98,patient,Could you clarify the dosage instructions?,text,,1,2026-08-15 08:08:00;;;;;;;
"4475,743,30,doctor,""That could be normal, but let's schedule a check-up to be safe."",text,,1,2026-08-15 01:33:00";;;;;;;
"4476,743,30,doctor,""Sure, I can move it to next week. What day works for you?"",text,,0,2026-08-15 03:24:00";;;;;;;
"4477,743,39,patient,""I still have some pain, should I be concerned?"",text,,1,2026-08-15 04:45:00";;;;;;;
4478,743,30,doctor,Please continue the medication as prescribed and monitor for changes.,file,https://cdn.example.md/uploads/msg_4478.pdf,1,2026-08-15 07:21:00;;;;;;;
4479,744,30,patient,When should I come back for a follow-up?,text,,1,2026-08-18 01:46:00;;;;;;;
4480,744,8,doctor,Take one tablet twice a day after meals.,text,,1,2026-08-18 02:32:00;;;;;;;
"4481,744,8,doctor,""You're welcome, take care and reach out if anything changes."",text,,1,2026-08-18 04:08:00";;;;;;;
"4482,744,8,doctor,""Thanks, I'll review the results and get back to you shortly."",text,,1,2026-08-18 06:46:00";;;;;;;
"4483,744,8,doctor,""Thanks, I'll review the results and get back to you shortly."",text,,1,2026-08-18 09:17:00";;;;;;;
"4484,744,30,patient,""I've been feeling better since the last visit, thank you."",image,https://cdn.example.md/uploads/msg_4484.jpg,0,2026-08-18 10:49:00";;;;;;;
"4485,745,16,doctor,""That could be normal, but let's schedule a check-up to be safe."",text,,1,2026-08-21 02:21:00";;;;;;;
"4486,745,16,doctor,""That side effect can occur, but let me know if it worsens."",image,https://cdn.example.md/uploads/msg_4486.jpg,1,2026-08-21 03:44:00";;;;;;;
4487,745,318,patient,Is this side effect normal?,text,,1,2026-08-21 04:37:00;;;;;;;
4488,745,318,patient,Thank you for the consultation today.,text,,1,2026-08-21 06:58:00;;;;;;;
"4489,745,318,patient,""I still have some pain, should I be concerned?"",text,,1,2026-08-21 09:07:00";;;;;;;
"4490,745,318,patient,""Hello doctor, I wanted to ask about my recent symptoms."",text,,1,2026-08-21 09:47:00";;;;;;;
"4491,745,16,doctor,""That's good to hear, keep up with the treatment plan."",image,https://cdn.example.md/uploads/msg_4491.jpg,0,2026-08-21 10:13:00";;;;;;;
4492,745,318,patient,Could you clarify the dosage instructions?,voice,https://cdn.example.md/uploads/msg_4492.mp3,1,2026-08-21 10:51:00;;;;;;;
"4493,746,41,patient,""I've been feeling better since the last visit, thank you."",voice,https://cdn.example.md/uploads/msg_4493.mp3,1,2026-08-16 02:17:00";;;;;;;
4494,746,41,patient,Thank you for the consultation today.,text,,1,2026-08-16 02:55:00;;;;;;;
"4495,746,24,doctor,""You're welcome, take care and reach out if anything changes."",voice,https://cdn.example.md/uploads/msg_4495.mp3,1,2026-08-16 05:24:00";;;;;;;
"4496,746,24,doctor,""That side effect can occur, but let me know if it worsens."",text,,1,2026-08-16 06:34:00";;;;;;;
"4497,746,24,doctor,""That's good to hear, keep up with the treatment plan."",voice,https://cdn.example.md/uploads/msg_4497.mp3,0,2026-08-16 07:40:00";;;;;;;
4498,746,41,patient,Is this side effect normal?,text,,0,2026-08-16 10:40:00;;;;;;;
"4499,746,41,patient,""Hello doctor, I wanted to ask about my recent symptoms."",text,,1,2026-08-16 11:30:00";;;;;;;
"4500,746,41,patient,""I uploaded my lab results, please check when you can."",text,,1,2026-08-16 14:18:00";;;;;;;
