id,user_id,type,title,body,is_read,created_at
1,2045,appointment_cancelled,Appointment cancelled,Your appointment has been cancelled. Please reschedule if needed.,1,2026-07-20 22:00:00
2,2239,system,System notification,There has been an update to your account or app settings.,1,2026-08-03 12:00:00
3,2264,doctor_reply,Doctor replied,Your doctor has replied to your message.,0,2026-08-17 12:00:00
4,2357,system,System notification,There has been an update to your account or app settings.,1,2026-08-17 01:00:00
5,2044,review_request,Share your feedback,Please leave a review about your recent consultation.,1,2026-08-31 06:00:00
6,2151,new_message,New message received,You have a new message in your consultation chat.,1,2026-08-10 21:00:00
7,2248,doctor_reply,Doctor replied,Your doctor has replied to your message.,1,2026-08-19 10:00:00
8,2400,payment_received,Payment received,We have received your payment. Thank you.,1,2026-07-03 14:00:00
9,2280,system,System notification,There has been an update to your account or app settings.,1,2026-07-08 15:00:00
10,2214,payment_received,Payment received,We have received your payment. Thank you.,1,2026-08-20 20:00:00
11,2036,appointment_reminder,Upcoming appointment reminder,Your appointment is scheduled soon. Please don't forget to attend.,0,2026-07-30 17:00:00
12,2183,appointment_confirmed,Appointment confirmed,Your appointment has been confirmed by the clinic.,0,2026-07-16 06:00:00
13,2038,payment_received,Payment received,We have received your payment. Thank you.,1,2026-08-17 23:00:00
14,2400,appointment_reminder,Upcoming appointment reminder,Your appointment is scheduled soon. Please don't forget to attend.,1,2026-07-14 19:00:00
15,2062,payment_received,Payment received,We have received your payment. Thank you.,0,2026-08-13 06:00:00
16,1001,doctor_reply,Doctor replied,Your doctor has replied to your message.,0,2026-08-31 02:00:00
17,1022,new_message,New message received,You have a new message in your consultation chat.,1,2026-07-08 17:00:00
18,2380,payment_received,Payment received,We have received your payment. Thank you.,1,2026-08-16 09:00:00
19,2348,doctor_reply,Doctor replied,Your doctor has replied to your message.,1,2026-07-19 05:00:00
20,2033,payment_received,Payment received,We have received your payment. Thank you.,0,2026-08-27 21:00:00
21,2010,doctor_reply,Doctor replied,Your doctor has replied to your message.,1,2026-07-08 14:00:00
22,2378,payment_received,Payment received,We have received your payment. Thank you.,1,2026-08-04 09:00:00
23,2230,system,System notification,There has been an update to your account or app settings.,0,2026-08-02 15:00:00
24,2324,appointment_reminder,Upcoming appointment reminder,Your appointment is scheduled soon. Please don't forget to attend.,0,2026-07-25 22:00:00
25,1007,system,System notification,There has been an update to your account or app settings.,1,2026-07-14 22:00:00
26,2252,appointment_confirmed,Appointment confirmed,Your appointment has been confirmed by the clinic.,0,2026-08-24 00:00:00
27,2044,appointment_cancelled,Appointment cancelled,Your appointment has been cancelled. Please reschedule if needed.,0,2026-08-15 01:00:00
28,2247,appointment_reminder,Upcoming appointment reminder,Your appointment is scheduled soon. Please don't forget to attend.,0,2026-08-20 16:00:00
29,2015,system,System notification,There has been an update to your account or app settings.,1,2026-08-20 14:00:00
30,2324,doctor_reply,Doctor replied,Your doctor has replied to your message.,1,2026-08-07 05:00:00
31,1009,review_request,Share your feedback,Please leave a review about your recent consultation.,0,2026-08-05 16:00:00
32,2024,new_message,New message received,You have a new message in your consultation chat.,1,2026-08-07 05:00:00
33,2035,review_request,Share your feedback,Please leave a review about your recent consultation.,1,2026-07-03 02:00:00
34,2284,new_message,New message received,You have a new message in your consultation chat.,0,2026-07-21 08:00:00
35,2116,appointment_confirmed,Appointment confirmed,Your appointment has been confirmed by the clinic.,1,2026-08-29 10:00:00
36,2021,appointment_cancelled,Appointment cancelled,Your appointment has been cancelled. Please reschedule if needed.,0,2026-07-16 17:00:00
37,2121,payment_received,Payment received,We have received your payment. Thank you.,1,2026-08-16 14:00:00
38,2184,appointment_reminder,Upcoming appointment reminder,Your appointment is scheduled soon. Please don't forget to attend.,0,2026-07-11 08:00:00
39,2008,doctor_reply,Doctor replied,Your doctor has replied to your message.,1,2026-08-22 00:00:00
40,2294,appointment_reminder,Upcoming appointment reminder,Your appointment is scheduled soon. Please don't forget to attend.,1,2026-07-07 20:00:00
41,1026,appointment_confirmed,Appointment confirmed,Your appointment has been confirmed by the clinic.,0,2026-07-07 02:00:00
42,2145,new_message,New message received,You have a new message in your consultation chat.,0,2026-08-14 18:00:00
43,2017,new_message,New message received,You have a new message in your consultation chat.,1,2026-08-09 03:00:00
44,2050,appointment_cancelled,Appointment cancelled,Your appointment has been cancelled. Please reschedule if needed.,1,2026-08-11 09:00:00
45,2331,doctor_reply,Doctor replied,Your doctor has replied to your message.,1,2026-08-26 16:00:00
46,2026,appointment_cancelled,Appointment cancelled,Your appointment has been cancelled. Please reschedule if needed.,1,2026-08-27 00:00:00
47,2064,appointment_confirmed,Appointment confirmed,Your appointment has been confirmed by the clinic.,0,2026-08-18 16:00:00
48,2136,appointment_reminder,Upcoming appointment reminder,Your appointment is scheduled soon. Please don't forget to attend.,1,2026-08-23 16:00:00
49,2235,system,System notification,There has been an update to your account or app settings.,1,2026-07-24 00:00:00
50,1029,review_request,Share your feedback,Please leave a review about your recent consultation.,1,2026-08-18 23:00:00
51,2291,appointment_reminder,Upcoming appointment reminder,Your appointment is scheduled soon. Please don't forget to attend.,1,2026-08-10 21:00:00
52,2086,appointment_confirmed,Appointment confirmed,Your appointment has been confirmed by the clinic.,0,2026-08-31 06:00:00
53,2379,appointment_confirmed,Appointment confirmed,Your appointment has been confirmed by the clinic.,0,2026-07-20 07:00:00
54,2138,new_message,New message received,You have a new message in your consultation chat.,1,2026-07-12 03:00:00
55,1039,appointment_reminder,Upcoming appointment reminder,Your appointment is scheduled soon. Please don't forget to attend.,1,2026-07-27 20:00:00
56,2147,doctor_reply,Doctor replied,Your doctor has replied to your message.,0,2026-08-13 18:00:00
57,2381,system,System notification,There has been an update to your account or app settings.,0,2026-07-23 06:00:00
58,2277,appointment_confirmed,Appointment confirmed,Your appointment has been confirmed by the clinic.,1,2026-08-22 04:00:00
59,2260,new_message,New message received,You have a new message in your consultation chat.,1,2026-07-03 08:00:00
60,2031,doctor_reply,Doctor replied,Your doctor has replied to your message.,0,2026-07-28 01:00:00
61,1026,system,System notification,There has been an update to your account or app settings.,0,2026-08-21 15:00:00
62,2294,review_request,Share your feedback,Please leave a review about your recent consultation.,1,2026-07-27 02:00:00
63,2155,payment_received,Payment received,We have received your payment. Thank you.,0,2026-08-07 02:00:00
64,2063,doctor_reply,Doctor replied,Your doctor has replied to your message.,0,2026-08-04 17:00:00
65,2376,new_message,New message received,You have a new message in your consultation chat.,0,2026-08-08 21:00:00
66,2137,review_request,Share your feedback,Please leave a review about your recent consultation.,1,2026-07-08 23:00:00
67,1015,doctor_reply,Doctor replied,Your doctor has replied to your message.,1,2026-08-11 00:00:00
68,2002,appointment_cancelled,Appointment cancelled,Your appointment has been cancelled. Please reschedule if needed.,1,2026-07-04 10:00:00
69,2167,doctor_reply,Doctor replied,Your doctor has replied to your message.,1,2026-08-06 23:00:00
70,2089,new_message,New message received,You have a new message in your consultation chat.,0,2026-07-26 19:00:00
71,1025,appointment_reminder,Upcoming appointment reminder,Your appointment is scheduled soon. Please don't forget to attend.,1,2026-08-08 14:00:00
72,2002,appointment_confirmed,Appointment confirmed,Your appointment has been confirmed by the clinic.,1,2026-08-15 18:00:00
73,2276,appointment_confirmed,Appointment confirmed,Your appointment has been confirmed by the clinic.,1,2026-08-14 06:00:00
74,2139,system,System notification,There has been an update to your account or app settings.,0,2026-08-19 09:00:00
75,2236,doctor_reply,Doctor replied,Your doctor has replied to your message.,1,2026-07-19 20:00:00
76,2057,review_request,Share your feedback,Please leave a review about your recent consultation.,1,2026-08-26 19:00:00
77,2345,doctor_reply,Doctor replied,Your doctor has replied to your message.,1,2026-07-22 17:00:00
78,2198,appointment_cancelled,Appointment cancelled,Your appointment has been cancelled. Please reschedule if needed.,1,2026-08-04 02:00:00
79,2330,appointment_reminder,Upcoming appointment reminder,Your appointment is scheduled soon. Please don't forget to attend.,1,2026-07-16 15:00:00
80,2017,review_request,Share your feedback,Please leave a review about your recent consultation.,1,2026-08-06 10:00:00
81,2319,appointment_reminder,Upcoming appointment reminder,Your appointment is scheduled soon. Please don't forget to attend.,1,2026-07-23 02:00:00
82,2208,doctor_reply,Doctor replied,Your doctor has replied to your message.,1,2026-08-11 15:00:00
83,2103,review_request,Share your feedback,Please leave a review about your recent consultation.,1,2026-07-20 14:00:00
84,1013,review_request,Share your feedback,Please leave a review about your recent consultation.,1,2026-08-03 08:00:00
85,2398,appointment_confirmed,Appointment confirmed,Your appointment has been confirmed by the clinic.,0,2026-08-12 18:00:00
86,1030,doctor_reply,Doctor replied,Your doctor has replied to your message.,1,2026-08-16 07:00:00
87,2018,appointment_cancelled,Appointment cancelled,Your appointment has been cancelled. Please reschedule if needed.,0,2026-08-15 06:00:00
88,2249,review_request,Share your feedback,Please leave a review about your recent consultation.,0,2026-08-09 18:00:00
89,1009,appointment_reminder,Upcoming appointment reminder,Your appointment is scheduled soon. Please don't forget to attend.,0,2026-07-19 21:00:00
90,2244,payment_received,Payment received,We have received your payment. Thank you.,1,2026-07-06 17:00:00
91,2134,review_request,Share your feedback,Please leave a review about your recent consultation.,1,2026-07-16 05:00:00
92,2241,appointment_reminder,Upcoming appointment reminder,Your appointment is scheduled soon. Please don't forget to attend.,1,2026-07-09 03:00:00
93,2347,new_message,New message received,You have a new message in your consultation chat.,1,2026-07-09 08:00:00
94,2207,system,System notification,There has been an update to your account or app settings.,0,2026-08-17 05:00:00
95,2146,payment_received,Payment received,We have received your payment. Thank you.,1,2026-07-22 14:00:00
96,2135,doctor_reply,Doctor replied,Your doctor has replied to your message.,0,2026-07-07 06:00:00
97,2050,system,System notification,There has been an update to your account or app settings.,0,2026-07-16 18:00:00
98,1030,system,System notification,There has been an update to your account or app settings.,1,2026-08-03 08:00:00
99,2396,appointment_cancelled,Appointment cancelled,Your appointment has been cancelled. Please reschedule if needed.,0,2026-07-12 12:00:00
100,2141,payment_received,Payment received,We have received your payment. Thank you.,1,2026-08-09 00:00:00
101,2315,review_request,Share your feedback,Please leave a review about your recent consultation.,0,2026-08-01 01:00:00
102,2025,doctor_reply,Doctor replied,Your doctor has replied to your message.,0,2026-08-28 23:00:00
103,2328,appointment_confirmed,Appointment confirmed,Your appointment has been confirmed by the clinic.,1,2026-07-07 23:00:00
104,2114,system,System notification,There has been an update to your account or app settings.,1,2026-07-03 02:00:00
105,2287,appointment_confirmed,Appointment confirmed,Your appointment has been confirmed by the clinic.,1,2026-07-05 17:00:00
106,2229,payment_received,Payment received,We have received your payment. Thank you.,1,2026-08-11 17:00:00
107,2177,review_request,Share your feedback,Please leave a review about your recent consultation.,0,2026-08-24 19:00:00
108,2323,review_request,Share your feedback,Please leave a review about your recent consultation.,1,2026-07-30 12:00:00
109,2157,appointment_cancelled,Appointment cancelled,Your appointment has been cancelled. Please reschedule if needed.,0,2026-07-10 16:00:00
110,2267,appointment_cancelled,Appointment cancelled,Your appointment has been cancelled. Please reschedule if needed.,1,2026-07-26 03:00:00
111,2342,new_message,New message received,You have a new message in your consultation chat.,0,2026-08-07 06:00:00
112,2104,system,System notification,There has been an update to your account or app settings.,0,2026-07-06 06:00:00
113,2224,payment_received,Payment received,We have received your payment. Thank you.,1,2026-08-14 15:00:00
114,2076,new_message,New message received,You have a new message in your consultation chat.,1,2026-07-21 09:00:00
115,2361,review_request,Share your feedback,Please leave a review about your recent consultation.,0,2026-08-12 21:00:00
116,2072,system,System notification,There has been an update to your account or app settings.,1,2026-08-29 04:00:00
117,2343,appointment_confirmed,Appointment confirmed,Your appointment has been confirmed by the clinic.,1,2026-08-16 20:00:00
118,2298,appointment_reminder,Upcoming appointment reminder,Your appointment is scheduled soon. Please don't forget to attend.,1,2026-08-12 19:00:00
119,1033,appointment_confirmed,Appointment confirmed,Your appointment has been confirmed by the clinic.,1,2026-07-26 18:00:00
120,2246,doctor_reply,Doctor replied,Your doctor has replied to your message.,1,2026-07-09 14:00:00
121,2150,appointment_reminder,Upcoming appointment reminder,Your appointment is scheduled soon. Please don't forget to attend.,1,2026-07-04 22:00:00
122,2029,appointment_reminder,Upcoming appointment reminder,Your appointment is scheduled soon. Please don't forget to attend.,1,2026-08-08 10:00:00
123,2076,system,System notification,There has been an update to your account or app settings.,0,2026-08-08 09:00:00
124,2016,payment_received,Payment received,We have received your payment. Thank you.,0,2026-07-14 22:00:00
125,2277,doctor_reply,Doctor replied,Your doctor has replied to your message.,0,2026-08-02 14:00:00
126,2254,appointment_confirmed,Appointment confirmed,Your appointment has been confirmed by the clinic.,1,2026-07-21 15:00:00
127,2182,system,System notification,There has been an update to your account or app settings.,0,2026-07-15 15:00:00
128,1020,system,System notification,There has been an update to your account or app settings.,1,2026-07-22 18:00:00
129,2165,new_message,New message received,You have a new message in your consultation chat.,1,2026-07-04 14:00:00
130,2305,appointment_reminder,Upcoming appointment reminder,Your appointment is scheduled soon. Please don't forget to attend.,0,2026-07-20 00:00:00
131,2028,system,System notification,There has been an update to your account or app settings.,1,2026-08-05 23:00:00
132,2258,appointment_reminder,Upcoming appointment reminder,Your appointment is scheduled soon. Please don't forget to attend.,0,2026-07-29 13:00:00
133,1029,review_request,Share your feedback,Please leave a review about your recent consultation.,1,2026-08-23 20:00:00
134,2392,doctor_reply,Doctor replied,Your doctor has replied to your message.,1,2026-07-06 21:00:00
135,1024,system,System notification,There has been an update to your account or app settings.,0,2026-07-11 20:00:00
136,2078,review_request,Share your feedback,Please leave a review about your recent consultation.,0,2026-07-24 00:00:00
137,2285,system,System notification,There has been an update to your account or app settings.,1,2026-08-09 03:00:00
138,2047,appointment_confirmed,Appointment confirmed,Your appointment has been confirmed by the clinic.,1,2026-08-17 12:00:00
139,2262,appointment_cancelled,Appointment cancelled,Your appointment has been cancelled. Please reschedule if needed.,0,2026-08-12 20:00:00
140,2200,doctor_reply,Doctor replied,Your doctor has replied to your message.,0,2026-08-12 11:00:00
141,1004,appointment_confirmed,Appointment confirmed,Your appointment has been confirmed by the clinic.,0,2026-08-15 10:00:00
142,2309,payment_received,Payment received,We have received your payment. Thank you.,1,2026-07-20 18:00:00
143,2177,doctor_reply,Doctor replied,Your doctor has replied to your message.,1,2026-08-30 06:00:00
144,1027,system,System notification,There has been an update to your account or app settings.,0,2026-07-09 16:00:00
145,1018,new_message,New message received,You have a new message in your consultation chat.,1,2026-08-31 14:00:00
146,2300,appointment_confirmed,Appointment confirmed,Your appointment has been confirmed by the clinic.,1,2026-07-17 20:00:00
147,2105,review_request,Share your feedback,Please leave a review about your recent consultation.,0,2026-07-12 23:00:00
148,2201,appointment_reminder,Upcoming appointment reminder,Your appointment is scheduled soon. Please don't forget to attend.,1,2026-08-09 03:00:00
149,2257,appointment_cancelled,Appointment cancelled,Your appointment has been cancelled. Please reschedule if needed.,0,2026-08-06 05:00:00
150,2336,payment_received,Payment received,We have received your payment. Thank you.,0,2026-08-28 07:00:00
151,2060,appointment_confirmed,Appointment confirmed,Your appointment has been confirmed by the clinic.,0,2026-07-04 04:00:00
152,2007,system,System notification,There has been an update to your account or app settings.,0,2026-08-05 03:00:00
153,2341,system,System notification,There has been an update to your account or app settings.,1,2026-08-17 07:00:00
154,2193,review_request,Share your feedback,Please leave a review about your recent consultation.,1,2026-07-08 02:00:00
155,2378,appointment_reminder,Upcoming appointment reminder,Your appointment is scheduled soon. Please don't forget to attend.,1,2026-08-27 02:00:00
156,2246,appointment_reminder,Upcoming appointment reminder,Your appointment is scheduled soon. Please don't forget to attend.,1,2026-08-05 20:00:00
157,2359,review_request,Share your feedback,Please leave a review about your recent consultation.,0,2026-08-04 04:00:00
158,2310,system,System notification,There has been an update to your account or app settings.,1,2026-08-15 12:00:00
159,2169,doctor_reply,Doctor replied,Your doctor has replied to your message.,1,2026-08-01 07:00:00
160,2335,new_message,New message received,You have a new message in your consultation chat.,1,2026-07-16 07:00:00
161,1009,appointment_confirmed,Appointment confirmed,Your appointment has been confirmed by the clinic.,1,2026-07-27 07:00:00
162,2149,appointment_cancelled,Appointment cancelled,Your appointment has been cancelled. Please reschedule if needed.,0,2026-07-15 20:00:00
163,2253,appointment_confirmed,Appointment confirmed,Your appointment has been confirmed by the clinic.,1,2026-07-10 02:00:00
164,2160,appointment_cancelled,Appointment cancelled,Your appointment has been cancelled. Please reschedule if needed.,1,2026-07-03 03:00:00
165,2204,doctor_reply,Doctor replied,Your doctor has replied to your message.,1,2026-07-25 23:00:00
166,2118,new_message,New message received,You have a new message in your consultation chat.,1,2026-08-05 17:00:00
167,2270,system,System notification,There has been an update to your account or app settings.,0,2026-08-11 03:00:00
168,2078,review_request,Share your feedback,Please leave a review about your recent consultation.,1,2026-07-05 18:00:00
169,2055,review_request,Share your feedback,Please leave a review about your recent consultation.,1,2026-08-13 07:00:00
170,2368,doctor_reply,Doctor replied,Your doctor has replied to your message.,1,2026-07-13 12:00:00
171,2327,appointment_cancelled,Appointment cancelled,Your appointment has been cancelled. Please reschedule if needed.,1,2026-07-31 05:00:00
172,2324,appointment_cancelled,Appointment cancelled,Your appointment has been cancelled. Please reschedule if needed.,1,2026-08-31 22:00:00
173,2319,appointment_confirmed,Appointment confirmed,Your appointment has been confirmed by the clinic.,0,2026-08-31 04:00:00
174,2373,system,System notification,There has been an update to your account or app settings.,1,2026-07-05 03:00:00
175,2391,system,System notification,There has been an update to your account or app settings.,0,2026-08-06 00:00:00
176,2394,review_request,Share your feedback,Please leave a review about your recent consultation.,1,2026-07-24 07:00:00
177,2101,payment_received,Payment received,We have received your payment. Thank you.,0,2026-08-04 11:00:00
178,2257,appointment_confirmed,Appointment confirmed,Your appointment has been confirmed by the clinic.,1,2026-08-18 22:00:00
179,2353,doctor_reply,Doctor replied,Your doctor has replied to your message.,1,2026-08-14 16:00:00
180,2153,payment_received,Payment received,We have received your payment. Thank you.,1,2026-07-13 15:00:00
181,2039,new_message,New message received,You have a new message in your consultation chat.,1,2026-08-30 21:00:00
182,2132,system,System notification,There has been an update to your account or app settings.,0,2026-07-09 02:00:00
183,2196,new_message,New message received,You have a new message in your consultation chat.,1,2026-08-01 17:00:00
184,2051,appointment_confirmed,Appointment confirmed,Your appointment has been confirmed by the clinic.,0,2026-07-30 05:00:00
185,1022,doctor_reply,Doctor replied,Your doctor has replied to your message.,1,2026-07-30 13:00:00
186,2224,new_message,New message received,You have a new message in your consultation chat.,0,2026-08-14 04:00:00
187,2295,payment_received,Payment received,We have received your payment. Thank you.,1,2026-08-28 14:00:00
188,2119,appointment_reminder,Upcoming appointment reminder,Your appointment is scheduled soon. Please don't forget to attend.,1,2026-08-27 15:00:00
189,2010,appointment_confirmed,Appointment confirmed,Your appointment has been confirmed by the clinic.,1,2026-07-13 06:00:00
190,2237,payment_received,Payment received,We have received your payment. Thank you.,0,2026-07-30 00:00:00
191,2096,payment_received,Payment received,We have received your payment. Thank you.,1,2026-08-12 17:00:00
192,2341,doctor_reply,Doctor replied,Your doctor has replied to your message.,1,2026-07-11 00:00:00
193,2130,appointment_reminder,Upcoming appointment reminder,Your appointment is scheduled soon. Please don't forget to attend.,1,2026-08-25 21:00:00
194,2218,doctor_reply,Doctor replied,Your doctor has replied to your message.,0,2026-07-26 21:00:00
195,1018,review_request,Share your feedback,Please leave a review about your recent consultation.,1,2026-07-14 20:00:00
196,2176,new_message,New message received,You have a new message in your consultation chat.,0,2026-08-23 19:00:00
197,2360,appointment_reminder,Upcoming appointment reminder,Your appointment is scheduled soon. Please don't forget to attend.,1,2026-08-16 14:00:00
198,2231,new_message,New message received,You have a new message in your consultation chat.,1,2026-08-06 17:00:00
199,2122,new_message,New message received,You have a new message in your consultation chat.,1,2026-08-15 19:00:00
200,2157,review_request,Share your feedback,Please leave a review about your recent consultation.,0,2026-08-12 22:00:00
201,2115,appointment_reminder,Upcoming appointment reminder,Your appointment is scheduled soon. Please don't forget to attend.,0,2026-07-29 22:00:00
202,2385,system,System notification,There has been an update to your account or app settings.,0,2026-08-29 18:00:00
203,2310,system,System notification,There has been an update to your account or app settings.,0,2026-08-10 11:00:00
204,2246,new_message,New message received,You have a new message in your consultation chat.,1,2026-08-12 04:00:00
205,1034,doctor_reply,Doctor replied,Your doctor has replied to your message.,0,2026-08-23 07:00:00
206,2127,review_request,Share your feedback,Please leave a review about your recent consultation.,1,2026-07-12 01:00:00
207,2235,appointment_reminder,Upcoming appointment reminder,Your appointment is scheduled soon. Please don't forget to attend.,0,2026-07-05 19:00:00
208,2399,doctor_reply,Doctor replied,Your doctor has replied to your message.,0,2026-07-03 01:00:00
209,2340,appointment_confirmed,Appointment confirmed,Your appointment has been confirmed by the clinic.,1,2026-07-30 03:00:00
210,2144,new_message,New message received,You have a new message in your consultation chat.,0,2026-08-02 16:00:00
211,2081,new_message,New message received,You have a new message in your consultation chat.,1,2026-08-15 13:00:00
212,2088,doctor_reply,Doctor replied,Your doctor has replied to your message.,0,2026-08-08 23:00:00
213,2022,doctor_reply,Doctor replied,Your doctor has replied to your message.,1,2026-07-08 12:00:00
214,2337,new_message,New message received,You have a new message in your consultation chat.,0,2026-08-02 15:00:00
215,2387,system,System notification,There has been an update to your account or app settings.,1,2026-07-16 11:00:00
216,2261,new_message,New message received,You have a new message in your consultation chat.,0,2026-07-25 06:00:00
217,1030,appointment_confirmed,Appointment confirmed,Your appointment has been confirmed by the clinic.,1,2026-07-06 22:00:00
218,2060,appointment_reminder,Upcoming appointment reminder,Your appointment is scheduled soon. Please don't forget to attend.,1,2026-07-13 18:00:00
219,2153,review_request,Share your feedback,Please leave a review about your recent consultation.,0,2026-07-05 17:00:00
220,2395,new_message,New message received,You have a new message in your consultation chat.,1,2026-08-31 07:00:00
221,2364,appointment_reminder,Upcoming appointment reminder,Your appointment is scheduled soon. Please don't forget to attend.,1,2026-07-19 07:00:00
222,2377,appointment_cancelled,Appointment cancelled,Your appointment has been cancelled. Please reschedule if needed.,1,2026-07-28 20:00:00
223,2258,doctor_reply,Doctor replied,Your doctor has replied to your message.,1,2026-07-20 17:00:00
224,2250,review_request,Share your feedback,Please leave a review about your recent consultation.,1,2026-08-30 03:00:00
225,1024,doctor_reply,Doctor replied,Your doctor has replied to your message.,1,2026-07-29 10:00:00
226,2203,review_request,Share your feedback,Please leave a review about your recent consultation.,0,2026-07-15 10:00:00
227,2063,appointment_cancelled,Appointment cancelled,Your appointment has been cancelled. Please reschedule if needed.,1,2026-07-23 11:00:00
228,2281,payment_received,Payment received,We have received your payment. Thank you.,1,2026-08-26 18:00:00
229,2157,appointment_cancelled,Appointment cancelled,Your appointment has been cancelled. Please reschedule if needed.,0,2026-07-11 08:00:00
230,2299,payment_received,Payment received,We have received your payment. Thank you.,1,2026-08-08 14:00:00
231,2039,appointment_reminder,Upcoming appointment reminder,Your appointment is scheduled soon. Please don't forget to attend.,1,2026-08-01 06:00:00
232,2151,review_request,Share your feedback,Please leave a review about your recent consultation.,1,2026-07-02 02:00:00
233,2149,review_request,Share your feedback,Please leave a review about your recent consultation.,0,2026-08-29 04:00:00
234,2252,new_message,New message received,You have a new message in your consultation chat.,1,2026-08-09 12:00:00
235,2202,appointment_cancelled,Appointment cancelled,Your appointment has been cancelled. Please reschedule if needed.,1,2026-07-29 13:00:00
236,2054,payment_received,Payment received,We have received your payment. Thank you.,1,2026-08-08 23:00:00
237,2142,new_message,New message received,You have a new message in your consultation chat.,1,2026-08-13 15:00:00
238,2056,appointment_cancelled,Appointment cancelled,Your appointment has been cancelled. Please reschedule if needed.,1,2026-07-04 05:00:00
239,2258,doctor_reply,Doctor replied,Your doctor has replied to your message.,0,2026-07-17 18:00:00
240,2317,review_request,Share your feedback,Please leave a review about your recent consultation.,1,2026-08-20 18:00:00
241,2344,doctor_reply,Doctor replied,Your doctor has replied to your message.,1,2026-07-04 16:00:00
242,1003,payment_received,Payment received,We have received your payment. Thank you.,1,2026-08-05 16:00:00
243,2021,appointment_cancelled,Appointment cancelled,Your appointment has been cancelled. Please reschedule if needed.,1,2026-08-14 00:00:00
244,2199,appointment_reminder,Upcoming appointment reminder,Your appointment is scheduled soon. Please don't forget to attend.,1,2026-08-19 02:00:00
245,1036,doctor_reply,Doctor replied,Your doctor has replied to your message.,0,2026-07-24 18:00:00
246,2170,doctor_reply,Doctor replied,Your doctor has replied to your message.,1,2026-08-16 22:00:00
247,1029,payment_received,Payment received,We have received your payment. Thank you.,1,2026-08-30 12:00:00
248,2258,payment_received,Payment received,We have received your payment. Thank you.,1,2026-08-21 15:00:00
249,2234,system,System notification,There has been an update to your account or app settings.,1,2026-07-05 22:00:00
250,2227,appointment_confirmed,Appointment confirmed,Your appointment has been confirmed by the clinic.,1,2026-08-15 00:00:00
251,2177,system,System notification,There has been an update to your account or app settings.,1,2026-07-19 17:00:00
252,2305,system,System notification,There has been an update to your account or app settings.,0,2026-07-11 08:00:00
253,2290,doctor_reply,Doctor replied,Your doctor has replied to your message.,0,2026-08-23 17:00:00
254,2330,appointment_confirmed,Appointment confirmed,Your appointment has been confirmed by the clinic.,0,2026-07-20 11:00:00
255,2298,doctor_reply,Doctor replied,Your doctor has replied to your message.,1,2026-08-15 05:00:00
256,2395,review_request,Share your feedback,Please leave a review about your recent consultation.,1,2026-08-14 11:00:00
257,2314,review_request,Share your feedback,Please leave a review about your recent consultation.,1,2026-07-18 20:00:00
258,2290,appointment_cancelled,Appointment cancelled,Your appointment has been cancelled. Please reschedule if needed.,0,2026-07-27 23:00:00
259,2244,appointment_confirmed,Appointment confirmed,Your appointment has been confirmed by the clinic.,0,2026-07-06 16:00:00
260,2182,review_request,Share your feedback,Please leave a review about your recent consultation.,0,2026-08-02 00:00:00
261,2293,new_message,New message received,You have a new message in your consultation chat.,1,2026-08-06 15:00:00
262,2056,appointment_reminder,Upcoming appointment reminder,Your appointment is scheduled soon. Please don't forget to attend.,1,2026-07-15 08:00:00
263,2319,appointment_reminder,Upcoming appointment reminder,Your appointment is scheduled soon. Please don't forget to attend.,1,2026-08-19 13:00:00
264,2322,doctor_reply,Doctor replied,Your doctor has replied to your message.,0,2026-08-20 19:00:00
265,2063,review_request,Share your feedback,Please leave a review about your recent consultation.,1,2026-07-10 16:00:00
266,2160,appointment_reminder,Upcoming appointment reminder,Your appointment is scheduled soon. Please don't forget to attend.,1,2026-07-11 10:00:00
267,2331,new_message,New message received,You have a new message in your consultation chat.,1,2026-08-07 10:00:00
268,2011,review_request,Share your feedback,Please leave a review about your recent consultation.,0,2026-08-27 09:00:00
269,2189,new_message,New message received,You have a new message in your consultation chat.,1,2026-07-04 19:00:00
270,2119,system,System notification,There has been an update to your account or app settings.,1,2026-07-23 16:00:00
271,2122,appointment_cancelled,Appointment cancelled,Your appointment has been cancelled. Please reschedule if needed.,0,2026-07-25 19:00:00
272,2198,payment_received,Payment received,We have received your payment. Thank you.,1,2026-08-12 08:00:00
273,2264,appointment_confirmed,Appointment confirmed,Your appointment has been confirmed by the clinic.,1,2026-07-08 17:00:00
274,2256,review_request,Share your feedback,Please leave a review about your recent consultation.,1,2026-07-11 04:00:00
275,2029,appointment_reminder,Upcoming appointment reminder,Your appointment is scheduled soon. Please don't forget to attend.,0,2026-08-16 03:00:00
276,2068,review_request,Share your feedback,Please leave a review about your recent consultation.,0,2026-08-24 13:00:00
277,1016,payment_received,Payment received,We have received your payment. Thank you.,1,2026-07-21 13:00:00
278,2356,doctor_reply,Doctor replied,Your doctor has replied to your message.,0,2026-08-16 08:00:00
279,2058,appointment_cancelled,Appointment cancelled,Your appointment has been cancelled. Please reschedule if needed.,1,2026-08-30 11:00:00
280,2127,appointment_confirmed,Appointment confirmed,Your appointment has been confirmed by the clinic.,1,2026-08-28 04:00:00
281,2320,system,System notification,There has been an update to your account or app settings.,1,2026-08-23 14:00:00
282,2117,new_message,New message received,You have a new message in your consultation chat.,0,2026-07-08 06:00:00
283,2089,doctor_reply,Doctor replied,Your doctor has replied to your message.,1,2026-07-10 04:00:00
284,2335,doctor_reply,Doctor replied,Your doctor has replied to your message.,0,2026-08-02 12:00:00
285,2201,payment_received,Payment received,We have received your payment. Thank you.,0,2026-08-01 07:00:00
286,2064,appointment_cancelled,Appointment cancelled,Your appointment has been cancelled. Please reschedule if needed.,1,2026-07-19 09:00:00
287,2059,appointment_cancelled,Appointment cancelled,Your appointment has been cancelled. Please reschedule if needed.,1,2026-07-19 16:00:00
288,1033,review_request,Share your feedback,Please leave a review about your recent consultation.,1,2026-08-02 23:00:00
289,2026,doctor_reply,Doctor replied,Your doctor has replied to your message.,0,2026-08-29 15:00:00
290,2245,review_request,Share your feedback,Please leave a review about your recent consultation.,1,2026-08-26 13:00:00
291,2239,review_request,Share your feedback,Please leave a review about your recent consultation.,1,2026-08-04 23:00:00
292,2151,appointment_cancelled,Appointment cancelled,Your appointment has been cancelled. Please reschedule if needed.,1,2026-08-23 13:00:00
293,2310,system,System notification,There has been an update to your account or app settings.,1,2026-07-02 08:00:00
294,2161,system,System notification,There has been an update to your account or app settings.,0,2026-08-30 07:00:00
295,2235,payment_received,Payment received,We have received your payment. Thank you.,0,2026-07-25 02:00:00
296,2146,review_request,Share your feedback,Please leave a review about your recent consultation.,1,2026-08-09 02:00:00
297,2221,appointment_cancelled,Appointment cancelled,Your appointment has been cancelled. Please reschedule if needed.,1,2026-07-15 08:00:00
298,2279,payment_received,Payment received,We have received your payment. Thank you.,1,2026-08-24 21:00:00
299,2017,doctor_reply,Doctor replied,Your doctor has replied to your message.,1,2026-07-14 22:00:00
300,2155,system,System notification,There has been an update to your account or app settings.,1,2026-08-12 08:00:00
301,2086,appointment_cancelled,Appointment cancelled,Your appointment has been cancelled. Please reschedule if needed.,0,2026-08-28 09:00:00
302,2285,appointment_confirmed,Appointment confirmed,Your appointment has been confirmed by the clinic.,0,2026-08-18 20:00:00
303,1028,new_message,New message received,You have a new message in your consultation chat.,0,2026-08-12 08:00:00
304,2208,new_message,New message received,You have a new message in your consultation chat.,1,2026-07-15 09:00:00
305,2268,new_message,New message received,You have a new message in your consultation chat.,1,2026-08-10 15:00:00
306,2153,appointment_cancelled,Appointment cancelled,Your appointment has been cancelled. Please reschedule if needed.,1,2026-07-28 07:00:00
307,2098,appointment_confirmed,Appointment confirmed,Your appointment has been confirmed by the clinic.,0,2026-07-06 22:00:00
308,2128,appointment_reminder,Upcoming appointment reminder,Your appointment is scheduled soon. Please don't forget to attend.,1,2026-07-10 00:00:00
309,2161,system,System notification,There has been an update to your account or app settings.,0,2026-07-27 12:00:00
310,2121,doctor_reply,Doctor replied,Your doctor has replied to your message.,0,2026-07-02 13:00:00
311,2069,appointment_confirmed,Appointment confirmed,Your appointment has been confirmed by the clinic.,1,2026-07-26 06:00:00
312,2282,payment_received,Payment received,We have received your payment. Thank you.,0,2026-08-05 19:00:00
313,2315,appointment_reminder,Upcoming appointment reminder,Your appointment is scheduled soon. Please don't forget to attend.,1,2026-07-20 23:00:00
314,2132,system,System notification,There has been an update to your account or app settings.,0,2026-07-06 22:00:00
315,2105,system,System notification,There has been an update to your account or app settings.,1,2026-08-24 02:00:00
316,2055,appointment_reminder,Upcoming appointment reminder,Your appointment is scheduled soon. Please don't forget to attend.,0,2026-07-14 09:00:00
317,1037,doctor_reply,Doctor replied,Your doctor has replied to your message.,1,2026-08-24 06:00:00
318,1025,payment_received,Payment received,We have received your payment. Thank you.,0,2026-08-18 11:00:00
319,1013,doctor_reply,Doctor replied,Your doctor has replied to your message.,1,2026-07-12 20:00:00
320,2347,appointment_reminder,Upcoming appointment reminder,Your appointment is scheduled soon. Please don't forget to attend.,0,2026-07-16 11:00:00
321,2386,appointment_confirmed,Appointment confirmed,Your appointment has been confirmed by the clinic.,1,2026-08-16 08:00:00
322,2042,appointment_confirmed,Appointment confirmed,Your appointment has been confirmed by the clinic.,0,2026-07-08 19:00:00
323,2089,new_message,New message received,You have a new message in your consultation chat.,1,2026-08-06 10:00:00
324,2277,doctor_reply,Doctor replied,Your doctor has replied to your message.,1,2026-08-04 10:00:00
325,2299,doctor_reply,Doctor replied,Your doctor has replied to your message.,1,2026-07-29 20:00:00
326,1006,appointment_reminder,Upcoming appointment reminder,Your appointment is scheduled soon. Please don't forget to attend.,0,2026-08-22 07:00:00
327,2175,review_request,Share your feedback,Please leave a review about your recent consultation.,0,2026-08-19 09:00:00
328,1035,appointment_confirmed,Appointment confirmed,Your appointment has been confirmed by the clinic.,1,2026-07-08 13:00:00
329,1027,new_message,New message received,You have a new message in your consultation chat.,1,2026-07-03 09:00:00
330,2292,doctor_reply,Doctor replied,Your doctor has replied to your message.,1,2026-07-15 02:00:00
331,1036,new_message,New message received,You have a new message in your consultation chat.,0,2026-07-12 11:00:00
332,1023,appointment_reminder,Upcoming appointment reminder,Your appointment is scheduled soon. Please don't forget to attend.,1,2026-07-04 21:00:00
333,2119,review_request,Share your feedback,Please leave a review about your recent consultation.,1,2026-07-27 23:00:00
334,2032,appointment_reminder,Upcoming appointment reminder,Your appointment is scheduled soon. Please don't forget to attend.,1,2026-07-22 17:00:00
335,2374,system,System notification,There has been an update to your account or app settings.,1,2026-07-11 07:00:00
336,2198,appointment_cancelled,Appointment cancelled,Your appointment has been cancelled. Please reschedule if needed.,1,2026-08-13 16:00:00
337,1027,system,System notification,There has been an update to your account or app settings.,1,2026-07-28 15:00:00
338,1005,appointment_reminder,Upcoming appointment reminder,Your appointment is scheduled soon. Please don't forget to attend.,1,2026-07-22 16:00:00
339,2366,doctor_reply,Doctor replied,Your doctor has replied to your message.,1,2026-07-26 12:00:00
340,1036,review_request,Share your feedback,Please leave a review about your recent consultation.,0,2026-07-02 16:00:00
341,2295,appointment_cancelled,Appointment cancelled,Your appointment has been cancelled. Please reschedule if needed.,1,2026-07-24 23:00:00
342,2249,new_message,New message received,You have a new message in your consultation chat.,1,2026-08-16 08:00:00
343,2179,payment_received,Payment received,We have received your payment. Thank you.,1,2026-08-22 04:00:00
344,2111,appointment_reminder,Upcoming appointment reminder,Your appointment is scheduled soon. Please don't forget to attend.,1,2026-08-31 07:00:00
345,2130,appointment_confirmed,Appointment confirmed,Your appointment has been confirmed by the clinic.,0,2026-08-27 06:00:00
346,2162,doctor_reply,Doctor replied,Your doctor has replied to your message.,1,2026-07-14 03:00:00
347,2122,system,System notification,There has been an update to your account or app settings.,1,2026-08-01 01:00:00
348,2025,doctor_reply,Doctor replied,Your doctor has replied to your message.,1,2026-07-03 17:00:00
349,2255,doctor_reply,Doctor replied,Your doctor has replied to your message.,1,2026-08-31 03:00:00
350,2127,new_message,New message received,You have a new message in your consultation chat.,0,2026-08-21 13:00:00
351,2126,review_request,Share your feedback,Please leave a review about your recent consultation.,1,2026-07-05 05:00:00
352,2330,new_message,New message received,You have a new message in your consultation chat.,1,2026-08-19 22:00:00
353,1014,appointment_confirmed,Appointment confirmed,Your appointment has been confirmed by the clinic.,1,2026-08-16 22:00:00
354,2286,appointment_reminder,Upcoming appointment reminder,Your appointment is scheduled soon. Please don't forget to attend.,0,2026-07-30 14:00:00
355,2143,payment_received,Payment received,We have received your payment. Thank you.,1,2026-08-07 10:00:00
356,2368,appointment_reminder,Upcoming appointment reminder,Your appointment is scheduled soon. Please don't forget to attend.,1,2026-07-27 09:00:00
357,2345,payment_received,Payment received,We have received your payment. Thank you.,0,2026-08-27 00:00:00
358,2382,doctor_reply,Doctor replied,Your doctor has replied to your message.,1,2026-08-14 17:00:00
359,2288,doctor_reply,Doctor replied,Your doctor has replied to your message.,1,2026-07-11 01:00:00
360,2012,appointment_cancelled,Appointment cancelled,Your appointment has been cancelled. Please reschedule if needed.,1,2026-07-16 23:00:00
361,2224,payment_received,Payment received,We have received your payment. Thank you.,1,2026-07-02 07:00:00
362,2120,appointment_reminder,Upcoming appointment reminder,Your appointment is scheduled soon. Please don't forget to attend.,0,2026-07-11 09:00:00
363,2151,system,System notification,There has been an update to your account or app settings.,1,2026-08-15 11:00:00
364,2387,appointment_confirmed,Appointment confirmed,Your appointment has been confirmed by the clinic.,0,2026-07-09 11:00:00
365,2172,review_request,Share your feedback,Please leave a review about your recent consultation.,1,2026-07-27 03:00:00
366,2270,appointment_confirmed,Appointment confirmed,Your appointment has been confirmed by the clinic.,1,2026-08-08 00:00:00
367,2217,review_request,Share your feedback,Please leave a review about your recent consultation.,1,2026-08-27 04:00:00
368,2228,system,System notification,There has been an update to your account or app settings.,0,2026-08-25 23:00:00
369,2284,appointment_reminder,Upcoming appointment reminder,Your appointment is scheduled soon. Please don't forget to attend.,0,2026-08-05 16:00:00
370,2128,system,System notification,There has been an update to your account or app settings.,1,2026-07-19 01:00:00
371,1019,payment_received,Payment received,We have received your payment. Thank you.,1,2026-08-28 17:00:00
372,2330,doctor_reply,Doctor replied,Your doctor has replied to your message.,1,2026-08-13 12:00:00
373,1017,new_message,New message received,You have a new message in your consultation chat.,0,2026-08-15 06:00:00
374,2192,payment_received,Payment received,We have received your payment. Thank you.,0,2026-07-26 22:00:00
375,2114,system,System notification,There has been an update to your account or app settings.,1,2026-07-23 03:00:00
376,1033,appointment_confirmed,Appointment confirmed,Your appointment has been confirmed by the clinic.,1,2026-08-14 01:00:00
377,2177,appointment_cancelled,Appointment cancelled,Your appointment has been cancelled. Please reschedule if needed.,0,2026-07-12 15:00:00
378,2187,doctor_reply,Doctor replied,Your doctor has replied to your message.,1,2026-07-09 19:00:00
379,1001,appointment_reminder,Upcoming appointment reminder,Your appointment is scheduled soon. Please don't forget to attend.,1,2026-07-27 03:00:00
380,2127,appointment_confirmed,Appointment confirmed,Your appointment has been confirmed by the clinic.,1,2026-08-31 01:00:00
381,2233,appointment_confirmed,Appointment confirmed,Your appointment has been confirmed by the clinic.,0,2026-07-20 09:00:00
382,2337,new_message,New message received,You have a new message in your consultation chat.,1,2026-07-09 08:00:00
383,2043,appointment_cancelled,Appointment cancelled,Your appointment has been cancelled. Please reschedule if needed.,1,2026-08-12 10:00:00
384,2292,appointment_reminder,Upcoming appointment reminder,Your appointment is scheduled soon. Please don't forget to attend.,1,2026-08-21 04:00:00
385,2118,payment_received,Payment received,We have received your payment. Thank you.,1,2026-07-30 06:00:00
386,2221,doctor_reply,Doctor replied,Your doctor has replied to your message.,1,2026-08-25 22:00:00
387,1040,appointment_cancelled,Appointment cancelled,Your appointment has been cancelled. Please reschedule if needed.,0,2026-08-03 05:00:00
388,2335,review_request,Share your feedback,Please leave a review about your recent consultation.,1,2026-08-13 03:00:00
389,2369,appointment_cancelled,Appointment cancelled,Your appointment has been cancelled. Please reschedule if needed.,1,2026-07-28 12:00:00
390,2055,payment_received,Payment received,We have received your payment. Thank you.,0,2026-08-14 17:00:00
391,2287,doctor_reply,Doctor replied,Your doctor has replied to your message.,1,2026-08-04 15:00:00
392,1014,doctor_reply,Doctor replied,Your doctor has replied to your message.,1,2026-08-01 01:00:00
393,2151,doctor_reply,Doctor replied,Your doctor has replied to your message.,0,2026-07-07 00:00:00
394,2382,appointment_confirmed,Appointment confirmed,Your appointment has been confirmed by the clinic.,1,2026-08-27 03:00:00
395,2124,review_request,Share your feedback,Please leave a review about your recent consultation.,0,2026-08-19 16:00:00
396,1024,doctor_reply,Doctor replied,Your doctor has replied to your message.,0,2026-08-11 00:00:00
397,2145,appointment_reminder,Upcoming appointment reminder,Your appointment is scheduled soon. Please don't forget to attend.,0,2026-07-03 21:00:00
398,2226,doctor_reply,Doctor replied,Your doctor has replied to your message.,1,2026-07-31 17:00:00
399,2391,payment_received,Payment received,We have received your payment. Thank you.,1,2026-07-02 02:00:00
400,2165,doctor_reply,Doctor replied,Your doctor has replied to your message.,1,2026-08-31 14:00:00
401,2330,review_request,Share your feedback,Please leave a review about your recent consultation.,1,2026-07-18 06:00:00
402,2333,review_request,Share your feedback,Please leave a review about your recent consultation.,1,2026-07-31 23:00:00
403,2098,appointment_reminder,Upcoming appointment reminder,Your appointment is scheduled soon. Please don't forget to attend.,0,2026-07-30 01:00:00
404,2226,appointment_cancelled,Appointment cancelled,Your appointment has been cancelled. Please reschedule if needed.,0,2026-08-17 22:00:00
405,2130,review_request,Share your feedback,Please leave a review about your recent consultation.,0,2026-08-04 08:00:00
406,2192,appointment_confirmed,Appointment confirmed,Your appointment has been confirmed by the clinic.,0,2026-08-15 13:00:00
407,2320,appointment_confirmed,Appointment confirmed,Your appointment has been confirmed by the clinic.,1,2026-07-09 06:00:00
408,1022,appointment_cancelled,Appointment cancelled,Your appointment has been cancelled. Please reschedule if needed.,0,2026-07-02 07:00:00
409,2020,system,System notification,There has been an update to your account or app settings.,1,2026-08-04 17:00:00
410,2165,payment_received,Payment received,We have received your payment. Thank you.,1,2026-08-17 10:00:00
411,2386,appointment_cancelled,Appointment cancelled,Your appointment has been cancelled. Please reschedule if needed.,1,2026-08-15 20:00:00
412,2215,review_request,Share your feedback,Please leave a review about your recent consultation.,1,2026-07-25 23:00:00
413,2143,payment_received,Payment received,We have received your payment. Thank you.,1,2026-07-16 11:00:00
414,2193,doctor_reply,Doctor replied,Your doctor has replied to your message.,1,2026-07-19 20:00:00
415,2187,doctor_reply,Doctor replied,Your doctor has replied to your message.,1,2026-07-20 09:00:00
416,2260,appointment_cancelled,Appointment cancelled,Your appointment has been cancelled. Please reschedule if needed.,1,2026-07-05 13:00:00
417,2326,appointment_reminder,Upcoming appointment reminder,Your appointment is scheduled soon. Please don't forget to attend.,0,2026-08-17 07:00:00
418,2060,appointment_cancelled,Appointment cancelled,Your appointment has been cancelled. Please reschedule if needed.,1,2026-07-07 21:00:00
419,2033,new_message,New message received,You have a new message in your consultation chat.,1,2026-08-01 23:00:00
420,2125,system,System notification,There has been an update to your account or app settings.,1,2026-07-19 13:00:00
421,2134,payment_received,Payment received,We have received your payment. Thank you.,0,2026-07-10 23:00:00
422,2216,doctor_reply,Doctor replied,Your doctor has replied to your message.,1,2026-08-25 14:00:00
423,2262,appointment_reminder,Upcoming appointment reminder,Your appointment is scheduled soon. Please don't forget to attend.,1,2026-08-15 05:00:00
424,2068,appointment_confirmed,Appointment confirmed,Your appointment has been confirmed by the clinic.,0,2026-07-31 07:00:00
425,2076,doctor_reply,Doctor replied,Your doctor has replied to your message.,0,2026-07-28 01:00:00
426,1001,payment_received,Payment received,We have received your payment. Thank you.,1,2026-07-31 03:00:00
427,2217,doctor_reply,Doctor replied,Your doctor has replied to your message.,1,2026-07-02 13:00:00
428,2235,doctor_reply,Doctor replied,Your doctor has replied to your message.,1,2026-07-29 21:00:00
429,2005,appointment_cancelled,Appointment cancelled,Your appointment has been cancelled. Please reschedule if needed.,1,2026-07-11 18:00:00
430,2167,system,System notification,There has been an update to your account or app settings.,0,2026-08-24 01:00:00
431,2375,review_request,Share your feedback,Please leave a review about your recent consultation.,1,2026-08-24 06:00:00
432,2013,appointment_reminder,Upcoming appointment reminder,Your appointment is scheduled soon. Please don't forget to attend.,1,2026-07-06 23:00:00
433,2058,appointment_cancelled,Appointment cancelled,Your appointment has been cancelled. Please reschedule if needed.,1,2026-07-23 17:00:00
434,2008,new_message,New message received,You have a new message in your consultation chat.,1,2026-08-09 07:00:00
435,2357,appointment_confirmed,Appointment confirmed,Your appointment has been confirmed by the clinic.,0,2026-08-18 10:00:00
436,2262,appointment_cancelled,Appointment cancelled,Your appointment has been cancelled. Please reschedule if needed.,1,2026-07-05 03:00:00
437,2346,doctor_reply,Doctor replied,Your doctor has replied to your message.,0,2026-07-19 23:00:00
438,2094,appointment_confirmed,Appointment confirmed,Your appointment has been confirmed by the clinic.,0,2026-07-03 01:00:00
439,2215,payment_received,Payment received,We have received your payment. Thank you.,1,2026-08-24 17:00:00
440,2338,appointment_reminder,Upcoming appointment reminder,Your appointment is scheduled soon. Please don't forget to attend.,0,2026-07-25 23:00:00
441,1031,doctor_reply,Doctor replied,Your doctor has replied to your message.,1,2026-07-16 03:00:00
442,2315,appointment_confirmed,Appointment confirmed,Your appointment has been confirmed by the clinic.,1,2026-07-12 18:00:00
443,2253,appointment_confirmed,Appointment confirmed,Your appointment has been confirmed by the clinic.,1,2026-08-14 13:00:00
444,2034,system,System notification,There has been an update to your account or app settings.,1,2026-08-06 14:00:00
445,2383,doctor_reply,Doctor replied,Your doctor has replied to your message.,0,2026-08-22 07:00:00
446,2158,doctor_reply,Doctor replied,Your doctor has replied to your message.,1,2026-08-02 11:00:00
447,2069,review_request,Share your feedback,Please leave a review about your recent consultation.,0,2026-08-26 00:00:00
448,2040,appointment_cancelled,Appointment cancelled,Your appointment has been cancelled. Please reschedule if needed.,1,2026-08-01 21:00:00
449,2064,system,System notification,There has been an update to your account or app settings.,0,2026-07-19 20:00:00
450,1005,review_request,Share your feedback,Please leave a review about your recent consultation.,1,2026-08-28 10:00:00
451,2225,appointment_confirmed,Appointment confirmed,Your appointment has been confirmed by the clinic.,1,2026-08-15 09:00:00
452,2103,appointment_cancelled,Appointment cancelled,Your appointment has been cancelled. Please reschedule if needed.,0,2026-08-17 20:00:00
453,2325,review_request,Share your feedback,Please leave a review about your recent consultation.,0,2026-08-21 07:00:00
454,2082,system,System notification,There has been an update to your account or app settings.,1,2026-08-10 10:00:00
455,2398,review_request,Share your feedback,Please leave a review about your recent consultation.,1,2026-07-02 14:00:00
456,2275,new_message,New message received,You have a new message in your consultation chat.,1,2026-07-18 21:00:00
457,2092,new_message,New message received,You have a new message in your consultation chat.,1,2026-08-06 15:00:00
458,2190,appointment_cancelled,Appointment cancelled,Your appointment has been cancelled. Please reschedule if needed.,1,2026-08-14 15:00:00
459,2066,appointment_confirmed,Appointment confirmed,Your appointment has been confirmed by the clinic.,0,2026-08-25 14:00:00
460,2397,system,System notification,There has been an update to your account or app settings.,0,2026-08-28 23:00:00
461,2016,system,System notification,There has been an update to your account or app settings.,0,2026-07-31 10:00:00
462,2047,appointment_reminder,Upcoming appointment reminder,Your appointment is scheduled soon. Please don't forget to attend.,0,2026-08-24 11:00:00
463,2040,system,System notification,There has been an update to your account or app settings.,1,2026-08-08 17:00:00
464,1032,appointment_confirmed,Appointment confirmed,Your appointment has been confirmed by the clinic.,1,2026-08-25 21:00:00
465,2330,appointment_reminder,Upcoming appointment reminder,Your appointment is scheduled soon. Please don't forget to attend.,1,2026-08-30 18:00:00
466,2185,appointment_confirmed,Appointment confirmed,Your appointment has been confirmed by the clinic.,0,2026-07-24 18:00:00
467,2231,new_message,New message received,You have a new message in your consultation chat.,1,2026-08-18 22:00:00
468,2079,new_message,New message received,You have a new message in your consultation chat.,0,2026-07-04 09:00:00
469,2070,appointment_confirmed,Appointment confirmed,Your appointment has been confirmed by the clinic.,1,2026-08-08 07:00:00
470,2338,doctor_reply,Doctor replied,Your doctor has replied to your message.,1,2026-07-17 09:00:00
471,2250,review_request,Share your feedback,Please leave a review about your recent consultation.,1,2026-07-20 06:00:00
472,2392,appointment_confirmed,Appointment confirmed,Your appointment has been confirmed by the clinic.,1,2026-07-08 08:00:00
473,2355,appointment_cancelled,Appointment cancelled,Your appointment has been cancelled. Please reschedule if needed.,0,2026-08-08 08:00:00
474,2179,new_message,New message received,You have a new message in your consultation chat.,0,2026-08-22 11:00:00
475,2044,doctor_reply,Doctor replied,Your doctor has replied to your message.,0,2026-07-31 02:00:00
476,2020,appointment_confirmed,Appointment confirmed,Your appointment has been confirmed by the clinic.,1,2026-07-23 21:00:00
477,2048,appointment_reminder,Upcoming appointment reminder,Your appointment is scheduled soon. Please don't forget to attend.,1,2026-08-30 19:00:00
478,2273,review_request,Share your feedback,Please leave a review about your recent consultation.,1,2026-08-10 23:00:00
479,2345,appointment_reminder,Upcoming appointment reminder,Your appointment is scheduled soon. Please don't forget to attend.,0,2026-07-04 11:00:00
480,2047,appointment_confirmed,Appointment confirmed,Your appointment has been confirmed by the clinic.,1,2026-08-31 18:00:00
481,2110,system,System notification,There has been an update to your account or app settings.,0,2026-07-20 16:00:00
482,1019,appointment_confirmed,Appointment confirmed,Your appointment has been confirmed by the clinic.,0,2026-08-24 08:00:00
483,2118,appointment_cancelled,Appointment cancelled,Your appointment has been cancelled. Please reschedule if needed.,1,2026-08-08 17:00:00
484,1027,appointment_confirmed,Appointment confirmed,Your appointment has been confirmed by the clinic.,1,2026-08-31 14:00:00
485,2147,appointment_cancelled,Appointment cancelled,Your appointment has been cancelled. Please reschedule if needed.,1,2026-08-25 01:00:00
486,2370,new_message,New message received,You have a new message in your consultation chat.,1,2026-08-07 18:00:00
487,2302,appointment_reminder,Upcoming appointment reminder,Your appointment is scheduled soon. Please don't forget to attend.,0,2026-07-10 04:00:00
488,2033,payment_received,Payment received,We have received your payment. Thank you.,0,2026-07-21 04:00:00
489,2295,review_request,Share your feedback,Please leave a review about your recent consultation.,1,2026-08-13 02:00:00
490,2319,system,System notification,There has been an update to your account or app settings.,1,2026-07-08 15:00:00
491,2058,appointment_cancelled,Appointment cancelled,Your appointment has been cancelled. Please reschedule if needed.,0,2026-07-07 15:00:00
492,2310,review_request,Share your feedback,Please leave a review about your recent consultation.,1,2026-08-19 06:00:00
493,2271,appointment_confirmed,Appointment confirmed,Your appointment has been confirmed by the clinic.,1,2026-07-09 07:00:00
494,2039,payment_received,Payment received,We have received your payment. Thank you.,1,2026-08-12 14:00:00
495,2323,appointment_reminder,Upcoming appointment reminder,Your appointment is scheduled soon. Please don't forget to attend.,1,2026-07-04 08:00:00
496,2059,new_message,New message received,You have a new message in your consultation chat.,1,2026-08-13 08:00:00
497,2354,new_message,New message received,You have a new message in your consultation chat.,0,2026-07-03 15:00:00
498,2225,appointment_confirmed,Appointment confirmed,Your appointment has been confirmed by the clinic.,0,2026-07-18 02:00:00
499,2029,payment_received,Payment received,We have received your payment. Thank you.,0,2026-08-09 09:00:00
500,2182,appointment_reminder,Upcoming appointment reminder,Your appointment is scheduled soon. Please don't forget to attend.,1,2026-07-23 16:00:00
501,2322,review_request,Share your feedback,Please leave a review about your recent consultation.,0,2026-08-29 13:00:00
502,2014,review_request,Share your feedback,Please leave a review about your recent consultation.,1,2026-08-21 00:00:00
503,2397,review_request,Share your feedback,Please leave a review about your recent consultation.,0,2026-07-10 10:00:00
504,2099,appointment_confirmed,Appointment confirmed,Your appointment has been confirmed by the clinic.,0,2026-08-19 01:00:00
505,2153,new_message,New message received,You have a new message in your consultation chat.,1,2026-08-20 17:00:00
506,2396,appointment_reminder,Upcoming appointment reminder,Your appointment is scheduled soon. Please don't forget to attend.,0,2026-07-14 10:00:00
507,2080,doctor_reply,Doctor replied,Your doctor has replied to your message.,1,2026-08-05 18:00:00
508,2059,new_message,New message received,You have a new message in your consultation chat.,0,2026-08-03 19:00:00
509,2050,system,System notification,There has been an update to your account or app settings.,0,2026-07-30 10:00:00
510,2375,review_request,Share your feedback,Please leave a review about your recent consultation.,1,2026-08-15 11:00:00
511,2002,new_message,New message received,You have a new message in your consultation chat.,1,2026-07-08 15:00:00
512,2045,new_message,New message received,You have a new message in your consultation chat.,1,2026-07-16 21:00:00
513,2091,doctor_reply,Doctor replied,Your doctor has replied to your message.,1,2026-07-23 10:00:00
514,2330,new_message,New message received,You have a new message in your consultation chat.,0,2026-08-24 13:00:00
515,2111,doctor_reply,Doctor replied,Your doctor has replied to your message.,1,2026-07-21 12:00:00
516,2214,appointment_confirmed,Appointment confirmed,Your appointment has been confirmed by the clinic.,0,2026-07-09 18:00:00
517,1035,review_request,Share your feedback,Please leave a review about your recent consultation.,0,2026-07-19 18:00:00
518,2061,appointment_confirmed,Appointment confirmed,Your appointment has been confirmed by the clinic.,0,2026-08-20 05:00:00
519,2124,new_message,New message received,You have a new message in your consultation chat.,1,2026-08-04 13:00:00
520,1032,payment_received,Payment received,We have received your payment. Thank you.,1,2026-08-23 03:00:00
521,2349,appointment_cancelled,Appointment cancelled,Your appointment has been cancelled. Please reschedule if needed.,0,2026-08-13 00:00:00
522,1001,appointment_reminder,Upcoming appointment reminder,Your appointment is scheduled soon. Please don't forget to attend.,1,2026-08-21 17:00:00
523,2353,doctor_reply,Doctor replied,Your doctor has replied to your message.,1,2026-07-22 23:00:00
524,2348,review_request,Share your feedback,Please leave a review about your recent consultation.,1,2026-07-29 05:00:00
525,2331,appointment_reminder,Upcoming appointment reminder,Your appointment is scheduled soon. Please don't forget to attend.,0,2026-07-24 15:00:00
526,2298,appointment_confirmed,Appointment confirmed,Your appointment has been confirmed by the clinic.,0,2026-07-07 20:00:00
527,2192,doctor_reply,Doctor replied,Your doctor has replied to your message.,0,2026-08-20 12:00:00
528,2156,review_request,Share your feedback,Please leave a review about your recent consultation.,1,2026-08-13 21:00:00
529,2236,review_request,Share your feedback,Please leave a review about your recent consultation.,1,2026-08-10 12:00:00
530,1008,doctor_reply,Doctor replied,Your doctor has replied to your message.,1,2026-08-18 04:00:00
531,2380,doctor_reply,Doctor replied,Your doctor has replied to your message.,1,2026-08-29 14:00:00
532,2166,appointment_confirmed,Appointment confirmed,Your appointment has been confirmed by the clinic.,1,2026-08-27 07:00:00
533,2270,new_message,New message received,You have a new message in your consultation chat.,1,2026-07-27 13:00:00
534,2365,system,System notification,There has been an update to your account or app settings.,1,2026-07-31 08:00:00
535,2295,new_message,New message received,You have a new message in your consultation chat.,1,2026-08-10 23:00:00
536,2074,appointment_cancelled,Appointment cancelled,Your appointment has been cancelled. Please reschedule if needed.,1,2026-07-12 19:00:00
537,2068,review_request,Share your feedback,Please leave a review about your recent consultation.,1,2026-07-26 23:00:00
538,2074,review_request,Share your feedback,Please leave a review about your recent consultation.,1,2026-08-25 00:00:00
539,2313,review_request,Share your feedback,Please leave a review about your recent consultation.,1,2026-08-04 22:00:00
540,2305,appointment_cancelled,Appointment cancelled,Your appointment has been cancelled. Please reschedule if needed.,1,2026-07-09 02:00:00
541,2396,doctor_reply,Doctor replied,Your doctor has replied to your message.,1,2026-08-18 15:00:00
542,2122,new_message,New message received,You have a new message in your consultation chat.,1,2026-08-14 10:00:00
543,2010,payment_received,Payment received,We have received your payment. Thank you.,0,2026-07-19 01:00:00
544,2176,appointment_confirmed,Appointment confirmed,Your appointment has been confirmed by the clinic.,1,2026-08-19 09:00:00
545,1038,appointment_confirmed,Appointment confirmed,Your appointment has been confirmed by the clinic.,1,2026-07-03 01:00:00
546,2332,appointment_reminder,Upcoming appointment reminder,Your appointment is scheduled soon. Please don't forget to attend.,1,2026-08-10 18:00:00
547,2314,doctor_reply,Doctor replied,Your doctor has replied to your message.,1,2026-07-16 16:00:00
548,2385,appointment_cancelled,Appointment cancelled,Your appointment has been cancelled. Please reschedule if needed.,0,2026-08-17 08:00:00
549,1005,appointment_cancelled,Appointment cancelled,Your appointment has been cancelled. Please reschedule if needed.,1,2026-08-04 16:00:00
550,2359,system,System notification,There has been an update to your account or app settings.,1,2026-07-25 20:00:00
551,2085,doctor_reply,Doctor replied,Your doctor has replied to your message.,0,2026-08-07 10:00:00
552,2272,appointment_cancelled,Appointment cancelled,Your appointment has been cancelled. Please reschedule if needed.,1,2026-07-15 18:00:00
553,2067,appointment_reminder,Upcoming appointment reminder,Your appointment is scheduled soon. Please don't forget to attend.,1,2026-07-03 01:00:00
554,2121,new_message,New message received,You have a new message in your consultation chat.,0,2026-07-24 21:00:00
555,2370,system,System notification,There has been an update to your account or app settings.,1,2026-08-17 20:00:00
556,2311,appointment_cancelled,Appointment cancelled,Your appointment has been cancelled. Please reschedule if needed.,1,2026-08-22 21:00:00
557,2393,appointment_confirmed,Appointment confirmed,Your appointment has been confirmed by the clinic.,1,2026-07-21 21:00:00
558,2058,new_message,New message received,You have a new message in your consultation chat.,1,2026-07-13 02:00:00
559,2373,appointment_reminder,Upcoming appointment reminder,Your appointment is scheduled soon. Please don't forget to attend.,1,2026-08-07 07:00:00
560,2158,appointment_confirmed,Appointment confirmed,Your appointment has been confirmed by the clinic.,0,2026-08-28 12:00:00
561,2147,review_request,Share your feedback,Please leave a review about your recent consultation.,1,2026-07-06 04:00:00
562,1027,appointment_reminder,Upcoming appointment reminder,Your appointment is scheduled soon. Please don't forget to attend.,1,2026-08-05 13:00:00
563,2280,appointment_confirmed,Appointment confirmed,Your appointment has been confirmed by the clinic.,0,2026-07-03 19:00:00
564,2294,appointment_reminder,Upcoming appointment reminder,Your appointment is scheduled soon. Please don't forget to attend.,1,2026-07-25 00:00:00
565,2213,doctor_reply,Doctor replied,Your doctor has replied to your message.,1,2026-08-15 21:00:00
566,2127,appointment_cancelled,Appointment cancelled,Your appointment has been cancelled. Please reschedule if needed.,1,2026-07-20 06:00:00
567,2398,appointment_reminder,Upcoming appointment reminder,Your appointment is scheduled soon. Please don't forget to attend.,1,2026-07-21 14:00:00
568,2368,appointment_cancelled,Appointment cancelled,Your appointment has been cancelled. Please reschedule if needed.,1,2026-07-17 01:00:00
569,2191,system,System notification,There has been an update to your account or app settings.,0,2026-07-17 14:00:00
570,2123,review_request,Share your feedback,Please leave a review about your recent consultation.,0,2026-08-11 23:00:00
571,2358,new_message,New message received,You have a new message in your consultation chat.,1,2026-07-13 17:00:00
572,2013,appointment_cancelled,Appointment cancelled,Your appointment has been cancelled. Please reschedule if needed.,1,2026-08-12 04:00:00
573,2365,review_request,Share your feedback,Please leave a review about your recent consultation.,1,2026-07-05 08:00:00
574,2192,doctor_reply,Doctor replied,Your doctor has replied to your message.,1,2026-08-31 06:00:00
575,2258,doctor_reply,Doctor replied,Your doctor has replied to your message.,1,2026-08-13 14:00:00
576,2337,review_request,Share your feedback,Please leave a review about your recent consultation.,0,2026-08-27 21:00:00
577,2042,review_request,Share your feedback,Please leave a review about your recent consultation.,0,2026-08-09 09:00:00
578,2264,system,System notification,There has been an update to your account or app settings.,1,2026-07-16 03:00:00
579,2076,payment_received,Payment received,We have received your payment. Thank you.,0,2026-07-13 11:00:00
580,1024,appointment_confirmed,Appointment confirmed,Your appointment has been confirmed by the clinic.,1,2026-08-13 08:00:00
581,2235,review_request,Share your feedback,Please leave a review about your recent consultation.,0,2026-08-29 16:00:00
582,2033,appointment_confirmed,Appointment confirmed,Your appointment has been confirmed by the clinic.,1,2026-08-10 09:00:00
583,2184,review_request,Share your feedback,Please leave a review about your recent consultation.,1,2026-07-27 12:00:00
584,1034,payment_received,Payment received,We have received your payment. Thank you.,1,2026-07-04 22:00:00
585,2257,appointment_confirmed,Appointment confirmed,Your appointment has been confirmed by the clinic.,1,2026-07-28 01:00:00
586,2164,doctor_reply,Doctor replied,Your doctor has replied to your message.,1,2026-08-04 17:00:00
587,1018,doctor_reply,Doctor replied,Your doctor has replied to your message.,1,2026-07-30 15:00:00
588,2102,appointment_reminder,Upcoming appointment reminder,Your appointment is scheduled soon. Please don't forget to attend.,1,2026-08-18 13:00:00
589,2271,doctor_reply,Doctor replied,Your doctor has replied to your message.,0,2026-07-21 01:00:00
590,2012,appointment_cancelled,Appointment cancelled,Your appointment has been cancelled. Please reschedule if needed.,1,2026-08-22 15:00:00
591,2316,appointment_confirmed,Appointment confirmed,Your appointment has been confirmed by the clinic.,1,2026-08-08 00:00:00
592,2080,appointment_confirmed,Appointment confirmed,Your appointment has been confirmed by the clinic.,1,2026-08-01 00:00:00
593,2126,doctor_reply,Doctor replied,Your doctor has replied to your message.,1,2026-07-14 01:00:00
594,2039,new_message,New message received,You have a new message in your consultation chat.,0,2026-07-17 17:00:00
595,2165,payment_received,Payment received,We have received your payment. Thank you.,1,2026-07-26 04:00:00
596,2017,appointment_cancelled,Appointment cancelled,Your appointment has been cancelled. Please reschedule if needed.,0,2026-08-06 03:00:00
597,2395,appointment_cancelled,Appointment cancelled,Your appointment has been cancelled. Please reschedule if needed.,1,2026-07-29 05:00:00
598,2112,appointment_cancelled,Appointment cancelled,Your appointment has been cancelled. Please reschedule if needed.,1,2026-08-13 13:00:00
599,2050,appointment_cancelled,Appointment cancelled,Your appointment has been cancelled. Please reschedule if needed.,1,2026-07-07 08:00:00
600,2166,appointment_cancelled,Appointment cancelled,Your appointment has been cancelled. Please reschedule if needed.,0,2026-08-21 04:00:00
601,2170,appointment_confirmed,Appointment confirmed,Your appointment has been confirmed by the clinic.,1,2026-07-19 08:00:00
602,2383,appointment_confirmed,Appointment confirmed,Your appointment has been confirmed by the clinic.,1,2026-08-07 09:00:00
603,2167,payment_received,Payment received,We have received your payment. Thank you.,1,2026-07-15 16:00:00
604,2213,system,System notification,There has been an update to your account or app settings.,1,2026-07-17 09:00:00
605,2008,new_message,New message received,You have a new message in your consultation chat.,1,2026-07-20 17:00:00
606,2024,appointment_confirmed,Appointment confirmed,Your appointment has been confirmed by the clinic.,0,2026-07-05 21:00:00
607,2039,appointment_confirmed,Appointment confirmed,Your appointment has been confirmed by the clinic.,0,2026-08-25 22:00:00
608,2267,new_message,New message received,You have a new message in your consultation chat.,1,2026-07-06 21:00:00
609,2306,appointment_confirmed,Appointment confirmed,Your appointment has been confirmed by the clinic.,1,2026-07-04 12:00:00
610,2086,new_message,New message received,You have a new message in your consultation chat.,0,2026-08-21 04:00:00
611,2223,payment_received,Payment received,We have received your payment. Thank you.,1,2026-07-18 12:00:00
612,1014,appointment_cancelled,Appointment cancelled,Your appointment has been cancelled. Please reschedule if needed.,1,2026-08-08 07:00:00
613,2288,payment_received,Payment received,We have received your payment. Thank you.,0,2026-08-23 10:00:00
614,2110,payment_received,Payment received,We have received your payment. Thank you.,1,2026-08-03 12:00:00
615,2020,system,System notification,There has been an update to your account or app settings.,0,2026-08-26 23:00:00
616,2149,review_request,Share your feedback,Please leave a review about your recent consultation.,1,2026-08-13 12:00:00
617,2054,system,System notification,There has been an update to your account or app settings.,1,2026-08-30 18:00:00
618,2117,appointment_reminder,Upcoming appointment reminder,Your appointment is scheduled soon. Please don't forget to attend.,0,2026-07-03 12:00:00
619,2161,appointment_cancelled,Appointment cancelled,Your appointment has been cancelled. Please reschedule if needed.,1,2026-07-19 04:00:00
620,2009,new_message,New message received,You have a new message in your consultation chat.,0,2026-07-09 07:00:00
621,2207,appointment_cancelled,Appointment cancelled,Your appointment has been cancelled. Please reschedule if needed.,0,2026-07-07 07:00:00
622,2255,new_message,New message received,You have a new message in your consultation chat.,0,2026-08-20 23:00:00
623,2179,payment_received,Payment received,We have received your payment. Thank you.,1,2026-07-23 11:00:00
624,2219,appointment_reminder,Upcoming appointment reminder,Your appointment is scheduled soon. Please don't forget to attend.,1,2026-08-03 22:00:00
625,2246,appointment_cancelled,Appointment cancelled,Your appointment has been cancelled. Please reschedule if needed.,1,2026-08-30 09:00:00
626,2066,new_message,New message received,You have a new message in your consultation chat.,1,2026-07-03 14:00:00
627,2007,system,System notification,There has been an update to your account or app settings.,1,2026-07-14 16:00:00
628,1029,appointment_reminder,Upcoming appointment reminder,Your appointment is scheduled soon. Please don't forget to attend.,1,2026-07-10 20:00:00
629,2006,payment_received,Payment received,We have received your payment. Thank you.,0,2026-07-10 10:00:00
630,1030,doctor_reply,Doctor replied,Your doctor has replied to your message.,0,2026-07-05 04:00:00
631,2381,new_message,New message received,You have a new message in your consultation chat.,1,2026-07-15 11:00:00
632,2070,review_request,Share your feedback,Please leave a review about your recent consultation.,1,2026-07-10 08:00:00
633,2289,appointment_confirmed,Appointment confirmed,Your appointment has been confirmed by the clinic.,0,2026-08-17 01:00:00
634,2195,appointment_cancelled,Appointment cancelled,Your appointment has been cancelled. Please reschedule if needed.,1,2026-08-13 21:00:00
635,2389,doctor_reply,Doctor replied,Your doctor has replied to your message.,1,2026-08-24 11:00:00
636,1040,appointment_reminder,Upcoming appointment reminder,Your appointment is scheduled soon. Please don't forget to attend.,1,2026-08-23 17:00:00
637,2226,appointment_reminder,Upcoming appointment reminder,Your appointment is scheduled soon. Please don't forget to attend.,1,2026-07-23 00:00:00
638,2229,review_request,Share your feedback,Please leave a review about your recent consultation.,1,2026-07-19 04:00:00
639,2286,new_message,New message received,You have a new message in your consultation chat.,1,2026-08-01 09:00:00
640,2141,review_request,Share your feedback,Please leave a review about your recent consultation.,0,2026-07-27 13:00:00
641,1033,doctor_reply,Doctor replied,Your doctor has replied to your message.,0,2026-07-08 21:00:00
642,2029,payment_received,Payment received,We have received your payment. Thank you.,1,2026-08-21 22:00:00
643,2152,payment_received,Payment received,We have received your payment. Thank you.,1,2026-08-02 04:00:00
644,2390,payment_received,Payment received,We have received your payment. Thank you.,1,2026-08-22 10:00:00
645,2372,appointment_confirmed,Appointment confirmed,Your appointment has been confirmed by the clinic.,1,2026-07-31 17:00:00
646,2292,appointment_cancelled,Appointment cancelled,Your appointment has been cancelled. Please reschedule if needed.,0,2026-08-27 07:00:00
647,2212,doctor_reply,Doctor replied,Your doctor has replied to your message.,1,2026-08-04 23:00:00
648,2051,new_message,New message received,You have a new message in your consultation chat.,1,2026-08-31 22:00:00
649,2244,payment_received,Payment received,We have received your payment. Thank you.,0,2026-08-04 06:00:00
650,2040,new_message,New message received,You have a new message in your consultation chat.,1,2026-07-30 08:00:00
651,2270,review_request,Share your feedback,Please leave a review about your recent consultation.,1,2026-08-08 15:00:00
652,1029,system,System notification,There has been an update to your account or app settings.,1,2026-08-06 13:00:00
653,2361,review_request,Share your feedback,Please leave a review about your recent consultation.,1,2026-07-19 13:00:00
654,2266,appointment_confirmed,Appointment confirmed,Your appointment has been confirmed by the clinic.,1,2026-07-21 10:00:00
655,1036,payment_received,Payment received,We have received your payment. Thank you.,1,2026-08-27 14:00:00
656,2294,new_message,New message received,You have a new message in your consultation chat.,0,2026-07-11 22:00:00
657,2141,payment_received,Payment received,We have received your payment. Thank you.,1,2026-07-12 20:00:00
658,2026,payment_received,Payment received,We have received your payment. Thank you.,0,2026-08-04 06:00:00
659,2033,new_message,New message received,You have a new message in your consultation chat.,1,2026-08-27 09:00:00
660,2216,appointment_cancelled,Appointment cancelled,Your appointment has been cancelled. Please reschedule if needed.,0,2026-08-06 04:00:00
661,2338,system,System notification,There has been an update to your account or app settings.,1,2026-07-03 14:00:00
662,2099,appointment_reminder,Upcoming appointment reminder,Your appointment is scheduled soon. Please don't forget to attend.,1,2026-07-18 19:00:00
663,2166,doctor_reply,Doctor replied,Your doctor has replied to your message.,1,2026-08-25 05:00:00
664,2050,appointment_confirmed,Appointment confirmed,Your appointment has been confirmed by the clinic.,1,2026-08-14 03:00:00
665,2105,doctor_reply,Doctor replied,Your doctor has replied to your message.,0,2026-08-17 22:00:00
666,2311,review_request,Share your feedback,Please leave a review about your recent consultation.,1,2026-08-11 16:00:00
667,2280,appointment_cancelled,Appointment cancelled,Your appointment has been cancelled. Please reschedule if needed.,1,2026-07-31 15:00:00
668,2356,appointment_confirmed,Appointment confirmed,Your appointment has been confirmed by the clinic.,1,2026-08-19 12:00:00
669,2011,appointment_cancelled,Appointment cancelled,Your appointment has been cancelled. Please reschedule if needed.,1,2026-07-07 10:00:00
670,2330,payment_received,Payment received,We have received your payment. Thank you.,0,2026-07-20 06:00:00
671,2399,appointment_confirmed,Appointment confirmed,Your appointment has been confirmed by the clinic.,0,2026-08-13 19:00:00
672,2252,system,System notification,There has been an update to your account or app settings.,1,2026-07-28 01:00:00
673,2321,appointment_confirmed,Appointment confirmed,Your appointment has been confirmed by the clinic.,1,2026-07-03 00:00:00
674,2140,payment_received,Payment received,We have received your payment. Thank you.,1,2026-08-20 16:00:00
675,2026,payment_received,Payment received,We have received your payment. Thank you.,1,2026-07-14 18:00:00
676,2381,appointment_reminder,Upcoming appointment reminder,Your appointment is scheduled soon. Please don't forget to attend.,1,2026-07-03 22:00:00
677,2011,appointment_reminder,Upcoming appointment reminder,Your appointment is scheduled soon. Please don't forget to attend.,1,2026-07-03 01:00:00
678,2003,doctor_reply,Doctor replied,Your doctor has replied to your message.,1,2026-08-17 11:00:00
679,2235,system,System notification,There has been an update to your account or app settings.,1,2026-07-15 17:00:00
680,2290,review_request,Share your feedback,Please leave a review about your recent consultation.,1,2026-07-29 02:00:00
681,2388,appointment_confirmed,Appointment confirmed,Your appointment has been confirmed by the clinic.,0,2026-08-31 15:00:00
682,2225,doctor_reply,Doctor replied,Your doctor has replied to your message.,0,2026-07-23 23:00:00
683,2324,appointment_cancelled,Appointment cancelled,Your appointment has been cancelled. Please reschedule if needed.,1,2026-07-25 11:00:00
684,2238,payment_received,Payment received,We have received your payment. Thank you.,1,2026-08-30 22:00:00
685,2030,payment_received,Payment received,We have received your payment. Thank you.,1,2026-07-05 16:00:00
686,2258,payment_received,Payment received,We have received your payment. Thank you.,1,2026-08-28 23:00:00
687,2342,review_request,Share your feedback,Please leave a review about your recent consultation.,1,2026-07-10 17:00:00
688,2157,doctor_reply,Doctor replied,Your doctor has replied to your message.,1,2026-08-06 16:00:00
689,2211,new_message,New message received,You have a new message in your consultation chat.,0,2026-07-15 22:00:00
690,1039,new_message,New message received,You have a new message in your consultation chat.,1,2026-08-27 09:00:00
691,2267,doctor_reply,Doctor replied,Your doctor has replied to your message.,0,2026-08-13 06:00:00
692,2171,system,System notification,There has been an update to your account or app settings.,1,2026-08-06 07:00:00
693,1023,doctor_reply,Doctor replied,Your doctor has replied to your message.,1,2026-07-12 06:00:00
694,2328,appointment_reminder,Upcoming appointment reminder,Your appointment is scheduled soon. Please don't forget to attend.,1,2026-07-08 07:00:00
695,1032,payment_received,Payment received,We have received your payment. Thank you.,0,2026-07-03 21:00:00
696,2201,appointment_cancelled,Appointment cancelled,Your appointment has been cancelled. Please reschedule if needed.,0,2026-07-29 04:00:00
697,2283,payment_received,Payment received,We have received your payment. Thank you.,1,2026-08-01 20:00:00
698,2121,appointment_cancelled,Appointment cancelled,Your appointment has been cancelled. Please reschedule if needed.,1,2026-08-13 19:00:00
699,1006,appointment_confirmed,Appointment confirmed,Your appointment has been confirmed by the clinic.,0,2026-07-20 12:00:00
700,2256,appointment_cancelled,Appointment cancelled,Your appointment has been cancelled. Please reschedule if needed.,0,2026-07-05 07:00:00
701,2109,system,System notification,There has been an update to your account or app settings.,0,2026-07-31 11:00:00
702,2161,appointment_reminder,Upcoming appointment reminder,Your appointment is scheduled soon. Please don't forget to attend.,1,2026-08-08 05:00:00
703,2278,appointment_reminder,Upcoming appointment reminder,Your appointment is scheduled soon. Please don't forget to attend.,1,2026-08-16 21:00:00
704,2289,appointment_confirmed,Appointment confirmed,Your appointment has been confirmed by the clinic.,0,2026-07-22 23:00:00
705,2006,new_message,New message received,You have a new message in your consultation chat.,1,2026-07-19 13:00:00
706,1013,appointment_reminder,Upcoming appointment reminder,Your appointment is scheduled soon. Please don't forget to attend.,0,2026-07-08 19:00:00
707,2116,system,System notification,There has been an update to your account or app settings.,0,2026-08-20 23:00:00
708,2180,doctor_reply,Doctor replied,Your doctor has replied to your message.,1,2026-08-02 15:00:00
709,2003,system,System notification,There has been an update to your account or app settings.,1,2026-07-08 07:00:00
710,2017,review_request,Share your feedback,Please leave a review about your recent consultation.,1,2026-08-02 08:00:00
711,2133,review_request,Share your feedback,Please leave a review about your recent consultation.,0,2026-07-25 03:00:00
712,1023,appointment_reminder,Upcoming appointment reminder,Your appointment is scheduled soon. Please don't forget to attend.,0,2026-07-22 06:00:00
713,2130,appointment_cancelled,Appointment cancelled,Your appointment has been cancelled. Please reschedule if needed.,1,2026-08-15 15:00:00
714,2094,appointment_confirmed,Appointment confirmed,Your appointment has been confirmed by the clinic.,1,2026-08-27 10:00:00
715,2316,appointment_cancelled,Appointment cancelled,Your appointment has been cancelled. Please reschedule if needed.,0,2026-07-23 17:00:00
716,2019,new_message,New message received,You have a new message in your consultation chat.,1,2026-07-13 11:00:00
717,2032,payment_received,Payment received,We have received your payment. Thank you.,0,2026-07-12 04:00:00
718,2220,appointment_cancelled,Appointment cancelled,Your appointment has been cancelled. Please reschedule if needed.,1,2026-07-25 19:00:00
719,2225,appointment_confirmed,Appointment confirmed,Your appointment has been confirmed by the clinic.,1,2026-07-02 17:00:00
720,2213,new_message,New message received,You have a new message in your consultation chat.,1,2026-08-27 13:00:00
721,2059,payment_received,Payment received,We have received your payment. Thank you.,0,2026-07-11 08:00:00
722,2264,system,System notification,There has been an update to your account or app settings.,1,2026-08-29 07:00:00
723,2325,review_request,Share your feedback,Please leave a review about your recent consultation.,0,2026-08-03 20:00:00
724,2003,payment_received,Payment received,We have received your payment. Thank you.,1,2026-07-22 01:00:00
725,2343,system,System notification,There has been an update to your account or app settings.,1,2026-08-11 17:00:00
726,2227,new_message,New message received,You have a new message in your consultation chat.,0,2026-07-05 20:00:00
727,2250,new_message,New message received,You have a new message in your consultation chat.,1,2026-07-17 18:00:00
728,2027,appointment_reminder,Upcoming appointment reminder,Your appointment is scheduled soon. Please don't forget to attend.,1,2026-07-02 14:00:00
729,2227,payment_received,Payment received,We have received your payment. Thank you.,1,2026-08-31 04:00:00
730,2240,review_request,Share your feedback,Please leave a review about your recent consultation.,1,2026-08-01 09:00:00
731,2235,system,System notification,There has been an update to your account or app settings.,0,2026-08-31 03:00:00
732,2373,payment_received,Payment received,We have received your payment. Thank you.,0,2026-08-12 13:00:00
733,2384,system,System notification,There has been an update to your account or app settings.,1,2026-08-05 08:00:00
734,2024,appointment_confirmed,Appointment confirmed,Your appointment has been confirmed by the clinic.,1,2026-07-21 02:00:00
735,2156,doctor_reply,Doctor replied,Your doctor has replied to your message.,1,2026-08-25 14:00:00
736,2205,review_request,Share your feedback,Please leave a review about your recent consultation.,1,2026-08-07 11:00:00
737,2030,new_message,New message received,You have a new message in your consultation chat.,1,2026-08-30 15:00:00
738,2400,appointment_confirmed,Appointment confirmed,Your appointment has been confirmed by the clinic.,1,2026-07-18 23:00:00
739,2244,system,System notification,There has been an update to your account or app settings.,1,2026-08-23 07:00:00
740,2364,appointment_confirmed,Appointment confirmed,Your appointment has been confirmed by the clinic.,1,2026-08-31 20:00:00
741,2037,appointment_reminder,Upcoming appointment reminder,Your appointment is scheduled soon. Please don't forget to attend.,0,2026-07-06 12:00:00
742,2330,appointment_reminder,Upcoming appointment reminder,Your appointment is scheduled soon. Please don't forget to attend.,1,2026-07-11 09:00:00
743,1024,doctor_reply,Doctor replied,Your doctor has replied to your message.,1,2026-07-02 05:00:00
744,2346,appointment_reminder,Upcoming appointment reminder,Your appointment is scheduled soon. Please don't forget to attend.,1,2026-08-31 04:00:00
745,2260,review_request,Share your feedback,Please leave a review about your recent consultation.,0,2026-08-23 11:00:00
746,2170,doctor_reply,Doctor replied,Your doctor has replied to your message.,1,2026-08-15 09:00:00
747,2167,appointment_confirmed,Appointment confirmed,Your appointment has been confirmed by the clinic.,1,2026-08-22 03:00:00
748,2355,appointment_cancelled,Appointment cancelled,Your appointment has been cancelled. Please reschedule if needed.,0,2026-07-28 23:00:00
749,2315,new_message,New message received,You have a new message in your consultation chat.,1,2026-08-25 02:00:00
750,2385,appointment_confirmed,Appointment confirmed,Your appointment has been confirmed by the clinic.,1,2026-07-19 00:00:00
751,2336,payment_received,Payment received,We have received your payment. Thank you.,0,2026-07-03 06:00:00
752,2260,doctor_reply,Doctor replied,Your doctor has replied to your message.,0,2026-07-14 02:00:00
753,2067,appointment_reminder,Upcoming appointment reminder,Your appointment is scheduled soon. Please don't forget to attend.,1,2026-07-18 06:00:00
754,2252,system,System notification,There has been an update to your account or app settings.,1,2026-08-29 23:00:00
755,2306,review_request,Share your feedback,Please leave a review about your recent consultation.,1,2026-07-18 09:00:00
756,2004,new_message,New message received,You have a new message in your consultation chat.,0,2026-07-06 14:00:00
757,2294,doctor_reply,Doctor replied,Your doctor has replied to your message.,1,2026-07-04 14:00:00
758,2002,new_message,New message received,You have a new message in your consultation chat.,1,2026-07-02 05:00:00
759,1009,appointment_reminder,Upcoming appointment reminder,Your appointment is scheduled soon. Please don't forget to attend.,1,2026-08-31 09:00:00
760,2132,appointment_reminder,Upcoming appointment reminder,Your appointment is scheduled soon. Please don't forget to attend.,1,2026-08-13 08:00:00
761,1031,appointment_cancelled,Appointment cancelled,Your appointment has been cancelled. Please reschedule if needed.,1,2026-08-22 04:00:00
762,2396,payment_received,Payment received,We have received your payment. Thank you.,1,2026-07-24 00:00:00
763,2063,review_request,Share your feedback,Please leave a review about your recent consultation.,1,2026-07-20 16:00:00
764,2160,doctor_reply,Doctor replied,Your doctor has replied to your message.,1,2026-08-25 19:00:00
765,2307,new_message,New message received,You have a new message in your consultation chat.,1,2026-08-04 19:00:00
766,2357,system,System notification,There has been an update to your account or app settings.,1,2026-08-30 00:00:00
767,2382,appointment_cancelled,Appointment cancelled,Your appointment has been cancelled. Please reschedule if needed.,1,2026-08-26 06:00:00
768,2310,payment_received,Payment received,We have received your payment. Thank you.,0,2026-08-16 20:00:00
769,2114,doctor_reply,Doctor replied,Your doctor has replied to your message.,1,2026-07-30 20:00:00
770,1033,appointment_reminder,Upcoming appointment reminder,Your appointment is scheduled soon. Please don't forget to attend.,1,2026-08-15 14:00:00
771,2048,review_request,Share your feedback,Please leave a review about your recent consultation.,1,2026-08-25 16:00:00
772,2184,system,System notification,There has been an update to your account or app settings.,1,2026-07-26 05:00:00
773,2056,payment_received,Payment received,We have received your payment. Thank you.,1,2026-07-29 02:00:00
774,2039,appointment_confirmed,Appointment confirmed,Your appointment has been confirmed by the clinic.,1,2026-07-19 02:00:00
775,1032,payment_received,Payment received,We have received your payment. Thank you.,1,2026-07-04 22:00:00
776,2118,payment_received,Payment received,We have received your payment. Thank you.,1,2026-07-22 16:00:00
777,2211,system,System notification,There has been an update to your account or app settings.,1,2026-07-17 11:00:00
778,2053,new_message,New message received,You have a new message in your consultation chat.,1,2026-08-04 22:00:00
779,2080,appointment_reminder,Upcoming appointment reminder,Your appointment is scheduled soon. Please don't forget to attend.,1,2026-08-18 03:00:00
780,2258,new_message,New message received,You have a new message in your consultation chat.,0,2026-08-24 03:00:00
781,2017,appointment_cancelled,Appointment cancelled,Your appointment has been cancelled. Please reschedule if needed.,1,2026-08-15 23:00:00
782,2244,appointment_reminder,Upcoming appointment reminder,Your appointment is scheduled soon. Please don't forget to attend.,1,2026-07-20 11:00:00
783,2057,system,System notification,There has been an update to your account or app settings.,0,2026-07-14 10:00:00
784,2034,payment_received,Payment received,We have received your payment. Thank you.,1,2026-07-10 05:00:00
785,2009,new_message,New message received,You have a new message in your consultation chat.,0,2026-07-11 19:00:00
786,2386,payment_received,Payment received,We have received your payment. Thank you.,1,2026-07-29 15:00:00
787,2375,review_request,Share your feedback,Please leave a review about your recent consultation.,0,2026-08-29 17:00:00
788,1034,appointment_cancelled,Appointment cancelled,Your appointment has been cancelled. Please reschedule if needed.,1,2026-07-04 10:00:00
789,2251,system,System notification,There has been an update to your account or app settings.,1,2026-07-16 10:00:00
790,2191,new_message,New message received,You have a new message in your consultation chat.,1,2026-07-07 08:00:00
791,2006,appointment_reminder,Upcoming appointment reminder,Your appointment is scheduled soon. Please don't forget to attend.,0,2026-07-25 20:00:00
792,2150,review_request,Share your feedback,Please leave a review about your recent consultation.,1,2026-07-19 10:00:00
793,2245,system,System notification,There has been an update to your account or app settings.,0,2026-08-28 22:00:00
794,2073,payment_received,Payment received,We have received your payment. Thank you.,1,2026-07-30 04:00:00
795,1011,new_message,New message received,You have a new message in your consultation chat.,1,2026-08-13 14:00:00
796,2261,payment_received,Payment received,We have received your payment. Thank you.,1,2026-08-21 22:00:00
797,2336,payment_received,Payment received,We have received your payment. Thank you.,0,2026-07-30 00:00:00
798,2360,appointment_reminder,Upcoming appointment reminder,Your appointment is scheduled soon. Please don't forget to attend.,1,2026-08-26 07:00:00
799,2331,appointment_reminder,Upcoming appointment reminder,Your appointment is scheduled soon. Please don't forget to attend.,1,2026-07-20 19:00:00
800,2099,doctor_reply,Doctor replied,Your doctor has replied to your message.,0,2026-07-11 15:00:00
801,2199,review_request,Share your feedback,Please leave a review about your recent consultation.,1,2026-07-29 16:00:00
802,2352,system,System notification,There has been an update to your account or app settings.,1,2026-08-20 19:00:00
803,2203,payment_received,Payment received,We have received your payment. Thank you.,0,2026-08-28 17:00:00
804,2070,new_message,New message received,You have a new message in your consultation chat.,0,2026-07-08 04:00:00
805,2301,appointment_confirmed,Appointment confirmed,Your appointment has been confirmed by the clinic.,1,2026-07-02 01:00:00
806,2307,payment_received,Payment received,We have received your payment. Thank you.,1,2026-07-27 21:00:00
807,2124,review_request,Share your feedback,Please leave a review about your recent consultation.,0,2026-07-13 12:00:00
808,2223,doctor_reply,Doctor replied,Your doctor has replied to your message.,0,2026-07-11 18:00:00
809,2399,appointment_reminder,Upcoming appointment reminder,Your appointment is scheduled soon. Please don't forget to attend.,0,2026-08-21 05:00:00
810,2324,new_message,New message received,You have a new message in your consultation chat.,0,2026-07-24 07:00:00
811,2348,payment_received,Payment received,We have received your payment. Thank you.,0,2026-07-16 06:00:00
812,1028,system,System notification,There has been an update to your account or app settings.,1,2026-08-28 15:00:00
813,2131,payment_received,Payment received,We have received your payment. Thank you.,0,2026-07-25 17:00:00
814,2263,new_message,New message received,You have a new message in your consultation chat.,1,2026-07-11 16:00:00
815,2396,appointment_cancelled,Appointment cancelled,Your appointment has been cancelled. Please reschedule if needed.,0,2026-07-29 05:00:00
816,2306,appointment_cancelled,Appointment cancelled,Your appointment has been cancelled. Please reschedule if needed.,0,2026-08-14 00:00:00
817,2375,system,System notification,There has been an update to your account or app settings.,1,2026-08-18 19:00:00
818,2177,system,System notification,There has been an update to your account or app settings.,0,2026-07-07 23:00:00
819,2310,review_request,Share your feedback,Please leave a review about your recent consultation.,1,2026-07-31 13:00:00
820,1029,review_request,Share your feedback,Please leave a review about your recent consultation.,1,2026-07-14 02:00:00
821,1003,doctor_reply,Doctor replied,Your doctor has replied to your message.,1,2026-07-28 01:00:00
822,2068,appointment_confirmed,Appointment confirmed,Your appointment has been confirmed by the clinic.,1,2026-08-23 00:00:00
823,2243,appointment_reminder,Upcoming appointment reminder,Your appointment is scheduled soon. Please don't forget to attend.,0,2026-07-16 07:00:00
824,2276,appointment_reminder,Upcoming appointment reminder,Your appointment is scheduled soon. Please don't forget to attend.,1,2026-07-19 05:00:00
825,2072,payment_received,Payment received,We have received your payment. Thank you.,0,2026-08-28 09:00:00
826,2359,appointment_cancelled,Appointment cancelled,Your appointment has been cancelled. Please reschedule if needed.,0,2026-07-13 04:00:00
827,2151,appointment_reminder,Upcoming appointment reminder,Your appointment is scheduled soon. Please don't forget to attend.,1,2026-08-20 17:00:00
828,2030,payment_received,Payment received,We have received your payment. Thank you.,1,2026-07-15 23:00:00
829,2079,review_request,Share your feedback,Please leave a review about your recent consultation.,1,2026-08-12 14:00:00
830,2374,new_message,New message received,You have a new message in your consultation chat.,1,2026-08-28 10:00:00
831,2128,appointment_reminder,Upcoming appointment reminder,Your appointment is scheduled soon. Please don't forget to attend.,1,2026-08-23 05:00:00
832,2226,doctor_reply,Doctor replied,Your doctor has replied to your message.,1,2026-07-16 19:00:00
833,2264,new_message,New message received,You have a new message in your consultation chat.,1,2026-07-26 06:00:00
834,2315,appointment_confirmed,Appointment confirmed,Your appointment has been confirmed by the clinic.,1,2026-08-30 19:00:00
835,2093,appointment_confirmed,Appointment confirmed,Your appointment has been confirmed by the clinic.,1,2026-08-22 06:00:00
836,1011,system,System notification,There has been an update to your account or app settings.,1,2026-08-16 18:00:00
837,2337,system,System notification,There has been an update to your account or app settings.,0,2026-07-11 20:00:00
838,2007,new_message,New message received,You have a new message in your consultation chat.,1,2026-07-31 00:00:00
839,1036,appointment_cancelled,Appointment cancelled,Your appointment has been cancelled. Please reschedule if needed.,1,2026-08-14 05:00:00
840,2305,system,System notification,There has been an update to your account or app settings.,1,2026-08-08 10:00:00
841,1023,new_message,New message received,You have a new message in your consultation chat.,0,2026-07-19 21:00:00
842,2120,appointment_confirmed,Appointment confirmed,Your appointment has been confirmed by the clinic.,1,2026-08-20 08:00:00
843,2095,new_message,New message received,You have a new message in your consultation chat.,0,2026-08-01 00:00:00
844,2154,review_request,Share your feedback,Please leave a review about your recent consultation.,1,2026-08-25 14:00:00
845,2131,review_request,Share your feedback,Please leave a review about your recent consultation.,0,2026-07-31 19:00:00
846,1036,review_request,Share your feedback,Please leave a review about your recent consultation.,1,2026-08-04 07:00:00
847,2127,appointment_reminder,Upcoming appointment reminder,Your appointment is scheduled soon. Please don't forget to attend.,1,2026-08-31 11:00:00
848,2109,new_message,New message received,You have a new message in your consultation chat.,1,2026-07-06 08:00:00
849,2364,new_message,New message received,You have a new message in your consultation chat.,1,2026-08-01 14:00:00
850,2287,appointment_reminder,Upcoming appointment reminder,Your appointment is scheduled soon. Please don't forget to attend.,0,2026-07-02 20:00:00
851,2163,appointment_cancelled,Appointment cancelled,Your appointment has been cancelled. Please reschedule if needed.,0,2026-07-08 07:00:00
852,2257,doctor_reply,Doctor replied,Your doctor has replied to your message.,0,2026-08-17 12:00:00
853,2393,doctor_reply,Doctor replied,Your doctor has replied to your message.,1,2026-07-09 14:00:00
854,2089,new_message,New message received,You have a new message in your consultation chat.,1,2026-08-11 05:00:00
855,2155,system,System notification,There has been an update to your account or app settings.,1,2026-08-05 05:00:00
856,2274,review_request,Share your feedback,Please leave a review about your recent consultation.,1,2026-08-21 09:00:00
857,2296,review_request,Share your feedback,Please leave a review about your recent consultation.,1,2026-08-24 10:00:00
858,2349,new_message,New message received,You have a new message in your consultation chat.,0,2026-08-22 12:00:00
859,2347,review_request,Share your feedback,Please leave a review about your recent consultation.,0,2026-07-21 11:00:00
860,2289,new_message,New message received,You have a new message in your consultation chat.,0,2026-08-05 08:00:00
861,2138,new_message,New message received,You have a new message in your consultation chat.,1,2026-07-17 20:00:00
862,2110,doctor_reply,Doctor replied,Your doctor has replied to your message.,0,2026-08-29 11:00:00
863,1019,new_message,New message received,You have a new message in your consultation chat.,1,2026-08-16 00:00:00
864,2043,appointment_cancelled,Appointment cancelled,Your appointment has been cancelled. Please reschedule if needed.,1,2026-07-17 14:00:00
865,2386,appointment_reminder,Upcoming appointment reminder,Your appointment is scheduled soon. Please don't forget to attend.,0,2026-08-24 04:00:00
866,2388,review_request,Share your feedback,Please leave a review about your recent consultation.,0,2026-08-22 05:00:00
867,2183,doctor_reply,Doctor replied,Your doctor has replied to your message.,0,2026-07-25 12:00:00
868,2136,appointment_reminder,Upcoming appointment reminder,Your appointment is scheduled soon. Please don't forget to attend.,1,2026-07-09 22:00:00
869,2210,appointment_confirmed,Appointment confirmed,Your appointment has been confirmed by the clinic.,0,2026-07-07 13:00:00
870,2148,new_message,New message received,You have a new message in your consultation chat.,0,2026-08-15 09:00:00
871,2025,new_message,New message received,You have a new message in your consultation chat.,1,2026-07-16 21:00:00
872,2244,appointment_confirmed,Appointment confirmed,Your appointment has been confirmed by the clinic.,1,2026-08-03 07:00:00
873,2185,doctor_reply,Doctor replied,Your doctor has replied to your message.,1,2026-07-17 01:00:00
874,2177,appointment_reminder,Upcoming appointment reminder,Your appointment is scheduled soon. Please don't forget to attend.,1,2026-07-12 15:00:00
875,2154,appointment_reminder,Upcoming appointment reminder,Your appointment is scheduled soon. Please don't forget to attend.,0,2026-08-24 22:00:00
876,2230,payment_received,Payment received,We have received your payment. Thank you.,1,2026-07-03 07:00:00
877,2051,review_request,Share your feedback,Please leave a review about your recent consultation.,1,2026-07-11 05:00:00
878,1001,review_request,Share your feedback,Please leave a review about your recent consultation.,1,2026-08-17 11:00:00
879,1028,appointment_cancelled,Appointment cancelled,Your appointment has been cancelled. Please reschedule if needed.,1,2026-07-12 20:00:00
880,2097,appointment_confirmed,Appointment confirmed,Your appointment has been confirmed by the clinic.,1,2026-08-30 04:00:00
881,2383,review_request,Share your feedback,Please leave a review about your recent consultation.,1,2026-08-11 09:00:00
882,2067,doctor_reply,Doctor replied,Your doctor has replied to your message.,1,2026-07-11 23:00:00
883,1037,system,System notification,There has been an update to your account or app settings.,0,2026-08-27 12:00:00
884,2293,doctor_reply,Doctor replied,Your doctor has replied to your message.,1,2026-08-12 09:00:00
885,1016,appointment_confirmed,Appointment confirmed,Your appointment has been confirmed by the clinic.,0,2026-08-05 17:00:00
886,2167,review_request,Share your feedback,Please leave a review about your recent consultation.,1,2026-07-15 11:00:00
887,2146,system,System notification,There has been an update to your account or app settings.,1,2026-07-23 13:00:00
888,2019,appointment_cancelled,Appointment cancelled,Your appointment has been cancelled. Please reschedule if needed.,1,2026-07-08 11:00:00
889,2062,review_request,Share your feedback,Please leave a review about your recent consultation.,1,2026-07-05 07:00:00
890,2263,appointment_cancelled,Appointment cancelled,Your appointment has been cancelled. Please reschedule if needed.,1,2026-08-04 20:00:00
891,2108,payment_received,Payment received,We have received your payment. Thank you.,1,2026-07-23 22:00:00
892,2339,payment_received,Payment received,We have received your payment. Thank you.,1,2026-07-06 15:00:00
893,2075,payment_received,Payment received,We have received your payment. Thank you.,0,2026-07-16 13:00:00
894,2081,system,System notification,There has been an update to your account or app settings.,1,2026-07-08 02:00:00
895,2074,appointment_reminder,Upcoming appointment reminder,Your appointment is scheduled soon. Please don't forget to attend.,0,2026-08-01 19:00:00
896,2236,payment_received,Payment received,We have received your payment. Thank you.,1,2026-08-21 15:00:00
897,2172,doctor_reply,Doctor replied,Your doctor has replied to your message.,1,2026-08-27 04:00:00
898,2088,doctor_reply,Doctor replied,Your doctor has replied to your message.,1,2026-07-03 03:00:00
899,2005,appointment_reminder,Upcoming appointment reminder,Your appointment is scheduled soon. Please don't forget to attend.,1,2026-07-08 09:00:00
900,2212,doctor_reply,Doctor replied,Your doctor has replied to your message.,1,2026-08-13 19:00:00
901,2061,appointment_confirmed,Appointment confirmed,Your appointment has been confirmed by the clinic.,1,2026-07-23 14:00:00
902,2074,system,System notification,There has been an update to your account or app settings.,1,2026-08-19 01:00:00
903,2133,appointment_confirmed,Appointment confirmed,Your appointment has been confirmed by the clinic.,1,2026-08-25 04:00:00
904,2111,appointment_cancelled,Appointment cancelled,Your appointment has been cancelled. Please reschedule if needed.,0,2026-07-19 11:00:00
905,2315,appointment_reminder,Upcoming appointment reminder,Your appointment is scheduled soon. Please don't forget to attend.,1,2026-07-31 00:00:00
906,2235,appointment_reminder,Upcoming appointment reminder,Your appointment is scheduled soon. Please don't forget to attend.,1,2026-07-20 14:00:00
907,2009,system,System notification,There has been an update to your account or app settings.,0,2026-08-09 08:00:00
908,2366,appointment_reminder,Upcoming appointment reminder,Your appointment is scheduled soon. Please don't forget to attend.,1,2026-08-31 08:00:00
909,2072,appointment_confirmed,Appointment confirmed,Your appointment has been confirmed by the clinic.,1,2026-08-31 17:00:00
910,2124,new_message,New message received,You have a new message in your consultation chat.,0,2026-07-27 22:00:00
911,2133,appointment_confirmed,Appointment confirmed,Your appointment has been confirmed by the clinic.,1,2026-08-02 11:00:00
912,2145,doctor_reply,Doctor replied,Your doctor has replied to your message.,1,2026-08-16 14:00:00
913,2108,doctor_reply,Doctor replied,Your doctor has replied to your message.,1,2026-07-09 04:00:00
914,2058,appointment_reminder,Upcoming appointment reminder,Your appointment is scheduled soon. Please don't forget to attend.,0,2026-08-25 00:00:00
915,2371,system,System notification,There has been an update to your account or app settings.,1,2026-08-16 20:00:00
916,2143,appointment_cancelled,Appointment cancelled,Your appointment has been cancelled. Please reschedule if needed.,1,2026-08-07 00:00:00
917,2120,doctor_reply,Doctor replied,Your doctor has replied to your message.,0,2026-08-12 03:00:00
918,1037,payment_received,Payment received,We have received your payment. Thank you.,1,2026-07-25 23:00:00
919,2328,appointment_confirmed,Appointment confirmed,Your appointment has been confirmed by the clinic.,1,2026-08-29 20:00:00
920,2111,appointment_confirmed,Appointment confirmed,Your appointment has been confirmed by the clinic.,1,2026-08-03 02:00:00
921,2220,new_message,New message received,You have a new message in your consultation chat.,1,2026-07-20 05:00:00
922,2026,appointment_reminder,Upcoming appointment reminder,Your appointment is scheduled soon. Please don't forget to attend.,0,2026-07-27 02:00:00
923,2399,new_message,New message received,You have a new message in your consultation chat.,0,2026-07-29 23:00:00
924,2400,doctor_reply,Doctor replied,Your doctor has replied to your message.,1,2026-07-17 13:00:00
925,2110,appointment_confirmed,Appointment confirmed,Your appointment has been confirmed by the clinic.,0,2026-08-23 15:00:00
926,2244,review_request,Share your feedback,Please leave a review about your recent consultation.,1,2026-08-29 16:00:00
927,2185,appointment_cancelled,Appointment cancelled,Your appointment has been cancelled. Please reschedule if needed.,1,2026-08-30 22:00:00
928,2168,new_message,New message received,You have a new message in your consultation chat.,0,2026-07-14 13:00:00
929,2340,appointment_reminder,Upcoming appointment reminder,Your appointment is scheduled soon. Please don't forget to attend.,0,2026-08-20 12:00:00
930,2363,doctor_reply,Doctor replied,Your doctor has replied to your message.,0,2026-07-11 06:00:00
931,2048,new_message,New message received,You have a new message in your consultation chat.,1,2026-08-31 16:00:00
932,2193,appointment_confirmed,Appointment confirmed,Your appointment has been confirmed by the clinic.,1,2026-08-21 14:00:00
933,2231,review_request,Share your feedback,Please leave a review about your recent consultation.,1,2026-07-04 03:00:00
934,2006,doctor_reply,Doctor replied,Your doctor has replied to your message.,0,2026-07-13 00:00:00
935,2063,review_request,Share your feedback,Please leave a review about your recent consultation.,0,2026-07-13 16:00:00
936,1016,appointment_reminder,Upcoming appointment reminder,Your appointment is scheduled soon. Please don't forget to attend.,1,2026-07-18 12:00:00
937,2111,review_request,Share your feedback,Please leave a review about your recent consultation.,0,2026-08-06 07:00:00
938,2076,system,System notification,There has been an update to your account or app settings.,0,2026-08-19 17:00:00
939,2337,appointment_reminder,Upcoming appointment reminder,Your appointment is scheduled soon. Please don't forget to attend.,1,2026-07-02 09:00:00
940,2287,doctor_reply,Doctor replied,Your doctor has replied to your message.,0,2026-08-01 19:00:00
941,2361,payment_received,Payment received,We have received your payment. Thank you.,0,2026-07-05 00:00:00
942,2353,appointment_cancelled,Appointment cancelled,Your appointment has been cancelled. Please reschedule if needed.,1,2026-07-21 04:00:00
943,2050,appointment_confirmed,Appointment confirmed,Your appointment has been confirmed by the clinic.,1,2026-08-03 18:00:00
944,2036,payment_received,Payment received,We have received your payment. Thank you.,1,2026-07-29 05:00:00
945,2217,appointment_cancelled,Appointment cancelled,Your appointment has been cancelled. Please reschedule if needed.,1,2026-08-18 11:00:00
946,2155,system,System notification,There has been an update to your account or app settings.,1,2026-07-26 06:00:00
947,2051,appointment_reminder,Upcoming appointment reminder,Your appointment is scheduled soon. Please don't forget to attend.,1,2026-07-21 09:00:00
948,2261,appointment_confirmed,Appointment confirmed,Your appointment has been confirmed by the clinic.,1,2026-08-02 11:00:00
949,2186,new_message,New message received,You have a new message in your consultation chat.,1,2026-08-07 18:00:00
950,1032,new_message,New message received,You have a new message in your consultation chat.,0,2026-07-15 17:00:00
951,2334,appointment_reminder,Upcoming appointment reminder,Your appointment is scheduled soon. Please don't forget to attend.,1,2026-07-10 01:00:00
952,2246,appointment_reminder,Upcoming appointment reminder,Your appointment is scheduled soon. Please don't forget to attend.,1,2026-07-24 12:00:00
953,2111,appointment_confirmed,Appointment confirmed,Your appointment has been confirmed by the clinic.,0,2026-08-31 22:00:00
954,2050,new_message,New message received,You have a new message in your consultation chat.,1,2026-08-13 16:00:00
955,2125,doctor_reply,Doctor replied,Your doctor has replied to your message.,0,2026-08-20 17:00:00
956,2220,appointment_reminder,Upcoming appointment reminder,Your appointment is scheduled soon. Please don't forget to attend.,1,2026-07-21 19:00:00
957,2038,new_message,New message received,You have a new message in your consultation chat.,0,2026-07-08 04:00:00
958,2065,review_request,Share your feedback,Please leave a review about your recent consultation.,1,2026-08-12 22:00:00
959,2312,appointment_confirmed,Appointment confirmed,Your appointment has been confirmed by the clinic.,1,2026-08-26 06:00:00
960,2245,appointment_confirmed,Appointment confirmed,Your appointment has been confirmed by the clinic.,1,2026-07-15 01:00:00
961,2021,payment_received,Payment received,We have received your payment. Thank you.,1,2026-08-11 09:00:00
962,2078,appointment_cancelled,Appointment cancelled,Your appointment has been cancelled. Please reschedule if needed.,0,2026-08-03 13:00:00
963,2028,new_message,New message received,You have a new message in your consultation chat.,1,2026-08-30 13:00:00
964,1015,review_request,Share your feedback,Please leave a review about your recent consultation.,1,2026-07-21 06:00:00
965,2217,appointment_reminder,Upcoming appointment reminder,Your appointment is scheduled soon. Please don't forget to attend.,0,2026-07-07 10:00:00
966,2052,new_message,New message received,You have a new message in your consultation chat.,1,2026-08-10 16:00:00
967,2333,doctor_reply,Doctor replied,Your doctor has replied to your message.,0,2026-08-20 22:00:00
968,2151,payment_received,Payment received,We have received your payment. Thank you.,0,2026-07-16 11:00:00
969,2085,appointment_reminder,Upcoming appointment reminder,Your appointment is scheduled soon. Please don't forget to attend.,1,2026-07-28 03:00:00
970,2082,review_request,Share your feedback,Please leave a review about your recent consultation.,1,2026-07-24 22:00:00
971,2122,appointment_reminder,Upcoming appointment reminder,Your appointment is scheduled soon. Please don't forget to attend.,1,2026-08-03 15:00:00
972,2195,system,System notification,There has been an update to your account or app settings.,1,2026-07-08 14:00:00
973,2355,appointment_reminder,Upcoming appointment reminder,Your appointment is scheduled soon. Please don't forget to attend.,0,2026-07-05 02:00:00
974,2322,appointment_confirmed,Appointment confirmed,Your appointment has been confirmed by the clinic.,1,2026-08-19 10:00:00
975,2148,appointment_reminder,Upcoming appointment reminder,Your appointment is scheduled soon. Please don't forget to attend.,1,2026-07-04 06:00:00
976,2239,appointment_confirmed,Appointment confirmed,Your appointment has been confirmed by the clinic.,1,2026-07-22 06:00:00
977,2217,appointment_cancelled,Appointment cancelled,Your appointment has been cancelled. Please reschedule if needed.,1,2026-08-23 22:00:00
978,2243,new_message,New message received,You have a new message in your consultation chat.,1,2026-08-09 15:00:00
979,2037,review_request,Share your feedback,Please leave a review about your recent consultation.,1,2026-07-22 12:00:00
980,2295,appointment_reminder,Upcoming appointment reminder,Your appointment is scheduled soon. Please don't forget to attend.,1,2026-07-14 04:00:00
981,2058,system,System notification,There has been an update to your account or app settings.,0,2026-08-10 13:00:00
982,2118,payment_received,Payment received,We have received your payment. Thank you.,1,2026-08-13 05:00:00
983,2315,new_message,New message received,You have a new message in your consultation chat.,1,2026-08-09 04:00:00
984,2327,system,System notification,There has been an update to your account or app settings.,1,2026-08-30 13:00:00
985,2086,new_message,New message received,You have a new message in your consultation chat.,1,2026-08-21 04:00:00
986,2216,system,System notification,There has been an update to your account or app settings.,0,2026-08-30 15:00:00
987,2194,appointment_cancelled,Appointment cancelled,Your appointment has been cancelled. Please reschedule if needed.,1,2026-07-05 07:00:00
988,2018,appointment_cancelled,Appointment cancelled,Your appointment has been cancelled. Please reschedule if needed.,1,2026-07-31 12:00:00
989,2198,new_message,New message received,You have a new message in your consultation chat.,1,2026-07-22 19:00:00
990,1027,payment_received,Payment received,We have received your payment. Thank you.,0,2026-08-18 12:00:00
991,2365,payment_received,Payment received,We have received your payment. Thank you.,1,2026-07-16 19:00:00
992,2366,system,System notification,There has been an update to your account or app settings.,1,2026-08-04 06:00:00
993,2279,appointment_confirmed,Appointment confirmed,Your appointment has been confirmed by the clinic.,1,2026-07-10 00:00:00
994,1001,appointment_confirmed,Appointment confirmed,Your appointment has been confirmed by the clinic.,1,2026-07-05 06:00:00
995,2209,doctor_reply,Doctor replied,Your doctor has replied to your message.,1,2026-08-16 22:00:00
996,2042,doctor_reply,Doctor replied,Your doctor has replied to your message.,1,2026-07-04 20:00:00
997,2069,appointment_confirmed,Appointment confirmed,Your appointment has been confirmed by the clinic.,1,2026-08-19 14:00:00
998,2070,review_request,Share your feedback,Please leave a review about your recent consultation.,1,2026-07-11 15:00:00
999,1011,payment_received,Payment received,We have received your payment. Thank you.,1,2026-08-29 17:00:00
1000,2258,appointment_reminder,Upcoming appointment reminder,Your appointment is scheduled soon. Please don't forget to attend.,1,2026-07-17 07:00:00
1001,2287,appointment_confirmed,Appointment confirmed,Your appointment has been confirmed by the clinic.,1,2026-07-17 21:00:00
1002,2288,doctor_reply,Doctor replied,Your doctor has replied to your message.,1,2026-07-06 16:00:00
1003,2189,system,System notification,There has been an update to your account or app settings.,1,2026-07-09 15:00:00
1004,2248,doctor_reply,Doctor replied,Your doctor has replied to your message.,0,2026-08-06 18:00:00
1005,2176,appointment_cancelled,Appointment cancelled,Your appointment has been cancelled. Please reschedule if needed.,0,2026-08-08 04:00:00
1006,2232,appointment_confirmed,Appointment confirmed,Your appointment has been confirmed by the clinic.,0,2026-07-28 06:00:00
1007,2381,review_request,Share your feedback,Please leave a review about your recent consultation.,1,2026-08-29 22:00:00
1008,2004,review_request,Share your feedback,Please leave a review about your recent consultation.,1,2026-08-07 13:00:00
1009,2023,new_message,New message received,You have a new message in your consultation chat.,1,2026-08-01 18:00:00
1010,2379,new_message,New message received,You have a new message in your consultation chat.,1,2026-08-14 17:00:00
1011,2160,payment_received,Payment received,We have received your payment. Thank you.,0,2026-07-27 21:00:00
1012,2238,appointment_confirmed,Appointment confirmed,Your appointment has been confirmed by the clinic.,1,2026-08-22 14:00:00
1013,2011,system,System notification,There has been an update to your account or app settings.,1,2026-07-09 14:00:00
1014,2371,system,System notification,There has been an update to your account or app settings.,1,2026-07-27 07:00:00
1015,2306,doctor_reply,Doctor replied,Your doctor has replied to your message.,1,2026-07-05 01:00:00
1016,1016,payment_received,Payment received,We have received your payment. Thank you.,1,2026-07-16 14:00:00
1017,2205,appointment_cancelled,Appointment cancelled,Your appointment has been cancelled. Please reschedule if needed.,1,2026-07-22 12:00:00
1018,2390,new_message,New message received,You have a new message in your consultation chat.,1,2026-08-22 01:00:00
1019,2093,review_request,Share your feedback,Please leave a review about your recent consultation.,0,2026-08-22 20:00:00
1020,2290,payment_received,Payment received,We have received your payment. Thank you.,0,2026-08-23 20:00:00
1021,2263,system,System notification,There has been an update to your account or app settings.,0,2026-08-25 03:00:00
1022,2223,appointment_cancelled,Appointment cancelled,Your appointment has been cancelled. Please reschedule if needed.,0,2026-07-20 01:00:00
1023,2337,review_request,Share your feedback,Please leave a review about your recent consultation.,0,2026-08-25 02:00:00
1024,2320,appointment_confirmed,Appointment confirmed,Your appointment has been confirmed by the clinic.,0,2026-08-11 08:00:00
1025,2378,payment_received,Payment received,We have received your payment. Thank you.,1,2026-08-12 02:00:00
1026,2387,payment_received,Payment received,We have received your payment. Thank you.,0,2026-07-26 09:00:00
1027,2236,review_request,Share your feedback,Please leave a review about your recent consultation.,0,2026-07-25 12:00:00
1028,1021,system,System notification,There has been an update to your account or app settings.,1,2026-07-09 21:00:00
1029,2381,payment_received,Payment received,We have received your payment. Thank you.,1,2026-08-09 00:00:00
1030,2066,review_request,Share your feedback,Please leave a review about your recent consultation.,1,2026-08-31 14:00:00
1031,2156,new_message,New message received,You have a new message in your consultation chat.,0,2026-07-06 18:00:00
1032,1025,payment_received,Payment received,We have received your payment. Thank you.,1,2026-07-08 15:00:00
1033,2317,appointment_reminder,Upcoming appointment reminder,Your appointment is scheduled soon. Please don't forget to attend.,1,2026-07-09 02:00:00
1034,2095,appointment_cancelled,Appointment cancelled,Your appointment has been cancelled. Please reschedule if needed.,1,2026-08-13 06:00:00
1035,2161,doctor_reply,Doctor replied,Your doctor has replied to your message.,0,2026-07-30 20:00:00
1036,2126,appointment_reminder,Upcoming appointment reminder,Your appointment is scheduled soon. Please don't forget to attend.,1,2026-08-27 01:00:00
1037,2112,appointment_confirmed,Appointment confirmed,Your appointment has been confirmed by the clinic.,1,2026-07-28 18:00:00
1038,2116,system,System notification,There has been an update to your account or app settings.,0,2026-08-07 06:00:00
1039,2258,review_request,Share your feedback,Please leave a review about your recent consultation.,1,2026-07-30 09:00:00
1040,2216,appointment_confirmed,Appointment confirmed,Your appointment has been confirmed by the clinic.,0,2026-08-07 05:00:00
1041,2362,appointment_confirmed,Appointment confirmed,Your appointment has been confirmed by the clinic.,1,2026-07-10 23:00:00
1042,2334,appointment_reminder,Upcoming appointment reminder,Your appointment is scheduled soon. Please don't forget to attend.,1,2026-08-07 05:00:00
1043,2307,doctor_reply,Doctor replied,Your doctor has replied to your message.,1,2026-08-14 06:00:00
1044,1004,doctor_reply,Doctor replied,Your doctor has replied to your message.,0,2026-07-02 19:00:00
1045,2377,new_message,New message received,You have a new message in your consultation chat.,1,2026-07-26 13:00:00
1046,2039,new_message,New message received,You have a new message in your consultation chat.,1,2026-07-06 12:00:00
1047,2044,new_message,New message received,You have a new message in your consultation chat.,1,2026-08-13 20:00:00
1048,2157,doctor_reply,Doctor replied,Your doctor has replied to your message.,0,2026-07-02 03:00:00
1049,2009,new_message,New message received,You have a new message in your consultation chat.,1,2026-08-30 00:00:00
1050,2317,new_message,New message received,You have a new message in your consultation chat.,0,2026-07-05 10:00:00
1051,2080,new_message,New message received,You have a new message in your consultation chat.,1,2026-08-09 11:00:00
1052,2104,appointment_cancelled,Appointment cancelled,Your appointment has been cancelled. Please reschedule if needed.,1,2026-08-14 16:00:00
1053,2259,doctor_reply,Doctor replied,Your doctor has replied to your message.,1,2026-07-06 22:00:00
1054,2038,doctor_reply,Doctor replied,Your doctor has replied to your message.,1,2026-08-27 16:00:00
1055,2102,appointment_confirmed,Appointment confirmed,Your appointment has been confirmed by the clinic.,1,2026-07-29 11:00:00
1056,1001,doctor_reply,Doctor replied,Your doctor has replied to your message.,0,2026-08-18 06:00:00
1057,2106,payment_received,Payment received,We have received your payment. Thank you.,1,2026-08-03 21:00:00
1058,2143,system,System notification,There has been an update to your account or app settings.,1,2026-07-19 14:00:00
1059,2134,appointment_cancelled,Appointment cancelled,Your appointment has been cancelled. Please reschedule if needed.,1,2026-08-12 09:00:00
1060,2281,appointment_reminder,Upcoming appointment reminder,Your appointment is scheduled soon. Please don't forget to attend.,1,2026-07-08 03:00:00
1061,2029,appointment_confirmed,Appointment confirmed,Your appointment has been confirmed by the clinic.,1,2026-07-08 17:00:00
1062,1034,new_message,New message received,You have a new message in your consultation chat.,1,2026-08-31 13:00:00
1063,2226,review_request,Share your feedback,Please leave a review about your recent consultation.,1,2026-08-28 23:00:00
1064,2359,doctor_reply,Doctor replied,Your doctor has replied to your message.,1,2026-08-06 08:00:00
1065,2114,appointment_reminder,Upcoming appointment reminder,Your appointment is scheduled soon. Please don't forget to attend.,1,2026-07-12 00:00:00
1066,2198,appointment_reminder,Upcoming appointment reminder,Your appointment is scheduled soon. Please don't forget to attend.,1,2026-08-05 13:00:00
1067,2261,review_request,Share your feedback,Please leave a review about your recent consultation.,1,2026-07-31 14:00:00
1068,2379,appointment_confirmed,Appointment confirmed,Your appointment has been confirmed by the clinic.,0,2026-07-08 13:00:00
1069,2296,new_message,New message received,You have a new message in your consultation chat.,1,2026-08-26 06:00:00
1070,2339,appointment_cancelled,Appointment cancelled,Your appointment has been cancelled. Please reschedule if needed.,0,2026-07-21 11:00:00
1071,2056,system,System notification,There has been an update to your account or app settings.,0,2026-08-14 12:00:00
1072,2194,new_message,New message received,You have a new message in your consultation chat.,0,2026-08-18 20:00:00
1073,2041,system,System notification,There has been an update to your account or app settings.,0,2026-07-20 18:00:00
1074,2063,system,System notification,There has been an update to your account or app settings.,1,2026-07-11 07:00:00
1075,2306,review_request,Share your feedback,Please leave a review about your recent consultation.,0,2026-08-13 22:00:00
1076,2260,appointment_cancelled,Appointment cancelled,Your appointment has been cancelled. Please reschedule if needed.,1,2026-08-09 00:00:00
1077,2203,new_message,New message received,You have a new message in your consultation chat.,1,2026-07-07 04:00:00
1078,2151,appointment_cancelled,Appointment cancelled,Your appointment has been cancelled. Please reschedule if needed.,1,2026-07-03 03:00:00
1079,2264,doctor_reply,Doctor replied,Your doctor has replied to your message.,1,2026-07-03 22:00:00
1080,2130,review_request,Share your feedback,Please leave a review about your recent consultation.,1,2026-08-30 04:00:00
1081,1032,new_message,New message received,You have a new message in your consultation chat.,1,2026-07-28 12:00:00
1082,1026,payment_received,Payment received,We have received your payment. Thank you.,1,2026-07-14 04:00:00
1083,2307,review_request,Share your feedback,Please leave a review about your recent consultation.,0,2026-08-17 05:00:00
1084,1019,payment_received,Payment received,We have received your payment. Thank you.,0,2026-07-15 19:00:00
1085,2307,appointment_reminder,Upcoming appointment reminder,Your appointment is scheduled soon. Please don't forget to attend.,0,2026-07-07 06:00:00
1086,2119,doctor_reply,Doctor replied,Your doctor has replied to your message.,1,2026-07-25 17:00:00
1087,2372,payment_received,Payment received,We have received your payment. Thank you.,0,2026-08-11 23:00:00
1088,2295,payment_received,Payment received,We have received your payment. Thank you.,1,2026-08-24 02:00:00
1089,2278,doctor_reply,Doctor replied,Your doctor has replied to your message.,0,2026-08-27 03:00:00
1090,1004,payment_received,Payment received,We have received your payment. Thank you.,1,2026-07-25 15:00:00
1091,2050,appointment_reminder,Upcoming appointment reminder,Your appointment is scheduled soon. Please don't forget to attend.,0,2026-08-22 08:00:00
1092,2070,system,System notification,There has been an update to your account or app settings.,1,2026-08-05 03:00:00
1093,2332,doctor_reply,Doctor replied,Your doctor has replied to your message.,0,2026-07-24 09:00:00
1094,2167,new_message,New message received,You have a new message in your consultation chat.,1,2026-08-20 20:00:00
1095,2308,appointment_cancelled,Appointment cancelled,Your appointment has been cancelled. Please reschedule if needed.,1,2026-07-07 09:00:00
1096,2119,review_request,Share your feedback,Please leave a review about your recent consultation.,1,2026-08-25 00:00:00
1097,2101,new_message,New message received,You have a new message in your consultation chat.,0,2026-07-28 09:00:00
1098,1011,new_message,New message received,You have a new message in your consultation chat.,0,2026-08-11 21:00:00
1099,1008,payment_received,Payment received,We have received your payment. Thank you.,1,2026-08-26 17:00:00
1100,2346,system,System notification,There has been an update to your account or app settings.,1,2026-07-27 23:00:00
1101,1006,system,System notification,There has been an update to your account or app settings.,1,2026-07-27 01:00:00
1102,2394,appointment_reminder,Upcoming appointment reminder,Your appointment is scheduled soon. Please don't forget to attend.,1,2026-07-20 14:00:00
1103,2324,payment_received,Payment received,We have received your payment. Thank you.,1,2026-07-11 05:00:00
1104,2178,new_message,New message received,You have a new message in your consultation chat.,1,2026-08-13 23:00:00
1105,2050,appointment_cancelled,Appointment cancelled,Your appointment has been cancelled. Please reschedule if needed.,1,2026-08-20 17:00:00
1106,2226,doctor_reply,Doctor replied,Your doctor has replied to your message.,0,2026-07-10 21:00:00
1107,2078,appointment_confirmed,Appointment confirmed,Your appointment has been confirmed by the clinic.,0,2026-07-16 12:00:00
1108,2008,appointment_cancelled,Appointment cancelled,Your appointment has been cancelled. Please reschedule if needed.,0,2026-08-06 04:00:00
1109,2270,doctor_reply,Doctor replied,Your doctor has replied to your message.,1,2026-08-30 21:00:00
1110,2088,payment_received,Payment received,We have received your payment. Thank you.,1,2026-08-05 20:00:00
1111,2215,payment_received,Payment received,We have received your payment. Thank you.,0,2026-07-12 00:00:00
1112,2361,system,System notification,There has been an update to your account or app settings.,1,2026-08-18 10:00:00
1113,2400,appointment_reminder,Upcoming appointment reminder,Your appointment is scheduled soon. Please don't forget to attend.,1,2026-07-28 00:00:00
1114,2279,review_request,Share your feedback,Please leave a review about your recent consultation.,0,2026-08-11 06:00:00
1115,2021,payment_received,Payment received,We have received your payment. Thank you.,0,2026-08-24 00:00:00
1116,2071,new_message,New message received,You have a new message in your consultation chat.,1,2026-07-04 07:00:00
1117,2116,appointment_cancelled,Appointment cancelled,Your appointment has been cancelled. Please reschedule if needed.,1,2026-07-30 04:00:00
1118,2290,appointment_confirmed,Appointment confirmed,Your appointment has been confirmed by the clinic.,0,2026-07-21 12:00:00
1119,2185,appointment_reminder,Upcoming appointment reminder,Your appointment is scheduled soon. Please don't forget to attend.,0,2026-08-14 15:00:00
1120,2196,review_request,Share your feedback,Please leave a review about your recent consultation.,0,2026-08-24 20:00:00
1121,2322,doctor_reply,Doctor replied,Your doctor has replied to your message.,0,2026-08-14 06:00:00
1122,2214,system,System notification,There has been an update to your account or app settings.,1,2026-07-20 23:00:00
1123,1005,new_message,New message received,You have a new message in your consultation chat.,1,2026-08-18 22:00:00
1124,2322,system,System notification,There has been an update to your account or app settings.,0,2026-07-27 23:00:00
1125,2118,review_request,Share your feedback,Please leave a review about your recent consultation.,0,2026-08-06 23:00:00
1126,1024,appointment_reminder,Upcoming appointment reminder,Your appointment is scheduled soon. Please don't forget to attend.,0,2026-08-27 08:00:00
1127,1004,new_message,New message received,You have a new message in your consultation chat.,1,2026-07-09 15:00:00
1128,2027,appointment_reminder,Upcoming appointment reminder,Your appointment is scheduled soon. Please don't forget to attend.,1,2026-07-17 12:00:00
1129,2334,payment_received,Payment received,We have received your payment. Thank you.,1,2026-07-31 01:00:00
1130,2136,doctor_reply,Doctor replied,Your doctor has replied to your message.,1,2026-07-25 07:00:00
1131,2370,new_message,New message received,You have a new message in your consultation chat.,1,2026-07-17 18:00:00
1132,2184,review_request,Share your feedback,Please leave a review about your recent consultation.,1,2026-08-30 15:00:00
1133,2322,appointment_confirmed,Appointment confirmed,Your appointment has been confirmed by the clinic.,1,2026-07-17 17:00:00
1134,2002,appointment_confirmed,Appointment confirmed,Your appointment has been confirmed by the clinic.,0,2026-08-14 09:00:00
1135,2114,appointment_cancelled,Appointment cancelled,Your appointment has been cancelled. Please reschedule if needed.,1,2026-07-05 04:00:00
1136,1038,review_request,Share your feedback,Please leave a review about your recent consultation.,1,2026-07-20 21:00:00
1137,2373,appointment_reminder,Upcoming appointment reminder,Your appointment is scheduled soon. Please don't forget to attend.,0,2026-08-29 02:00:00
1138,2349,payment_received,Payment received,We have received your payment. Thank you.,1,2026-07-17 18:00:00
1139,2210,appointment_cancelled,Appointment cancelled,Your appointment has been cancelled. Please reschedule if needed.,0,2026-08-01 12:00:00
1140,2051,system,System notification,There has been an update to your account or app settings.,0,2026-07-22 03:00:00
1141,2383,review_request,Share your feedback,Please leave a review about your recent consultation.,1,2026-07-30 23:00:00
1142,2394,appointment_reminder,Upcoming appointment reminder,Your appointment is scheduled soon. Please don't forget to attend.,1,2026-08-09 00:00:00
1143,2028,appointment_cancelled,Appointment cancelled,Your appointment has been cancelled. Please reschedule if needed.,1,2026-08-01 18:00:00
1144,2264,new_message,New message received,You have a new message in your consultation chat.,1,2026-08-15 04:00:00
1145,2091,doctor_reply,Doctor replied,Your doctor has replied to your message.,1,2026-07-12 23:00:00
1146,2040,doctor_reply,Doctor replied,Your doctor has replied to your message.,1,2026-08-16 23:00:00
1147,2192,appointment_confirmed,Appointment confirmed,Your appointment has been confirmed by the clinic.,1,2026-07-09 20:00:00
1148,2107,review_request,Share your feedback,Please leave a review about your recent consultation.,0,2026-08-30 16:00:00
1149,2091,appointment_confirmed,Appointment confirmed,Your appointment has been confirmed by the clinic.,0,2026-07-08 22:00:00
1150,2386,payment_received,Payment received,We have received your payment. Thank you.,1,2026-07-16 02:00:00
1151,2218,appointment_reminder,Upcoming appointment reminder,Your appointment is scheduled soon. Please don't forget to attend.,0,2026-08-15 19:00:00
1152,2257,review_request,Share your feedback,Please leave a review about your recent consultation.,1,2026-07-18 12:00:00
1153,2299,system,System notification,There has been an update to your account or app settings.,1,2026-08-17 10:00:00
1154,2392,payment_received,Payment received,We have received your payment. Thank you.,1,2026-08-09 02:00:00
1155,2378,review_request,Share your feedback,Please leave a review about your recent consultation.,0,2026-08-06 23:00:00
1156,2166,appointment_confirmed,Appointment confirmed,Your appointment has been confirmed by the clinic.,1,2026-07-11 22:00:00
1157,2332,appointment_reminder,Upcoming appointment reminder,Your appointment is scheduled soon. Please don't forget to attend.,1,2026-07-18 17:00:00
1158,2204,review_request,Share your feedback,Please leave a review about your recent consultation.,1,2026-08-31 23:00:00
1159,2261,review_request,Share your feedback,Please leave a review about your recent consultation.,1,2026-08-25 19:00:00
1160,2103,new_message,New message received,You have a new message in your consultation chat.,1,2026-08-22 00:00:00
1161,2324,review_request,Share your feedback,Please leave a review about your recent consultation.,0,2026-08-08 05:00:00
1162,2182,appointment_reminder,Upcoming appointment reminder,Your appointment is scheduled soon. Please don't forget to attend.,1,2026-08-15 06:00:00
1163,2182,new_message,New message received,You have a new message in your consultation chat.,0,2026-07-22 18:00:00
1164,2336,appointment_reminder,Upcoming appointment reminder,Your appointment is scheduled soon. Please don't forget to attend.,1,2026-08-11 13:00:00
1165,2399,appointment_cancelled,Appointment cancelled,Your appointment has been cancelled. Please reschedule if needed.,1,2026-07-04 16:00:00
1166,2158,appointment_reminder,Upcoming appointment reminder,Your appointment is scheduled soon. Please don't forget to attend.,1,2026-07-02 07:00:00
1167,2136,doctor_reply,Doctor replied,Your doctor has replied to your message.,1,2026-08-20 01:00:00
1168,2021,payment_received,Payment received,We have received your payment. Thank you.,1,2026-07-23 09:00:00
1169,2339,review_request,Share your feedback,Please leave a review about your recent consultation.,1,2026-07-29 02:00:00
1170,2328,appointment_confirmed,Appointment confirmed,Your appointment has been confirmed by the clinic.,1,2026-08-05 00:00:00
1171,2368,new_message,New message received,You have a new message in your consultation chat.,0,2026-07-20 21:00:00
1172,2035,appointment_reminder,Upcoming appointment reminder,Your appointment is scheduled soon. Please don't forget to attend.,1,2026-07-26 08:00:00
1173,2139,review_request,Share your feedback,Please leave a review about your recent consultation.,1,2026-07-22 20:00:00
1174,2306,appointment_cancelled,Appointment cancelled,Your appointment has been cancelled. Please reschedule if needed.,0,2026-08-05 07:00:00
1175,2093,appointment_cancelled,Appointment cancelled,Your appointment has been cancelled. Please reschedule if needed.,1,2026-08-31 06:00:00
1176,2029,appointment_confirmed,Appointment confirmed,Your appointment has been confirmed by the clinic.,1,2026-08-24 23:00:00
1177,2020,new_message,New message received,You have a new message in your consultation chat.,0,2026-07-12 14:00:00
1178,2076,new_message,New message received,You have a new message in your consultation chat.,0,2026-08-24 09:00:00
1179,2032,system,System notification,There has been an update to your account or app settings.,1,2026-07-28 04:00:00
1180,2303,payment_received,Payment received,We have received your payment. Thank you.,0,2026-08-18 04:00:00
1181,2392,system,System notification,There has been an update to your account or app settings.,1,2026-07-28 22:00:00
1182,2328,system,System notification,There has been an update to your account or app settings.,1,2026-08-01 07:00:00
1183,2205,appointment_confirmed,Appointment confirmed,Your appointment has been confirmed by the clinic.,1,2026-08-03 17:00:00
1184,2352,doctor_reply,Doctor replied,Your doctor has replied to your message.,0,2026-08-06 14:00:00
1185,2166,review_request,Share your feedback,Please leave a review about your recent consultation.,1,2026-07-25 04:00:00
1186,2015,payment_received,Payment received,We have received your payment. Thank you.,0,2026-07-04 21:00:00
1187,2211,appointment_reminder,Upcoming appointment reminder,Your appointment is scheduled soon. Please don't forget to attend.,1,2026-07-27 19:00:00
1188,2263,appointment_reminder,Upcoming appointment reminder,Your appointment is scheduled soon. Please don't forget to attend.,0,2026-08-06 16:00:00
1189,2336,review_request,Share your feedback,Please leave a review about your recent consultation.,1,2026-08-11 12:00:00
1190,2046,appointment_reminder,Upcoming appointment reminder,Your appointment is scheduled soon. Please don't forget to attend.,1,2026-07-14 00:00:00
1191,2369,appointment_reminder,Upcoming appointment reminder,Your appointment is scheduled soon. Please don't forget to attend.,1,2026-08-04 19:00:00
1192,2392,system,System notification,There has been an update to your account or app settings.,0,2026-07-28 19:00:00
1193,2220,payment_received,Payment received,We have received your payment. Thank you.,1,2026-08-31 18:00:00
1194,2384,appointment_confirmed,Appointment confirmed,Your appointment has been confirmed by the clinic.,0,2026-07-04 01:00:00
1195,2220,payment_received,Payment received,We have received your payment. Thank you.,0,2026-08-21 05:00:00
1196,2316,review_request,Share your feedback,Please leave a review about your recent consultation.,1,2026-08-25 08:00:00
1197,2275,appointment_reminder,Upcoming appointment reminder,Your appointment is scheduled soon. Please don't forget to attend.,1,2026-08-12 00:00:00
1198,2161,appointment_confirmed,Appointment confirmed,Your appointment has been confirmed by the clinic.,1,2026-08-16 09:00:00
1199,2234,system,System notification,There has been an update to your account or app settings.,1,2026-08-13 15:00:00
1200,2130,appointment_confirmed,Appointment confirmed,Your appointment has been confirmed by the clinic.,0,2026-07-27 06:00:00
1201,2358,appointment_reminder,Upcoming appointment reminder,Your appointment is scheduled soon. Please don't forget to attend.,0,2026-08-21 07:00:00
1202,2187,appointment_reminder,Upcoming appointment reminder,Your appointment is scheduled soon. Please don't forget to attend.,1,2026-07-22 10:00:00
1203,1002,doctor_reply,Doctor replied,Your doctor has replied to your message.,1,2026-08-20 14:00:00
1204,2335,payment_received,Payment received,We have received your payment. Thank you.,1,2026-07-22 21:00:00
1205,2204,system,System notification,There has been an update to your account or app settings.,1,2026-08-06 23:00:00
1206,2372,payment_received,Payment received,We have received your payment. Thank you.,0,2026-08-03 15:00:00
1207,2170,new_message,New message received,You have a new message in your consultation chat.,0,2026-07-30 17:00:00
1208,2335,payment_received,Payment received,We have received your payment. Thank you.,0,2026-07-03 06:00:00
1209,2061,appointment_confirmed,Appointment confirmed,Your appointment has been confirmed by the clinic.,1,2026-07-29 02:00:00
1210,2020,appointment_reminder,Upcoming appointment reminder,Your appointment is scheduled soon. Please don't forget to attend.,1,2026-08-22 00:00:00
1211,1030,system,System notification,There has been an update to your account or app settings.,1,2026-08-20 14:00:00
1212,2251,doctor_reply,Doctor replied,Your doctor has replied to your message.,1,2026-08-11 04:00:00
1213,2072,appointment_cancelled,Appointment cancelled,Your appointment has been cancelled. Please reschedule if needed.,0,2026-08-05 22:00:00
1214,2012,appointment_confirmed,Appointment confirmed,Your appointment has been confirmed by the clinic.,0,2026-08-22 05:00:00
1215,2046,appointment_cancelled,Appointment cancelled,Your appointment has been cancelled. Please reschedule if needed.,1,2026-08-19 19:00:00
1216,2267,system,System notification,There has been an update to your account or app settings.,1,2026-07-24 19:00:00
1217,2036,appointment_reminder,Upcoming appointment reminder,Your appointment is scheduled soon. Please don't forget to attend.,1,2026-07-19 15:00:00
1218,2337,review_request,Share your feedback,Please leave a review about your recent consultation.,0,2026-08-28 20:00:00
1219,2286,system,System notification,There has been an update to your account or app settings.,1,2026-07-08 20:00:00
1220,2363,appointment_confirmed,Appointment confirmed,Your appointment has been confirmed by the clinic.,1,2026-08-30 11:00:00
1221,2153,appointment_confirmed,Appointment confirmed,Your appointment has been confirmed by the clinic.,1,2026-07-27 20:00:00
1222,2031,review_request,Share your feedback,Please leave a review about your recent consultation.,0,2026-07-14 01:00:00
1223,2052,appointment_cancelled,Appointment cancelled,Your appointment has been cancelled. Please reschedule if needed.,1,2026-08-07 23:00:00
1224,2169,payment_received,Payment received,We have received your payment. Thank you.,1,2026-07-09 00:00:00
1225,2292,doctor_reply,Doctor replied,Your doctor has replied to your message.,1,2026-07-11 11:00:00
1226,2187,doctor_reply,Doctor replied,Your doctor has replied to your message.,0,2026-07-10 17:00:00
1227,2333,appointment_cancelled,Appointment cancelled,Your appointment has been cancelled. Please reschedule if needed.,1,2026-07-10 05:00:00
1228,2362,payment_received,Payment received,We have received your payment. Thank you.,1,2026-07-28 13:00:00
1229,2329,doctor_reply,Doctor replied,Your doctor has replied to your message.,0,2026-07-12 14:00:00
1230,2237,new_message,New message received,You have a new message in your consultation chat.,1,2026-08-11 01:00:00
1231,2202,doctor_reply,Doctor replied,Your doctor has replied to your message.,0,2026-07-18 12:00:00
1232,2241,doctor_reply,Doctor replied,Your doctor has replied to your message.,1,2026-08-20 13:00:00
1233,2090,appointment_confirmed,Appointment confirmed,Your appointment has been confirmed by the clinic.,1,2026-07-18 19:00:00
1234,2271,doctor_reply,Doctor replied,Your doctor has replied to your message.,1,2026-07-25 02:00:00
1235,2132,appointment_cancelled,Appointment cancelled,Your appointment has been cancelled. Please reschedule if needed.,0,2026-08-11 21:00:00
1236,2265,new_message,New message received,You have a new message in your consultation chat.,1,2026-08-16 09:00:00
1237,2028,appointment_reminder,Upcoming appointment reminder,Your appointment is scheduled soon. Please don't forget to attend.,1,2026-07-19 18:00:00
1238,2320,payment_received,Payment received,We have received your payment. Thank you.,1,2026-08-10 17:00:00
1239,2335,payment_received,Payment received,We have received your payment. Thank you.,1,2026-07-16 06:00:00
1240,2190,appointment_cancelled,Appointment cancelled,Your appointment has been cancelled. Please reschedule if needed.,0,2026-07-06 14:00:00
1241,2232,new_message,New message received,You have a new message in your consultation chat.,0,2026-07-04 10:00:00
1242,2243,review_request,Share your feedback,Please leave a review about your recent consultation.,1,2026-07-13 11:00:00
1243,2288,doctor_reply,Doctor replied,Your doctor has replied to your message.,1,2026-08-15 04:00:00
1244,2012,review_request,Share your feedback,Please leave a review about your recent consultation.,0,2026-07-06 04:00:00
1245,2106,appointment_confirmed,Appointment confirmed,Your appointment has been confirmed by the clinic.,1,2026-08-14 03:00:00
1246,2046,system,System notification,There has been an update to your account or app settings.,1,2026-07-18 21:00:00
1247,2064,appointment_cancelled,Appointment cancelled,Your appointment has been cancelled. Please reschedule if needed.,1,2026-08-21 14:00:00
1248,2284,appointment_confirmed,Appointment confirmed,Your appointment has been confirmed by the clinic.,1,2026-07-10 21:00:00
1249,2397,doctor_reply,Doctor replied,Your doctor has replied to your message.,1,2026-08-14 19:00:00
1250,2210,review_request,Share your feedback,Please leave a review about your recent consultation.,1,2026-07-19 23:00:00
1251,2047,review_request,Share your feedback,Please leave a review about your recent consultation.,0,2026-08-03 13:00:00
1252,2374,appointment_reminder,Upcoming appointment reminder,Your appointment is scheduled soon. Please don't forget to attend.,0,2026-08-20 10:00:00
1253,2369,payment_received,Payment received,We have received your payment. Thank you.,1,2026-07-26 12:00:00
1254,2396,appointment_reminder,Upcoming appointment reminder,Your appointment is scheduled soon. Please don't forget to attend.,1,2026-08-09 08:00:00
1255,2295,appointment_confirmed,Appointment confirmed,Your appointment has been confirmed by the clinic.,0,2026-07-03 22:00:00
1256,2070,review_request,Share your feedback,Please leave a review about your recent consultation.,1,2026-07-04 09:00:00
1257,2111,system,System notification,There has been an update to your account or app settings.,1,2026-08-20 00:00:00
1258,2148,system,System notification,There has been an update to your account or app settings.,1,2026-08-06 14:00:00
1259,2302,system,System notification,There has been an update to your account or app settings.,1,2026-07-15 00:00:00
1260,2142,doctor_reply,Doctor replied,Your doctor has replied to your message.,1,2026-08-04 00:00:00
1261,2367,new_message,New message received,You have a new message in your consultation chat.,1,2026-08-22 08:00:00
1262,2358,doctor_reply,Doctor replied,Your doctor has replied to your message.,1,2026-08-08 17:00:00
1263,2328,appointment_confirmed,Appointment confirmed,Your appointment has been confirmed by the clinic.,1,2026-07-09 07:00:00
1264,2163,appointment_cancelled,Appointment cancelled,Your appointment has been cancelled. Please reschedule if needed.,0,2026-08-13 05:00:00
1265,2023,system,System notification,There has been an update to your account or app settings.,1,2026-08-14 12:00:00
1266,2151,system,System notification,There has been an update to your account or app settings.,1,2026-08-20 16:00:00
1267,2316,system,System notification,There has been an update to your account or app settings.,1,2026-07-05 19:00:00
1268,2250,appointment_cancelled,Appointment cancelled,Your appointment has been cancelled. Please reschedule if needed.,0,2026-07-20 21:00:00
1269,2400,system,System notification,There has been an update to your account or app settings.,1,2026-07-30 09:00:00
1270,2355,review_request,Share your feedback,Please leave a review about your recent consultation.,0,2026-08-23 03:00:00
1271,2292,doctor_reply,Doctor replied,Your doctor has replied to your message.,0,2026-08-24 00:00:00
1272,2245,review_request,Share your feedback,Please leave a review about your recent consultation.,0,2026-07-28 04:00:00
1273,2005,review_request,Share your feedback,Please leave a review about your recent consultation.,1,2026-07-30 01:00:00
1274,2003,appointment_cancelled,Appointment cancelled,Your appointment has been cancelled. Please reschedule if needed.,1,2026-08-25 15:00:00
1275,2108,payment_received,Payment received,We have received your payment. Thank you.,0,2026-07-27 10:00:00
1276,2398,appointment_cancelled,Appointment cancelled,Your appointment has been cancelled. Please reschedule if needed.,0,2026-08-30 03:00:00
1277,2126,appointment_cancelled,Appointment cancelled,Your appointment has been cancelled. Please reschedule if needed.,1,2026-08-08 18:00:00
1278,2107,payment_received,Payment received,We have received your payment. Thank you.,1,2026-08-24 21:00:00
1279,2230,new_message,New message received,You have a new message in your consultation chat.,1,2026-08-01 06:00:00
1280,2271,appointment_confirmed,Appointment confirmed,Your appointment has been confirmed by the clinic.,0,2026-08-20 19:00:00
1281,2141,payment_received,Payment received,We have received your payment. Thank you.,0,2026-07-12 22:00:00
1282,2274,appointment_confirmed,Appointment confirmed,Your appointment has been confirmed by the clinic.,1,2026-07-26 16:00:00
1283,2398,system,System notification,There has been an update to your account or app settings.,1,2026-07-08 21:00:00
1284,2353,payment_received,Payment received,We have received your payment. Thank you.,0,2026-07-03 04:00:00
1285,2209,appointment_confirmed,Appointment confirmed,Your appointment has been confirmed by the clinic.,1,2026-07-22 20:00:00
1286,2338,appointment_reminder,Upcoming appointment reminder,Your appointment is scheduled soon. Please don't forget to attend.,1,2026-08-08 19:00:00
1287,2228,payment_received,Payment received,We have received your payment. Thank you.,1,2026-07-04 14:00:00
1288,2277,system,System notification,There has been an update to your account or app settings.,1,2026-08-08 07:00:00
1289,2235,new_message,New message received,You have a new message in your consultation chat.,1,2026-07-22 12:00:00
1290,2104,review_request,Share your feedback,Please leave a review about your recent consultation.,1,2026-07-25 01:00:00
1291,1032,system,System notification,There has been an update to your account or app settings.,0,2026-08-15 00:00:00
1292,1033,appointment_reminder,Upcoming appointment reminder,Your appointment is scheduled soon. Please don't forget to attend.,1,2026-08-19 17:00:00
1293,2082,review_request,Share your feedback,Please leave a review about your recent consultation.,1,2026-07-09 20:00:00
1294,2177,system,System notification,There has been an update to your account or app settings.,1,2026-08-20 04:00:00
1295,2073,doctor_reply,Doctor replied,Your doctor has replied to your message.,0,2026-08-16 13:00:00
1296,2310,review_request,Share your feedback,Please leave a review about your recent consultation.,0,2026-08-18 18:00:00
1297,2172,new_message,New message received,You have a new message in your consultation chat.,1,2026-08-22 01:00:00
1298,2246,new_message,New message received,You have a new message in your consultation chat.,1,2026-07-13 04:00:00
1299,1007,appointment_reminder,Upcoming appointment reminder,Your appointment is scheduled soon. Please don't forget to attend.,1,2026-08-20 12:00:00
1300,2241,appointment_confirmed,Appointment confirmed,Your appointment has been confirmed by the clinic.,1,2026-07-25 10:00:00
1301,2372,appointment_cancelled,Appointment cancelled,Your appointment has been cancelled. Please reschedule if needed.,1,2026-07-03 06:00:00
1302,2088,appointment_reminder,Upcoming appointment reminder,Your appointment is scheduled soon. Please don't forget to attend.,1,2026-08-29 15:00:00
1303,2223,doctor_reply,Doctor replied,Your doctor has replied to your message.,1,2026-07-07 19:00:00
1304,2264,appointment_confirmed,Appointment confirmed,Your appointment has been confirmed by the clinic.,0,2026-08-05 04:00:00
1305,1013,appointment_reminder,Upcoming appointment reminder,Your appointment is scheduled soon. Please don't forget to attend.,1,2026-07-06 04:00:00
1306,2137,appointment_cancelled,Appointment cancelled,Your appointment has been cancelled. Please reschedule if needed.,0,2026-08-15 01:00:00
1307,2080,appointment_reminder,Upcoming appointment reminder,Your appointment is scheduled soon. Please don't forget to attend.,1,2026-08-15 19:00:00
1308,2089,appointment_confirmed,Appointment confirmed,Your appointment has been confirmed by the clinic.,1,2026-07-29 00:00:00
1309,2364,system,System notification,There has been an update to your account or app settings.,1,2026-08-21 06:00:00
1310,2243,appointment_confirmed,Appointment confirmed,Your appointment has been confirmed by the clinic.,1,2026-07-21 09:00:00
1311,2095,appointment_confirmed,Appointment confirmed,Your appointment has been confirmed by the clinic.,0,2026-08-06 23:00:00
1312,1016,payment_received,Payment received,We have received your payment. Thank you.,1,2026-08-03 09:00:00
1313,2327,system,System notification,There has been an update to your account or app settings.,0,2026-08-04 01:00:00
1314,2066,system,System notification,There has been an update to your account or app settings.,1,2026-07-24 09:00:00
1315,2351,appointment_confirmed,Appointment confirmed,Your appointment has been confirmed by the clinic.,0,2026-08-22 12:00:00
1316,2240,payment_received,Payment received,We have received your payment. Thank you.,1,2026-07-03 17:00:00
1317,2160,appointment_cancelled,Appointment cancelled,Your appointment has been cancelled. Please reschedule if needed.,1,2026-08-23 09:00:00
1318,2067,review_request,Share your feedback,Please leave a review about your recent consultation.,0,2026-08-19 17:00:00
1319,2164,appointment_reminder,Upcoming appointment reminder,Your appointment is scheduled soon. Please don't forget to attend.,1,2026-08-11 20:00:00
1320,2182,new_message,New message received,You have a new message in your consultation chat.,1,2026-08-11 10:00:00
1321,2258,appointment_confirmed,Appointment confirmed,Your appointment has been confirmed by the clinic.,1,2026-07-09 11:00:00
1322,2246,appointment_reminder,Upcoming appointment reminder,Your appointment is scheduled soon. Please don't forget to attend.,0,2026-07-04 20:00:00
1323,2206,appointment_reminder,Upcoming appointment reminder,Your appointment is scheduled soon. Please don't forget to attend.,1,2026-07-26 13:00:00
1324,2213,new_message,New message received,You have a new message in your consultation chat.,1,2026-07-29 15:00:00
1325,2252,doctor_reply,Doctor replied,Your doctor has replied to your message.,1,2026-07-14 20:00:00
1326,1028,system,System notification,There has been an update to your account or app settings.,0,2026-07-22 13:00:00
1327,2145,appointment_confirmed,Appointment confirmed,Your appointment has been confirmed by the clinic.,1,2026-08-30 06:00:00
1328,2142,doctor_reply,Doctor replied,Your doctor has replied to your message.,1,2026-07-15 23:00:00
1329,2334,payment_received,Payment received,We have received your payment. Thank you.,1,2026-07-14 20:00:00
1330,2213,appointment_reminder,Upcoming appointment reminder,Your appointment is scheduled soon. Please don't forget to attend.,1,2026-08-23 01:00:00
1331,2044,appointment_confirmed,Appointment confirmed,Your appointment has been confirmed by the clinic.,0,2026-08-23 04:00:00
1332,2375,appointment_cancelled,Appointment cancelled,Your appointment has been cancelled. Please reschedule if needed.,0,2026-08-08 14:00:00
1333,2186,appointment_confirmed,Appointment confirmed,Your appointment has been confirmed by the clinic.,1,2026-07-24 11:00:00
1334,2053,payment_received,Payment received,We have received your payment. Thank you.,0,2026-07-10 08:00:00
1335,2349,system,System notification,There has been an update to your account or app settings.,1,2026-08-07 23:00:00
1336,1025,appointment_confirmed,Appointment confirmed,Your appointment has been confirmed by the clinic.,0,2026-07-25 11:00:00
1337,2313,new_message,New message received,You have a new message in your consultation chat.,1,2026-07-26 03:00:00
1338,2242,system,System notification,There has been an update to your account or app settings.,0,2026-07-17 01:00:00
1339,2019,appointment_cancelled,Appointment cancelled,Your appointment has been cancelled. Please reschedule if needed.,1,2026-07-02 21:00:00
1340,2043,review_request,Share your feedback,Please leave a review about your recent consultation.,0,2026-08-14 06:00:00
1341,2145,appointment_cancelled,Appointment cancelled,Your appointment has been cancelled. Please reschedule if needed.,1,2026-08-08 13:00:00
1342,2030,payment_received,Payment received,We have received your payment. Thank you.,1,2026-08-11 15:00:00
1343,2058,doctor_reply,Doctor replied,Your doctor has replied to your message.,1,2026-07-18 00:00:00
1344,1036,review_request,Share your feedback,Please leave a review about your recent consultation.,0,2026-07-11 23:00:00
1345,2061,appointment_confirmed,Appointment confirmed,Your appointment has been confirmed by the clinic.,1,2026-07-03 11:00:00
1346,2318,appointment_confirmed,Appointment confirmed,Your appointment has been confirmed by the clinic.,1,2026-07-30 01:00:00
1347,2096,review_request,Share your feedback,Please leave a review about your recent consultation.,0,2026-07-07 16:00:00
1348,1035,appointment_cancelled,Appointment cancelled,Your appointment has been cancelled. Please reschedule if needed.,0,2026-08-04 12:00:00
1349,2078,appointment_confirmed,Appointment confirmed,Your appointment has been confirmed by the clinic.,0,2026-07-03 22:00:00
1350,2285,appointment_confirmed,Appointment confirmed,Your appointment has been confirmed by the clinic.,1,2026-07-07 10:00:00
1351,2231,doctor_reply,Doctor replied,Your doctor has replied to your message.,0,2026-07-20 06:00:00
1352,2238,appointment_confirmed,Appointment confirmed,Your appointment has been confirmed by the clinic.,0,2026-07-02 16:00:00
1353,2179,system,System notification,There has been an update to your account or app settings.,1,2026-07-14 08:00:00
1354,2168,appointment_cancelled,Appointment cancelled,Your appointment has been cancelled. Please reschedule if needed.,1,2026-07-26 08:00:00
1355,2368,appointment_reminder,Upcoming appointment reminder,Your appointment is scheduled soon. Please don't forget to attend.,1,2026-07-14 05:00:00
1356,2148,new_message,New message received,You have a new message in your consultation chat.,1,2026-07-11 06:00:00
1357,2283,payment_received,Payment received,We have received your payment. Thank you.,1,2026-08-04 01:00:00
1358,2034,review_request,Share your feedback,Please leave a review about your recent consultation.,0,2026-08-24 17:00:00
1359,2337,system,System notification,There has been an update to your account or app settings.,0,2026-08-20 11:00:00
1360,2369,new_message,New message received,You have a new message in your consultation chat.,1,2026-08-31 20:00:00
1361,2178,system,System notification,There has been an update to your account or app settings.,1,2026-07-26 21:00:00
1362,2065,appointment_cancelled,Appointment cancelled,Your appointment has been cancelled. Please reschedule if needed.,0,2026-07-21 02:00:00
1363,1011,system,System notification,There has been an update to your account or app settings.,1,2026-07-28 21:00:00
1364,2277,appointment_cancelled,Appointment cancelled,Your appointment has been cancelled. Please reschedule if needed.,1,2026-07-26 06:00:00
1365,2203,appointment_confirmed,Appointment confirmed,Your appointment has been confirmed by the clinic.,1,2026-07-08 09:00:00
1366,2180,appointment_reminder,Upcoming appointment reminder,Your appointment is scheduled soon. Please don't forget to attend.,1,2026-08-05 14:00:00
1367,2144,appointment_reminder,Upcoming appointment reminder,Your appointment is scheduled soon. Please don't forget to attend.,1,2026-08-18 15:00:00
1368,2164,appointment_confirmed,Appointment confirmed,Your appointment has been confirmed by the clinic.,0,2026-08-15 16:00:00
1369,2271,review_request,Share your feedback,Please leave a review about your recent consultation.,0,2026-08-31 09:00:00
1370,2030,system,System notification,There has been an update to your account or app settings.,1,2026-07-10 19:00:00
1371,1001,appointment_confirmed,Appointment confirmed,Your appointment has been confirmed by the clinic.,0,2026-08-25 21:00:00
1372,2344,appointment_reminder,Upcoming appointment reminder,Your appointment is scheduled soon. Please don't forget to attend.,1,2026-08-18 01:00:00
1373,2007,system,System notification,There has been an update to your account or app settings.,1,2026-08-22 13:00:00
1374,1019,appointment_reminder,Upcoming appointment reminder,Your appointment is scheduled soon. Please don't forget to attend.,1,2026-08-04 19:00:00
1375,2027,appointment_reminder,Upcoming appointment reminder,Your appointment is scheduled soon. Please don't forget to attend.,1,2026-07-03 04:00:00
1376,2265,appointment_confirmed,Appointment confirmed,Your appointment has been confirmed by the clinic.,1,2026-08-04 14:00:00
1377,2082,review_request,Share your feedback,Please leave a review about your recent consultation.,1,2026-08-14 00:00:00
1378,1008,new_message,New message received,You have a new message in your consultation chat.,1,2026-08-26 10:00:00
1379,2107,appointment_reminder,Upcoming appointment reminder,Your appointment is scheduled soon. Please don't forget to attend.,1,2026-08-11 14:00:00
1380,2346,doctor_reply,Doctor replied,Your doctor has replied to your message.,1,2026-08-08 22:00:00
1381,2339,appointment_confirmed,Appointment confirmed,Your appointment has been confirmed by the clinic.,0,2026-08-11 16:00:00
1382,2200,doctor_reply,Doctor replied,Your doctor has replied to your message.,1,2026-08-14 12:00:00
1383,2238,doctor_reply,Doctor replied,Your doctor has replied to your message.,0,2026-07-22 22:00:00
1384,2035,review_request,Share your feedback,Please leave a review about your recent consultation.,1,2026-08-03 11:00:00
1385,2037,doctor_reply,Doctor replied,Your doctor has replied to your message.,1,2026-08-04 00:00:00
1386,2306,appointment_reminder,Upcoming appointment reminder,Your appointment is scheduled soon. Please don't forget to attend.,0,2026-08-29 18:00:00
1387,2221,new_message,New message received,You have a new message in your consultation chat.,0,2026-07-23 08:00:00
1388,2209,payment_received,Payment received,We have received your payment. Thank you.,0,2026-08-01 03:00:00
1389,2184,appointment_confirmed,Appointment confirmed,Your appointment has been confirmed by the clinic.,0,2026-07-27 09:00:00
1390,2268,system,System notification,There has been an update to your account or app settings.,0,2026-07-05 01:00:00
1391,2360,review_request,Share your feedback,Please leave a review about your recent consultation.,1,2026-07-07 13:00:00
1392,2240,payment_received,Payment received,We have received your payment. Thank you.,1,2026-08-23 00:00:00
1393,2231,appointment_cancelled,Appointment cancelled,Your appointment has been cancelled. Please reschedule if needed.,1,2026-08-04 09:00:00
1394,2081,doctor_reply,Doctor replied,Your doctor has replied to your message.,1,2026-08-02 03:00:00
1395,2387,appointment_confirmed,Appointment confirmed,Your appointment has been confirmed by the clinic.,1,2026-08-20 20:00:00
1396,2137,payment_received,Payment received,We have received your payment. Thank you.,1,2026-08-27 14:00:00
1397,2076,payment_received,Payment received,We have received your payment. Thank you.,1,2026-08-10 12:00:00
1398,2368,payment_received,Payment received,We have received your payment. Thank you.,1,2026-07-23 00:00:00
1399,2380,new_message,New message received,You have a new message in your consultation chat.,0,2026-08-29 11:00:00
1400,2072,system,System notification,There has been an update to your account or app settings.,1,2026-07-18 06:00:00
1401,2099,appointment_cancelled,Appointment cancelled,Your appointment has been cancelled. Please reschedule if needed.,1,2026-08-10 01:00:00
1402,2016,payment_received,Payment received,We have received your payment. Thank you.,1,2026-08-29 22:00:00
1403,2261,new_message,New message received,You have a new message in your consultation chat.,1,2026-08-26 05:00:00
1404,2241,appointment_cancelled,Appointment cancelled,Your appointment has been cancelled. Please reschedule if needed.,1,2026-07-11 05:00:00
1405,2277,doctor_reply,Doctor replied,Your doctor has replied to your message.,0,2026-07-09 18:00:00
1406,2366,appointment_reminder,Upcoming appointment reminder,Your appointment is scheduled soon. Please don't forget to attend.,0,2026-07-28 10:00:00
1407,2221,appointment_confirmed,Appointment confirmed,Your appointment has been confirmed by the clinic.,1,2026-07-24 21:00:00
1408,2397,appointment_cancelled,Appointment cancelled,Your appointment has been cancelled. Please reschedule if needed.,1,2026-08-31 10:00:00
1409,2297,appointment_reminder,Upcoming appointment reminder,Your appointment is scheduled soon. Please don't forget to attend.,0,2026-07-21 15:00:00
1410,2184,new_message,New message received,You have a new message in your consultation chat.,1,2026-08-09 00:00:00
1411,2069,review_request,Share your feedback,Please leave a review about your recent consultation.,1,2026-07-16 11:00:00
1412,2208,appointment_confirmed,Appointment confirmed,Your appointment has been confirmed by the clinic.,1,2026-07-20 19:00:00
1413,2214,appointment_confirmed,Appointment confirmed,Your appointment has been confirmed by the clinic.,0,2026-07-11 21:00:00
1414,2204,review_request,Share your feedback,Please leave a review about your recent consultation.,1,2026-08-23 17:00:00
1415,1029,payment_received,Payment received,We have received your payment. Thank you.,1,2026-07-13 19:00:00
1416,2388,system,System notification,There has been an update to your account or app settings.,1,2026-08-30 13:00:00
1417,2181,appointment_reminder,Upcoming appointment reminder,Your appointment is scheduled soon. Please don't forget to attend.,1,2026-07-21 03:00:00
1418,2230,appointment_cancelled,Appointment cancelled,Your appointment has been cancelled. Please reschedule if needed.,1,2026-08-14 00:00:00
1419,2375,appointment_cancelled,Appointment cancelled,Your appointment has been cancelled. Please reschedule if needed.,1,2026-08-26 07:00:00
1420,2015,review_request,Share your feedback,Please leave a review about your recent consultation.,0,2026-07-26 01:00:00
1421,1005,appointment_confirmed,Appointment confirmed,Your appointment has been confirmed by the clinic.,1,2026-07-13 08:00:00
1422,2370,new_message,New message received,You have a new message in your consultation chat.,1,2026-08-29 19:00:00
1423,2285,review_request,Share your feedback,Please leave a review about your recent consultation.,1,2026-08-04 11:00:00
1424,2275,appointment_confirmed,Appointment confirmed,Your appointment has been confirmed by the clinic.,1,2026-08-08 19:00:00
1425,1017,new_message,New message received,You have a new message in your consultation chat.,1,2026-08-26 18:00:00
1426,2118,review_request,Share your feedback,Please leave a review about your recent consultation.,0,2026-08-24 03:00:00
1427,1018,review_request,Share your feedback,Please leave a review about your recent consultation.,1,2026-08-25 10:00:00
1428,2307,new_message,New message received,You have a new message in your consultation chat.,1,2026-08-07 05:00:00
1429,2208,appointment_cancelled,Appointment cancelled,Your appointment has been cancelled. Please reschedule if needed.,1,2026-07-18 23:00:00
1430,2093,review_request,Share your feedback,Please leave a review about your recent consultation.,0,2026-08-28 06:00:00
1431,2132,payment_received,Payment received,We have received your payment. Thank you.,1,2026-07-24 03:00:00
1432,2050,appointment_cancelled,Appointment cancelled,Your appointment has been cancelled. Please reschedule if needed.,1,2026-08-26 08:00:00
1433,2019,payment_received,Payment received,We have received your payment. Thank you.,1,2026-08-11 03:00:00
1434,2382,system,System notification,There has been an update to your account or app settings.,1,2026-07-17 16:00:00
1435,2371,payment_received,Payment received,We have received your payment. Thank you.,0,2026-07-05 19:00:00
1436,2275,appointment_cancelled,Appointment cancelled,Your appointment has been cancelled. Please reschedule if needed.,0,2026-07-30 08:00:00
1437,2066,payment_received,Payment received,We have received your payment. Thank you.,1,2026-07-07 15:00:00
1438,2198,system,System notification,There has been an update to your account or app settings.,1,2026-08-13 18:00:00
1439,2133,system,System notification,There has been an update to your account or app settings.,1,2026-08-25 04:00:00
1440,2257,doctor_reply,Doctor replied,Your doctor has replied to your message.,1,2026-07-18 08:00:00
1441,2320,new_message,New message received,You have a new message in your consultation chat.,1,2026-07-22 09:00:00
1442,2092,review_request,Share your feedback,Please leave a review about your recent consultation.,1,2026-07-10 17:00:00
1443,2342,payment_received,Payment received,We have received your payment. Thank you.,1,2026-07-28 11:00:00
1444,2257,new_message,New message received,You have a new message in your consultation chat.,1,2026-08-01 12:00:00
1445,2161,payment_received,Payment received,We have received your payment. Thank you.,1,2026-08-23 00:00:00
1446,2072,new_message,New message received,You have a new message in your consultation chat.,0,2026-07-09 04:00:00
1447,2207,appointment_confirmed,Appointment confirmed,Your appointment has been confirmed by the clinic.,0,2026-07-05 17:00:00
1448,2400,review_request,Share your feedback,Please leave a review about your recent consultation.,0,2026-08-02 13:00:00
1449,2247,doctor_reply,Doctor replied,Your doctor has replied to your message.,1,2026-08-21 14:00:00
1450,2139,payment_received,Payment received,We have received your payment. Thank you.,1,2026-07-31 10:00:00
1451,2122,doctor_reply,Doctor replied,Your doctor has replied to your message.,1,2026-07-20 08:00:00
1452,2218,review_request,Share your feedback,Please leave a review about your recent consultation.,1,2026-07-14 16:00:00
1453,2270,appointment_reminder,Upcoming appointment reminder,Your appointment is scheduled soon. Please don't forget to attend.,0,2026-08-13 21:00:00
1454,2328,appointment_confirmed,Appointment confirmed,Your appointment has been confirmed by the clinic.,1,2026-08-13 19:00:00
1455,2030,system,System notification,There has been an update to your account or app settings.,1,2026-08-24 17:00:00
1456,2069,appointment_confirmed,Appointment confirmed,Your appointment has been confirmed by the clinic.,1,2026-07-20 18:00:00
1457,2240,appointment_reminder,Upcoming appointment reminder,Your appointment is scheduled soon. Please don't forget to attend.,1,2026-07-07 20:00:00
1458,2263,review_request,Share your feedback,Please leave a review about your recent consultation.,0,2026-07-17 02:00:00
1459,1016,appointment_cancelled,Appointment cancelled,Your appointment has been cancelled. Please reschedule if needed.,1,2026-08-09 06:00:00
1460,2104,appointment_reminder,Upcoming appointment reminder,Your appointment is scheduled soon. Please don't forget to attend.,1,2026-07-04 01:00:00
1461,2314,appointment_confirmed,Appointment confirmed,Your appointment has been confirmed by the clinic.,1,2026-08-02 23:00:00
1462,2181,appointment_reminder,Upcoming appointment reminder,Your appointment is scheduled soon. Please don't forget to attend.,1,2026-07-04 13:00:00
1463,2211,new_message,New message received,You have a new message in your consultation chat.,1,2026-08-19 05:00:00
1464,2090,doctor_reply,Doctor replied,Your doctor has replied to your message.,1,2026-08-03 05:00:00
1465,2378,appointment_cancelled,Appointment cancelled,Your appointment has been cancelled. Please reschedule if needed.,0,2026-08-20 23:00:00
1466,2003,system,System notification,There has been an update to your account or app settings.,1,2026-07-26 11:00:00
1467,2366,review_request,Share your feedback,Please leave a review about your recent consultation.,1,2026-08-09 19:00:00
1468,2124,payment_received,Payment received,We have received your payment. Thank you.,0,2026-08-15 03:00:00
1469,2041,doctor_reply,Doctor replied,Your doctor has replied to your message.,1,2026-08-04 14:00:00
1470,1024,system,System notification,There has been an update to your account or app settings.,1,2026-08-19 15:00:00
1471,2258,appointment_confirmed,Appointment confirmed,Your appointment has been confirmed by the clinic.,0,2026-08-13 20:00:00
1472,2094,appointment_cancelled,Appointment cancelled,Your appointment has been cancelled. Please reschedule if needed.,1,2026-07-21 07:00:00
1473,2241,system,System notification,There has been an update to your account or app settings.,1,2026-07-19 21:00:00
1474,2230,doctor_reply,Doctor replied,Your doctor has replied to your message.,0,2026-08-06 07:00:00
1475,2312,doctor_reply,Doctor replied,Your doctor has replied to your message.,1,2026-08-05 10:00:00
1476,1024,payment_received,Payment received,We have received your payment. Thank you.,1,2026-07-04 19:00:00
1477,2070,doctor_reply,Doctor replied,Your doctor has replied to your message.,1,2026-08-17 05:00:00
1478,2001,system,System notification,There has been an update to your account or app settings.,1,2026-07-08 13:00:00
1479,2153,appointment_cancelled,Appointment cancelled,Your appointment has been cancelled. Please reschedule if needed.,0,2026-07-27 12:00:00
1480,2331,appointment_confirmed,Appointment confirmed,Your appointment has been confirmed by the clinic.,0,2026-08-13 03:00:00
1481,2320,payment_received,Payment received,We have received your payment. Thank you.,1,2026-08-14 08:00:00
1482,2177,system,System notification,There has been an update to your account or app settings.,1,2026-07-22 22:00:00
1483,2132,payment_received,Payment received,We have received your payment. Thank you.,1,2026-08-12 04:00:00
1484,2212,review_request,Share your feedback,Please leave a review about your recent consultation.,1,2026-07-10 16:00:00
1485,2293,review_request,Share your feedback,Please leave a review about your recent consultation.,1,2026-08-02 21:00:00
1486,2051,appointment_cancelled,Appointment cancelled,Your appointment has been cancelled. Please reschedule if needed.,0,2026-07-27 20:00:00
1487,2017,new_message,New message received,You have a new message in your consultation chat.,0,2026-07-13 20:00:00
1488,2151,appointment_cancelled,Appointment cancelled,Your appointment has been cancelled. Please reschedule if needed.,1,2026-08-27 17:00:00
1489,1015,appointment_cancelled,Appointment cancelled,Your appointment has been cancelled. Please reschedule if needed.,1,2026-07-04 21:00:00
1490,2011,appointment_cancelled,Appointment cancelled,Your appointment has been cancelled. Please reschedule if needed.,1,2026-08-12 02:00:00
1491,1008,system,System notification,There has been an update to your account or app settings.,1,2026-08-13 01:00:00
1492,2330,appointment_cancelled,Appointment cancelled,Your appointment has been cancelled. Please reschedule if needed.,0,2026-08-02 10:00:00
1493,2224,review_request,Share your feedback,Please leave a review about your recent consultation.,0,2026-07-16 15:00:00
1494,1022,appointment_confirmed,Appointment confirmed,Your appointment has been confirmed by the clinic.,1,2026-07-19 04:00:00
1495,2147,appointment_reminder,Upcoming appointment reminder,Your appointment is scheduled soon. Please don't forget to attend.,0,2026-07-05 16:00:00
1496,1026,appointment_confirmed,Appointment confirmed,Your appointment has been confirmed by the clinic.,0,2026-07-06 18:00:00
1497,2360,appointment_confirmed,Appointment confirmed,Your appointment has been confirmed by the clinic.,0,2026-07-24 23:00:00
1498,2097,payment_received,Payment received,We have received your payment. Thank you.,1,2026-08-31 16:00:00
1499,2202,appointment_cancelled,Appointment cancelled,Your appointment has been cancelled. Please reschedule if needed.,0,2026-08-21 00:00:00
1500,2243,review_request,Share your feedback,Please leave a review about your recent consultation.,1,2026-08-07 05:00:00
1501,2167,appointment_reminder,Upcoming appointment reminder,Your appointment is scheduled soon. Please don't forget to attend.,0,2026-07-23 14:00:00
1502,2357,appointment_reminder,Upcoming appointment reminder,Your appointment is scheduled soon. Please don't forget to attend.,0,2026-07-04 18:00:00
1503,2212,doctor_reply,Doctor replied,Your doctor has replied to your message.,1,2026-07-22 23:00:00
1504,2124,appointment_confirmed,Appointment confirmed,Your appointment has been confirmed by the clinic.,1,2026-07-18 23:00:00
1505,2283,system,System notification,There has been an update to your account or app settings.,1,2026-08-04 00:00:00
1506,2299,appointment_cancelled,Appointment cancelled,Your appointment has been cancelled. Please reschedule if needed.,0,2026-08-21 16:00:00
1507,2218,appointment_confirmed,Appointment confirmed,Your appointment has been confirmed by the clinic.,0,2026-07-05 11:00:00
1508,2325,new_message,New message received,You have a new message in your consultation chat.,0,2026-07-16 06:00:00
1509,2166,payment_received,Payment received,We have received your payment. Thank you.,1,2026-08-31 11:00:00
1510,2180,new_message,New message received,You have a new message in your consultation chat.,1,2026-07-26 11:00:00
1511,2080,appointment_cancelled,Appointment cancelled,Your appointment has been cancelled. Please reschedule if needed.,1,2026-07-21 17:00:00
1512,1017,payment_received,Payment received,We have received your payment. Thank you.,1,2026-07-26 00:00:00
1513,2369,appointment_cancelled,Appointment cancelled,Your appointment has been cancelled. Please reschedule if needed.,0,2026-07-20 03:00:00
1514,2069,new_message,New message received,You have a new message in your consultation chat.,1,2026-07-28 16:00:00
1515,2269,new_message,New message received,You have a new message in your consultation chat.,1,2026-08-09 12:00:00
1516,2313,doctor_reply,Doctor replied,Your doctor has replied to your message.,0,2026-07-08 03:00:00
1517,1005,appointment_cancelled,Appointment cancelled,Your appointment has been cancelled. Please reschedule if needed.,1,2026-08-11 14:00:00
1518,2372,system,System notification,There has been an update to your account or app settings.,1,2026-07-19 10:00:00
1519,2304,appointment_cancelled,Appointment cancelled,Your appointment has been cancelled. Please reschedule if needed.,1,2026-07-16 08:00:00
1520,2359,doctor_reply,Doctor replied,Your doctor has replied to your message.,0,2026-07-30 05:00:00
1521,2384,appointment_confirmed,Appointment confirmed,Your appointment has been confirmed by the clinic.,0,2026-08-23 14:00:00
1522,1037,appointment_confirmed,Appointment confirmed,Your appointment has been confirmed by the clinic.,0,2026-07-16 18:00:00
1523,2197,doctor_reply,Doctor replied,Your doctor has replied to your message.,1,2026-07-03 15:00:00
1524,2163,new_message,New message received,You have a new message in your consultation chat.,1,2026-08-07 10:00:00
1525,2158,new_message,New message received,You have a new message in your consultation chat.,0,2026-07-29 19:00:00
1526,2153,appointment_reminder,Upcoming appointment reminder,Your appointment is scheduled soon. Please don't forget to attend.,1,2026-08-08 06:00:00
1527,2052,system,System notification,There has been an update to your account or app settings.,0,2026-07-27 18:00:00
1528,1023,payment_received,Payment received,We have received your payment. Thank you.,1,2026-08-24 20:00:00
1529,2346,system,System notification,There has been an update to your account or app settings.,1,2026-08-16 23:00:00
1530,1018,doctor_reply,Doctor replied,Your doctor has replied to your message.,1,2026-08-26 14:00:00
1531,2099,review_request,Share your feedback,Please leave a review about your recent consultation.,1,2026-07-09 07:00:00
1532,2048,review_request,Share your feedback,Please leave a review about your recent consultation.,1,2026-08-31 21:00:00
1533,2238,system,System notification,There has been an update to your account or app settings.,1,2026-08-13 09:00:00
1534,2174,doctor_reply,Doctor replied,Your doctor has replied to your message.,0,2026-08-25 06:00:00
1535,2261,appointment_confirmed,Appointment confirmed,Your appointment has been confirmed by the clinic.,0,2026-08-14 16:00:00
1536,2090,system,System notification,There has been an update to your account or app settings.,1,2026-08-02 17:00:00
1537,2174,system,System notification,There has been an update to your account or app settings.,1,2026-07-08 16:00:00
1538,2380,doctor_reply,Doctor replied,Your doctor has replied to your message.,1,2026-07-29 09:00:00
1539,2390,system,System notification,There has been an update to your account or app settings.,1,2026-08-27 23:00:00
1540,2373,appointment_confirmed,Appointment confirmed,Your appointment has been confirmed by the clinic.,1,2026-07-10 00:00:00
1541,2102,new_message,New message received,You have a new message in your consultation chat.,1,2026-08-14 15:00:00
1542,2147,review_request,Share your feedback,Please leave a review about your recent consultation.,0,2026-08-04 01:00:00
1543,2250,appointment_confirmed,Appointment confirmed,Your appointment has been confirmed by the clinic.,1,2026-07-02 21:00:00
1544,2392,new_message,New message received,You have a new message in your consultation chat.,1,2026-07-05 10:00:00
1545,2240,review_request,Share your feedback,Please leave a review about your recent consultation.,0,2026-08-26 04:00:00
1546,2128,doctor_reply,Doctor replied,Your doctor has replied to your message.,1,2026-07-19 05:00:00
1547,2074,appointment_reminder,Upcoming appointment reminder,Your appointment is scheduled soon. Please don't forget to attend.,0,2026-08-27 11:00:00
1548,2324,doctor_reply,Doctor replied,Your doctor has replied to your message.,0,2026-07-14 16:00:00
1549,2283,system,System notification,There has been an update to your account or app settings.,1,2026-08-07 05:00:00
1550,2088,new_message,New message received,You have a new message in your consultation chat.,1,2026-08-24 22:00:00
1551,1003,payment_received,Payment received,We have received your payment. Thank you.,0,2026-08-11 06:00:00
1552,2244,appointment_confirmed,Appointment confirmed,Your appointment has been confirmed by the clinic.,1,2026-08-27 11:00:00
1553,2373,appointment_reminder,Upcoming appointment reminder,Your appointment is scheduled soon. Please don't forget to attend.,0,2026-08-05 06:00:00
1554,2128,payment_received,Payment received,We have received your payment. Thank you.,0,2026-08-11 19:00:00
1555,2223,appointment_cancelled,Appointment cancelled,Your appointment has been cancelled. Please reschedule if needed.,1,2026-07-06 06:00:00
1556,2075,payment_received,Payment received,We have received your payment. Thank you.,1,2026-08-28 08:00:00
1557,2388,review_request,Share your feedback,Please leave a review about your recent consultation.,0,2026-07-07 20:00:00
1558,2011,payment_received,Payment received,We have received your payment. Thank you.,1,2026-08-17 19:00:00
1559,2189,system,System notification,There has been an update to your account or app settings.,0,2026-08-24 20:00:00
1560,2316,review_request,Share your feedback,Please leave a review about your recent consultation.,0,2026-08-09 00:00:00
1561,2012,appointment_cancelled,Appointment cancelled,Your appointment has been cancelled. Please reschedule if needed.,1,2026-07-04 03:00:00
1562,2314,review_request,Share your feedback,Please leave a review about your recent consultation.,1,2026-07-12 00:00:00
1563,2234,payment_received,Payment received,We have received your payment. Thank you.,1,2026-07-25 06:00:00
1564,2072,new_message,New message received,You have a new message in your consultation chat.,1,2026-08-05 19:00:00
1565,2086,review_request,Share your feedback,Please leave a review about your recent consultation.,1,2026-07-11 15:00:00
1566,2376,system,System notification,There has been an update to your account or app settings.,1,2026-08-27 02:00:00
1567,2024,appointment_confirmed,Appointment confirmed,Your appointment has been confirmed by the clinic.,1,2026-08-09 06:00:00
1568,2250,doctor_reply,Doctor replied,Your doctor has replied to your message.,1,2026-08-19 19:00:00
1569,1002,appointment_cancelled,Appointment cancelled,Your appointment has been cancelled. Please reschedule if needed.,0,2026-08-04 02:00:00
1570,2263,appointment_confirmed,Appointment confirmed,Your appointment has been confirmed by the clinic.,1,2026-07-12 00:00:00
1571,1017,system,System notification,There has been an update to your account or app settings.,0,2026-08-30 01:00:00
1572,2070,appointment_reminder,Upcoming appointment reminder,Your appointment is scheduled soon. Please don't forget to attend.,1,2026-07-06 21:00:00
1573,2266,appointment_reminder,Upcoming appointment reminder,Your appointment is scheduled soon. Please don't forget to attend.,0,2026-08-23 07:00:00
1574,2379,new_message,New message received,You have a new message in your consultation chat.,0,2026-08-05 16:00:00
1575,2175,payment_received,Payment received,We have received your payment. Thank you.,0,2026-07-05 01:00:00
1576,1040,new_message,New message received,You have a new message in your consultation chat.,1,2026-08-26 04:00:00
1577,2106,system,System notification,There has been an update to your account or app settings.,0,2026-08-18 02:00:00
1578,2091,appointment_reminder,Upcoming appointment reminder,Your appointment is scheduled soon. Please don't forget to attend.,1,2026-08-06 21:00:00
1579,1040,review_request,Share your feedback,Please leave a review about your recent consultation.,0,2026-08-17 02:00:00
1580,2192,appointment_confirmed,Appointment confirmed,Your appointment has been confirmed by the clinic.,1,2026-07-11 05:00:00
1581,2319,appointment_reminder,Upcoming appointment reminder,Your appointment is scheduled soon. Please don't forget to attend.,1,2026-07-10 21:00:00
1582,2019,system,System notification,There has been an update to your account or app settings.,1,2026-08-13 08:00:00
1583,2207,review_request,Share your feedback,Please leave a review about your recent consultation.,1,2026-07-05 17:00:00
1584,2288,appointment_reminder,Upcoming appointment reminder,Your appointment is scheduled soon. Please don't forget to attend.,1,2026-08-02 20:00:00
1585,2028,doctor_reply,Doctor replied,Your doctor has replied to your message.,1,2026-08-23 16:00:00
1586,2334,appointment_reminder,Upcoming appointment reminder,Your appointment is scheduled soon. Please don't forget to attend.,1,2026-07-12 11:00:00
1587,2111,new_message,New message received,You have a new message in your consultation chat.,1,2026-08-29 15:00:00
1588,2076,review_request,Share your feedback,Please leave a review about your recent consultation.,1,2026-07-15 08:00:00
1589,2026,review_request,Share your feedback,Please leave a review about your recent consultation.,0,2026-07-14 00:00:00
1590,2208,new_message,New message received,You have a new message in your consultation chat.,1,2026-08-08 07:00:00
1591,2299,appointment_confirmed,Appointment confirmed,Your appointment has been confirmed by the clinic.,1,2026-08-08 02:00:00
1592,2345,system,System notification,There has been an update to your account or app settings.,0,2026-08-23 12:00:00
1593,2185,system,System notification,There has been an update to your account or app settings.,0,2026-07-11 21:00:00
1594,2396,doctor_reply,Doctor replied,Your doctor has replied to your message.,0,2026-08-17 17:00:00
1595,2118,appointment_cancelled,Appointment cancelled,Your appointment has been cancelled. Please reschedule if needed.,0,2026-07-21 14:00:00
1596,2056,appointment_reminder,Upcoming appointment reminder,Your appointment is scheduled soon. Please don't forget to attend.,1,2026-07-28 12:00:00
1597,2160,doctor_reply,Doctor replied,Your doctor has replied to your message.,0,2026-07-19 13:00:00
1598,2190,review_request,Share your feedback,Please leave a review about your recent consultation.,1,2026-07-30 07:00:00
1599,1040,review_request,Share your feedback,Please leave a review about your recent consultation.,1,2026-07-05 00:00:00
1600,2356,appointment_confirmed,Appointment confirmed,Your appointment has been confirmed by the clinic.,1,2026-08-24 01:00:00
1601,2362,appointment_confirmed,Appointment confirmed,Your appointment has been confirmed by the clinic.,0,2026-07-31 16:00:00
1602,2163,appointment_reminder,Upcoming appointment reminder,Your appointment is scheduled soon. Please don't forget to attend.,1,2026-08-02 01:00:00
1603,2185,appointment_reminder,Upcoming appointment reminder,Your appointment is scheduled soon. Please don't forget to attend.,1,2026-08-16 22:00:00
1604,2278,system,System notification,There has been an update to your account or app settings.,1,2026-07-12 20:00:00
1605,2273,doctor_reply,Doctor replied,Your doctor has replied to your message.,1,2026-07-12 19:00:00
1606,2022,appointment_cancelled,Appointment cancelled,Your appointment has been cancelled. Please reschedule if needed.,1,2026-08-22 17:00:00
1607,2302,appointment_cancelled,Appointment cancelled,Your appointment has been cancelled. Please reschedule if needed.,1,2026-07-04 12:00:00
1608,2251,payment_received,Payment received,We have received your payment. Thank you.,1,2026-07-21 08:00:00
1609,2238,appointment_reminder,Upcoming appointment reminder,Your appointment is scheduled soon. Please don't forget to attend.,0,2026-07-15 12:00:00
1610,2286,system,System notification,There has been an update to your account or app settings.,1,2026-08-07 01:00:00
1611,2080,appointment_cancelled,Appointment cancelled,Your appointment has been cancelled. Please reschedule if needed.,1,2026-07-29 00:00:00
1612,2068,appointment_reminder,Upcoming appointment reminder,Your appointment is scheduled soon. Please don't forget to attend.,0,2026-07-15 07:00:00
1613,2298,appointment_cancelled,Appointment cancelled,Your appointment has been cancelled. Please reschedule if needed.,1,2026-07-25 11:00:00
1614,2325,appointment_reminder,Upcoming appointment reminder,Your appointment is scheduled soon. Please don't forget to attend.,1,2026-07-28 09:00:00
1615,2079,appointment_confirmed,Appointment confirmed,Your appointment has been confirmed by the clinic.,0,2026-07-12 05:00:00
1616,2215,new_message,New message received,You have a new message in your consultation chat.,0,2026-08-09 13:00:00
1617,2343,payment_received,Payment received,We have received your payment. Thank you.,1,2026-07-24 16:00:00
1618,2225,new_message,New message received,You have a new message in your consultation chat.,1,2026-08-12 03:00:00
1619,2195,appointment_confirmed,Appointment confirmed,Your appointment has been confirmed by the clinic.,1,2026-08-24 17:00:00
1620,2171,appointment_cancelled,Appointment cancelled,Your appointment has been cancelled. Please reschedule if needed.,1,2026-07-23 19:00:00
1621,2054,payment_received,Payment received,We have received your payment. Thank you.,1,2026-08-19 18:00:00
1622,2081,appointment_confirmed,Appointment confirmed,Your appointment has been confirmed by the clinic.,0,2026-07-21 23:00:00
1623,1017,system,System notification,There has been an update to your account or app settings.,1,2026-08-31 22:00:00
1624,2390,payment_received,Payment received,We have received your payment. Thank you.,1,2026-07-08 05:00:00
1625,2022,review_request,Share your feedback,Please leave a review about your recent consultation.,1,2026-07-11 11:00:00
1626,2397,appointment_reminder,Upcoming appointment reminder,Your appointment is scheduled soon. Please don't forget to attend.,0,2026-07-25 13:00:00
1627,2046,appointment_confirmed,Appointment confirmed,Your appointment has been confirmed by the clinic.,0,2026-08-11 01:00:00
1628,2277,doctor_reply,Doctor replied,Your doctor has replied to your message.,1,2026-08-28 18:00:00
1629,1010,new_message,New message received,You have a new message in your consultation chat.,0,2026-07-13 12:00:00
1630,2047,appointment_confirmed,Appointment confirmed,Your appointment has been confirmed by the clinic.,0,2026-07-18 01:00:00
1631,2222,doctor_reply,Doctor replied,Your doctor has replied to your message.,1,2026-08-13 11:00:00
1632,2231,appointment_cancelled,Appointment cancelled,Your appointment has been cancelled. Please reschedule if needed.,1,2026-08-16 09:00:00
1633,2086,payment_received,Payment received,We have received your payment. Thank you.,1,2026-07-12 03:00:00
1634,2205,payment_received,Payment received,We have received your payment. Thank you.,1,2026-08-02 19:00:00
1635,2165,review_request,Share your feedback,Please leave a review about your recent consultation.,1,2026-08-15 04:00:00
1636,2375,payment_received,Payment received,We have received your payment. Thank you.,0,2026-07-13 18:00:00
1637,2079,appointment_confirmed,Appointment confirmed,Your appointment has been confirmed by the clinic.,0,2026-08-15 19:00:00
1638,1014,appointment_confirmed,Appointment confirmed,Your appointment has been confirmed by the clinic.,1,2026-07-10 12:00:00
1639,2188,review_request,Share your feedback,Please leave a review about your recent consultation.,0,2026-08-05 05:00:00
1640,1034,appointment_cancelled,Appointment cancelled,Your appointment has been cancelled. Please reschedule if needed.,1,2026-08-20 06:00:00
1641,2207,appointment_reminder,Upcoming appointment reminder,Your appointment is scheduled soon. Please don't forget to attend.,1,2026-08-25 04:00:00
1642,2184,doctor_reply,Doctor replied,Your doctor has replied to your message.,1,2026-08-28 13:00:00
1643,2068,appointment_cancelled,Appointment cancelled,Your appointment has been cancelled. Please reschedule if needed.,1,2026-08-07 07:00:00
1644,2391,review_request,Share your feedback,Please leave a review about your recent consultation.,1,2026-07-02 18:00:00
1645,2061,doctor_reply,Doctor replied,Your doctor has replied to your message.,1,2026-07-08 14:00:00
1646,2027,appointment_cancelled,Appointment cancelled,Your appointment has been cancelled. Please reschedule if needed.,1,2026-08-13 23:00:00
1647,2375,doctor_reply,Doctor replied,Your doctor has replied to your message.,0,2026-08-26 19:00:00
1648,2152,appointment_reminder,Upcoming appointment reminder,Your appointment is scheduled soon. Please don't forget to attend.,0,2026-08-07 09:00:00
1649,2146,new_message,New message received,You have a new message in your consultation chat.,0,2026-07-18 18:00:00
1650,2057,payment_received,Payment received,We have received your payment. Thank you.,0,2026-08-09 12:00:00
1651,2231,doctor_reply,Doctor replied,Your doctor has replied to your message.,1,2026-08-22 03:00:00
1652,2197,payment_received,Payment received,We have received your payment. Thank you.,1,2026-08-13 19:00:00
1653,2292,doctor_reply,Doctor replied,Your doctor has replied to your message.,1,2026-07-04 13:00:00
1654,2092,new_message,New message received,You have a new message in your consultation chat.,1,2026-07-16 22:00:00
1655,2272,doctor_reply,Doctor replied,Your doctor has replied to your message.,1,2026-07-23 16:00:00
1656,2010,appointment_cancelled,Appointment cancelled,Your appointment has been cancelled. Please reschedule if needed.,1,2026-07-08 03:00:00
1657,2244,appointment_cancelled,Appointment cancelled,Your appointment has been cancelled. Please reschedule if needed.,0,2026-08-31 21:00:00
1658,2197,appointment_cancelled,Appointment cancelled,Your appointment has been cancelled. Please reschedule if needed.,1,2026-07-13 08:00:00
1659,2041,payment_received,Payment received,We have received your payment. Thank you.,1,2026-08-22 23:00:00
1660,2290,doctor_reply,Doctor replied,Your doctor has replied to your message.,1,2026-07-11 09:00:00
1661,2230,new_message,New message received,You have a new message in your consultation chat.,0,2026-07-04 03:00:00
1662,2086,doctor_reply,Doctor replied,Your doctor has replied to your message.,1,2026-08-19 18:00:00
1663,2287,appointment_confirmed,Appointment confirmed,Your appointment has been confirmed by the clinic.,0,2026-07-20 15:00:00
1664,2367,review_request,Share your feedback,Please leave a review about your recent consultation.,0,2026-08-27 22:00:00
1665,2312,new_message,New message received,You have a new message in your consultation chat.,1,2026-07-08 20:00:00
1666,2206,payment_received,Payment received,We have received your payment. Thank you.,0,2026-07-15 15:00:00
1667,2087,system,System notification,There has been an update to your account or app settings.,1,2026-08-07 07:00:00
1668,2154,system,System notification,There has been an update to your account or app settings.,0,2026-08-12 11:00:00
1669,2180,appointment_reminder,Upcoming appointment reminder,Your appointment is scheduled soon. Please don't forget to attend.,0,2026-07-14 18:00:00
1670,2391,system,System notification,There has been an update to your account or app settings.,0,2026-08-19 04:00:00
1671,2055,system,System notification,There has been an update to your account or app settings.,1,2026-07-28 05:00:00
1672,2338,review_request,Share your feedback,Please leave a review about your recent consultation.,0,2026-07-02 12:00:00
1673,2327,new_message,New message received,You have a new message in your consultation chat.,1,2026-08-03 02:00:00
1674,1006,doctor_reply,Doctor replied,Your doctor has replied to your message.,1,2026-08-11 01:00:00
1675,2241,appointment_cancelled,Appointment cancelled,Your appointment has been cancelled. Please reschedule if needed.,0,2026-08-31 08:00:00
1676,2158,payment_received,Payment received,We have received your payment. Thank you.,1,2026-07-02 17:00:00
1677,2171,new_message,New message received,You have a new message in your consultation chat.,1,2026-07-26 22:00:00
1678,1007,review_request,Share your feedback,Please leave a review about your recent consultation.,1,2026-07-31 07:00:00
1679,2338,appointment_reminder,Upcoming appointment reminder,Your appointment is scheduled soon. Please don't forget to attend.,1,2026-08-14 18:00:00
1680,2271,appointment_reminder,Upcoming appointment reminder,Your appointment is scheduled soon. Please don't forget to attend.,0,2026-07-14 11:00:00
1681,1033,appointment_cancelled,Appointment cancelled,Your appointment has been cancelled. Please reschedule if needed.,1,2026-08-30 05:00:00
1682,2207,new_message,New message received,You have a new message in your consultation chat.,0,2026-07-13 11:00:00
1683,2114,review_request,Share your feedback,Please leave a review about your recent consultation.,1,2026-07-23 02:00:00
1684,2296,appointment_cancelled,Appointment cancelled,Your appointment has been cancelled. Please reschedule if needed.,1,2026-07-23 16:00:00
1685,2238,new_message,New message received,You have a new message in your consultation chat.,1,2026-08-02 03:00:00
1686,2336,doctor_reply,Doctor replied,Your doctor has replied to your message.,0,2026-08-21 22:00:00
1687,2078,payment_received,Payment received,We have received your payment. Thank you.,1,2026-07-26 16:00:00
1688,2063,review_request,Share your feedback,Please leave a review about your recent consultation.,1,2026-08-22 22:00:00
1689,2045,appointment_cancelled,Appointment cancelled,Your appointment has been cancelled. Please reschedule if needed.,1,2026-07-29 19:00:00
1690,1028,system,System notification,There has been an update to your account or app settings.,1,2026-07-23 13:00:00
1691,2033,doctor_reply,Doctor replied,Your doctor has replied to your message.,1,2026-08-24 18:00:00
1692,2311,doctor_reply,Doctor replied,Your doctor has replied to your message.,1,2026-07-21 23:00:00
1693,2304,system,System notification,There has been an update to your account or app settings.,1,2026-08-01 04:00:00
1694,1013,doctor_reply,Doctor replied,Your doctor has replied to your message.,0,2026-08-28 16:00:00
1695,2199,new_message,New message received,You have a new message in your consultation chat.,1,2026-07-28 13:00:00
1696,2299,new_message,New message received,You have a new message in your consultation chat.,1,2026-07-17 22:00:00
1697,2051,system,System notification,There has been an update to your account or app settings.,0,2026-07-04 21:00:00
1698,2123,new_message,New message received,You have a new message in your consultation chat.,0,2026-08-15 10:00:00
1699,2342,appointment_confirmed,Appointment confirmed,Your appointment has been confirmed by the clinic.,0,2026-08-09 03:00:00
1700,2325,appointment_confirmed,Appointment confirmed,Your appointment has been confirmed by the clinic.,0,2026-08-16 12:00:00
1701,2237,new_message,New message received,You have a new message in your consultation chat.,0,2026-08-12 18:00:00
1702,2092,system,System notification,There has been an update to your account or app settings.,0,2026-07-21 19:00:00
1703,1019,appointment_cancelled,Appointment cancelled,Your appointment has been cancelled. Please reschedule if needed.,1,2026-08-08 10:00:00
1704,2164,appointment_cancelled,Appointment cancelled,Your appointment has been cancelled. Please reschedule if needed.,1,2026-07-20 08:00:00
1705,2319,appointment_cancelled,Appointment cancelled,Your appointment has been cancelled. Please reschedule if needed.,1,2026-08-15 15:00:00
1706,2353,appointment_reminder,Upcoming appointment reminder,Your appointment is scheduled soon. Please don't forget to attend.,0,2026-08-15 06:00:00
1707,2306,new_message,New message received,You have a new message in your consultation chat.,0,2026-08-01 04:00:00
1708,2214,review_request,Share your feedback,Please leave a review about your recent consultation.,1,2026-07-24 20:00:00
1709,2263,doctor_reply,Doctor replied,Your doctor has replied to your message.,0,2026-07-05 19:00:00
1710,2103,appointment_confirmed,Appointment confirmed,Your appointment has been confirmed by the clinic.,0,2026-07-24 06:00:00
1711,2057,review_request,Share your feedback,Please leave a review about your recent consultation.,0,2026-07-30 16:00:00
1712,2195,review_request,Share your feedback,Please leave a review about your recent consultation.,1,2026-07-24 08:00:00
1713,2220,new_message,New message received,You have a new message in your consultation chat.,1,2026-07-06 08:00:00
1714,2059,payment_received,Payment received,We have received your payment. Thank you.,1,2026-07-21 16:00:00
1715,2012,review_request,Share your feedback,Please leave a review about your recent consultation.,0,2026-07-07 11:00:00
1716,2346,appointment_reminder,Upcoming appointment reminder,Your appointment is scheduled soon. Please don't forget to attend.,1,2026-07-29 10:00:00
1717,2109,system,System notification,There has been an update to your account or app settings.,1,2026-07-11 02:00:00
1718,2035,doctor_reply,Doctor replied,Your doctor has replied to your message.,1,2026-08-07 02:00:00
1719,2161,appointment_cancelled,Appointment cancelled,Your appointment has been cancelled. Please reschedule if needed.,0,2026-08-07 14:00:00
1720,2015,appointment_reminder,Upcoming appointment reminder,Your appointment is scheduled soon. Please don't forget to attend.,1,2026-07-26 20:00:00
1721,2268,new_message,New message received,You have a new message in your consultation chat.,0,2026-07-15 10:00:00
1722,1027,review_request,Share your feedback,Please leave a review about your recent consultation.,1,2026-08-27 15:00:00
1723,2060,new_message,New message received,You have a new message in your consultation chat.,1,2026-08-08 02:00:00
1724,2138,appointment_confirmed,Appointment confirmed,Your appointment has been confirmed by the clinic.,1,2026-08-17 09:00:00
1725,2103,doctor_reply,Doctor replied,Your doctor has replied to your message.,1,2026-08-10 17:00:00
1726,2027,appointment_cancelled,Appointment cancelled,Your appointment has been cancelled. Please reschedule if needed.,1,2026-08-22 20:00:00
1727,2307,doctor_reply,Doctor replied,Your doctor has replied to your message.,0,2026-08-22 03:00:00
1728,2312,new_message,New message received,You have a new message in your consultation chat.,1,2026-08-04 19:00:00
1729,2097,appointment_cancelled,Appointment cancelled,Your appointment has been cancelled. Please reschedule if needed.,1,2026-08-20 12:00:00
1730,2270,appointment_cancelled,Appointment cancelled,Your appointment has been cancelled. Please reschedule if needed.,0,2026-07-31 23:00:00
1731,2228,appointment_reminder,Upcoming appointment reminder,Your appointment is scheduled soon. Please don't forget to attend.,1,2026-08-17 21:00:00
1732,2340,doctor_reply,Doctor replied,Your doctor has replied to your message.,1,2026-08-03 02:00:00
1733,2193,appointment_cancelled,Appointment cancelled,Your appointment has been cancelled. Please reschedule if needed.,1,2026-07-05 08:00:00
1734,2245,appointment_cancelled,Appointment cancelled,Your appointment has been cancelled. Please reschedule if needed.,1,2026-07-18 21:00:00
1735,2268,doctor_reply,Doctor replied,Your doctor has replied to your message.,1,2026-07-02 05:00:00
1736,2143,review_request,Share your feedback,Please leave a review about your recent consultation.,1,2026-08-18 20:00:00
1737,2185,appointment_cancelled,Appointment cancelled,Your appointment has been cancelled. Please reschedule if needed.,1,2026-08-21 11:00:00
1738,2050,new_message,New message received,You have a new message in your consultation chat.,1,2026-07-11 01:00:00
1739,2390,payment_received,Payment received,We have received your payment. Thank you.,0,2026-07-18 12:00:00
1740,2058,new_message,New message received,You have a new message in your consultation chat.,0,2026-07-05 02:00:00
1741,1011,doctor_reply,Doctor replied,Your doctor has replied to your message.,0,2026-08-13 11:00:00
1742,2228,payment_received,Payment received,We have received your payment. Thank you.,1,2026-07-04 08:00:00
1743,2173,payment_received,Payment received,We have received your payment. Thank you.,0,2026-07-26 05:00:00
1744,2076,review_request,Share your feedback,Please leave a review about your recent consultation.,0,2026-08-11 21:00:00
1745,2039,doctor_reply,Doctor replied,Your doctor has replied to your message.,1,2026-07-31 18:00:00
1746,2177,new_message,New message received,You have a new message in your consultation chat.,1,2026-08-15 17:00:00
1747,2285,new_message,New message received,You have a new message in your consultation chat.,0,2026-08-07 16:00:00
1748,1002,review_request,Share your feedback,Please leave a review about your recent consultation.,0,2026-08-29 08:00:00
1749,1031,appointment_cancelled,Appointment cancelled,Your appointment has been cancelled. Please reschedule if needed.,1,2026-08-10 20:00:00
1750,2047,review_request,Share your feedback,Please leave a review about your recent consultation.,1,2026-08-07 16:00:00
1751,2137,doctor_reply,Doctor replied,Your doctor has replied to your message.,0,2026-07-26 01:00:00
1752,2382,system,System notification,There has been an update to your account or app settings.,0,2026-08-19 06:00:00
1753,2221,payment_received,Payment received,We have received your payment. Thank you.,1,2026-08-29 15:00:00
1754,2399,appointment_cancelled,Appointment cancelled,Your appointment has been cancelled. Please reschedule if needed.,1,2026-07-28 20:00:00
1755,2068,system,System notification,There has been an update to your account or app settings.,1,2026-08-01 10:00:00
1756,2126,system,System notification,There has been an update to your account or app settings.,1,2026-08-05 14:00:00
1757,2218,review_request,Share your feedback,Please leave a review about your recent consultation.,1,2026-08-02 06:00:00
1758,2267,system,System notification,There has been an update to your account or app settings.,1,2026-08-11 07:00:00
1759,2302,review_request,Share your feedback,Please leave a review about your recent consultation.,1,2026-07-07 09:00:00
1760,2225,appointment_reminder,Upcoming appointment reminder,Your appointment is scheduled soon. Please don't forget to attend.,0,2026-08-22 00:00:00
1761,2017,appointment_cancelled,Appointment cancelled,Your appointment has been cancelled. Please reschedule if needed.,0,2026-07-27 13:00:00
1762,2119,doctor_reply,Doctor replied,Your doctor has replied to your message.,1,2026-07-06 01:00:00
1763,2312,appointment_confirmed,Appointment confirmed,Your appointment has been confirmed by the clinic.,1,2026-07-08 03:00:00
1764,2254,new_message,New message received,You have a new message in your consultation chat.,0,2026-08-31 06:00:00
1765,2328,doctor_reply,Doctor replied,Your doctor has replied to your message.,1,2026-07-16 21:00:00
1766,2087,doctor_reply,Doctor replied,Your doctor has replied to your message.,1,2026-08-11 23:00:00
1767,2377,appointment_reminder,Upcoming appointment reminder,Your appointment is scheduled soon. Please don't forget to attend.,1,2026-08-07 08:00:00
1768,1031,appointment_confirmed,Appointment confirmed,Your appointment has been confirmed by the clinic.,0,2026-07-27 19:00:00
1769,1002,new_message,New message received,You have a new message in your consultation chat.,1,2026-08-15 16:00:00
1770,2085,review_request,Share your feedback,Please leave a review about your recent consultation.,1,2026-08-21 13:00:00
1771,2309,payment_received,Payment received,We have received your payment. Thank you.,0,2026-07-11 00:00:00
1772,2386,appointment_cancelled,Appointment cancelled,Your appointment has been cancelled. Please reschedule if needed.,1,2026-08-01 09:00:00
1773,2087,appointment_confirmed,Appointment confirmed,Your appointment has been confirmed by the clinic.,0,2026-08-17 12:00:00
1774,2214,appointment_reminder,Upcoming appointment reminder,Your appointment is scheduled soon. Please don't forget to attend.,1,2026-08-16 03:00:00
1775,2026,appointment_confirmed,Appointment confirmed,Your appointment has been confirmed by the clinic.,1,2026-07-02 14:00:00
1776,2237,system,System notification,There has been an update to your account or app settings.,1,2026-07-19 02:00:00
1777,2237,doctor_reply,Doctor replied,Your doctor has replied to your message.,0,2026-08-12 14:00:00
1778,2255,appointment_confirmed,Appointment confirmed,Your appointment has been confirmed by the clinic.,1,2026-08-17 02:00:00
1779,2338,review_request,Share your feedback,Please leave a review about your recent consultation.,1,2026-08-27 05:00:00
1780,2315,review_request,Share your feedback,Please leave a review about your recent consultation.,1,2026-07-03 15:00:00
1781,2282,new_message,New message received,You have a new message in your consultation chat.,1,2026-08-26 02:00:00
1782,2298,review_request,Share your feedback,Please leave a review about your recent consultation.,1,2026-08-23 15:00:00
1783,2131,appointment_reminder,Upcoming appointment reminder,Your appointment is scheduled soon. Please don't forget to attend.,0,2026-08-18 08:00:00
1784,2268,appointment_cancelled,Appointment cancelled,Your appointment has been cancelled. Please reschedule if needed.,1,2026-08-06 05:00:00
1785,2011,appointment_cancelled,Appointment cancelled,Your appointment has been cancelled. Please reschedule if needed.,0,2026-07-20 10:00:00
1786,2076,system,System notification,There has been an update to your account or app settings.,1,2026-08-25 05:00:00
1787,2275,payment_received,Payment received,We have received your payment. Thank you.,1,2026-08-02 00:00:00
1788,2108,payment_received,Payment received,We have received your payment. Thank you.,0,2026-07-11 20:00:00
1789,2278,appointment_confirmed,Appointment confirmed,Your appointment has been confirmed by the clinic.,1,2026-07-25 09:00:00
1790,2284,system,System notification,There has been an update to your account or app settings.,1,2026-07-26 22:00:00
1791,2113,new_message,New message received,You have a new message in your consultation chat.,1,2026-08-22 17:00:00
1792,2351,appointment_confirmed,Appointment confirmed,Your appointment has been confirmed by the clinic.,1,2026-08-28 17:00:00
1793,2373,payment_received,Payment received,We have received your payment. Thank you.,1,2026-07-12 05:00:00
1794,2061,appointment_reminder,Upcoming appointment reminder,Your appointment is scheduled soon. Please don't forget to attend.,1,2026-08-27 13:00:00
1795,2089,review_request,Share your feedback,Please leave a review about your recent consultation.,1,2026-07-29 23:00:00
1796,2301,system,System notification,There has been an update to your account or app settings.,0,2026-08-15 12:00:00
1797,2314,appointment_cancelled,Appointment cancelled,Your appointment has been cancelled. Please reschedule if needed.,1,2026-08-30 03:00:00
1798,2120,appointment_reminder,Upcoming appointment reminder,Your appointment is scheduled soon. Please don't forget to attend.,1,2026-07-03 05:00:00
1799,2139,doctor_reply,Doctor replied,Your doctor has replied to your message.,1,2026-07-22 17:00:00
1800,2353,appointment_confirmed,Appointment confirmed,Your appointment has been confirmed by the clinic.,1,2026-07-30 10:00:00
1801,2187,new_message,New message received,You have a new message in your consultation chat.,1,2026-08-28 06:00:00
1802,2312,appointment_confirmed,Appointment confirmed,Your appointment has been confirmed by the clinic.,1,2026-07-26 18:00:00
1803,2230,new_message,New message received,You have a new message in your consultation chat.,0,2026-08-07 23:00:00
1804,2091,appointment_cancelled,Appointment cancelled,Your appointment has been cancelled. Please reschedule if needed.,1,2026-07-15 02:00:00
1805,2216,payment_received,Payment received,We have received your payment. Thank you.,1,2026-07-22 07:00:00
1806,2105,system,System notification,There has been an update to your account or app settings.,0,2026-07-29 05:00:00
1807,2198,doctor_reply,Doctor replied,Your doctor has replied to your message.,1,2026-07-19 13:00:00
1808,2192,appointment_confirmed,Appointment confirmed,Your appointment has been confirmed by the clinic.,0,2026-08-16 17:00:00
1809,2107,system,System notification,There has been an update to your account or app settings.,0,2026-07-15 10:00:00
1810,2107,appointment_confirmed,Appointment confirmed,Your appointment has been confirmed by the clinic.,0,2026-08-11 18:00:00
1811,2339,appointment_cancelled,Appointment cancelled,Your appointment has been cancelled. Please reschedule if needed.,1,2026-07-07 09:00:00
1812,2124,appointment_reminder,Upcoming appointment reminder,Your appointment is scheduled soon. Please don't forget to attend.,1,2026-08-16 15:00:00
1813,2233,new_message,New message received,You have a new message in your consultation chat.,1,2026-08-08 05:00:00
1814,2317,new_message,New message received,You have a new message in your consultation chat.,0,2026-08-27 07:00:00
1815,2393,review_request,Share your feedback,Please leave a review about your recent consultation.,1,2026-08-22 05:00:00
1816,2335,appointment_confirmed,Appointment confirmed,Your appointment has been confirmed by the clinic.,1,2026-07-20 01:00:00
1817,2368,new_message,New message received,You have a new message in your consultation chat.,1,2026-07-20 12:00:00
1818,2261,system,System notification,There has been an update to your account or app settings.,0,2026-07-24 11:00:00
1819,1023,appointment_cancelled,Appointment cancelled,Your appointment has been cancelled. Please reschedule if needed.,0,2026-07-12 14:00:00
1820,2283,payment_received,Payment received,We have received your payment. Thank you.,0,2026-08-24 10:00:00
1821,2122,appointment_cancelled,Appointment cancelled,Your appointment has been cancelled. Please reschedule if needed.,1,2026-07-08 06:00:00
1822,2063,review_request,Share your feedback,Please leave a review about your recent consultation.,0,2026-08-14 09:00:00
1823,2380,review_request,Share your feedback,Please leave a review about your recent consultation.,0,2026-07-22 08:00:00
1824,1011,doctor_reply,Doctor replied,Your doctor has replied to your message.,1,2026-07-12 05:00:00
1825,2299,appointment_reminder,Upcoming appointment reminder,Your appointment is scheduled soon. Please don't forget to attend.,1,2026-07-13 06:00:00
1826,2268,system,System notification,There has been an update to your account or app settings.,0,2026-07-13 14:00:00
1827,2232,review_request,Share your feedback,Please leave a review about your recent consultation.,1,2026-08-28 18:00:00
1828,2036,appointment_cancelled,Appointment cancelled,Your appointment has been cancelled. Please reschedule if needed.,1,2026-07-13 00:00:00
1829,2049,appointment_confirmed,Appointment confirmed,Your appointment has been confirmed by the clinic.,1,2026-08-05 05:00:00
1830,2117,doctor_reply,Doctor replied,Your doctor has replied to your message.,0,2026-08-15 23:00:00
1831,2382,appointment_cancelled,Appointment cancelled,Your appointment has been cancelled. Please reschedule if needed.,0,2026-08-18 21:00:00
1832,2155,appointment_confirmed,Appointment confirmed,Your appointment has been confirmed by the clinic.,0,2026-08-10 20:00:00
1833,2306,appointment_reminder,Upcoming appointment reminder,Your appointment is scheduled soon. Please don't forget to attend.,0,2026-08-12 07:00:00
1834,2294,appointment_cancelled,Appointment cancelled,Your appointment has been cancelled. Please reschedule if needed.,1,2026-08-05 16:00:00
1835,2012,payment_received,Payment received,We have received your payment. Thank you.,1,2026-07-24 10:00:00
1836,2317,appointment_cancelled,Appointment cancelled,Your appointment has been cancelled. Please reschedule if needed.,1,2026-08-16 03:00:00
1837,2054,appointment_confirmed,Appointment confirmed,Your appointment has been confirmed by the clinic.,0,2026-07-21 13:00:00
1838,2279,new_message,New message received,You have a new message in your consultation chat.,1,2026-08-07 00:00:00
1839,2334,appointment_confirmed,Appointment confirmed,Your appointment has been confirmed by the clinic.,1,2026-07-22 03:00:00
1840,2164,appointment_cancelled,Appointment cancelled,Your appointment has been cancelled. Please reschedule if needed.,1,2026-08-17 12:00:00
1841,2236,appointment_reminder,Upcoming appointment reminder,Your appointment is scheduled soon. Please don't forget to attend.,0,2026-08-09 03:00:00
1842,2338,appointment_confirmed,Appointment confirmed,Your appointment has been confirmed by the clinic.,0,2026-08-15 19:00:00
1843,2043,new_message,New message received,You have a new message in your consultation chat.,0,2026-08-01 08:00:00
1844,2015,review_request,Share your feedback,Please leave a review about your recent consultation.,1,2026-08-17 12:00:00
1845,2282,doctor_reply,Doctor replied,Your doctor has replied to your message.,0,2026-08-06 18:00:00
1846,2124,system,System notification,There has been an update to your account or app settings.,1,2026-08-24 02:00:00
1847,2224,system,System notification,There has been an update to your account or app settings.,0,2026-07-05 11:00:00
1848,1007,payment_received,Payment received,We have received your payment. Thank you.,0,2026-08-06 01:00:00
1849,2353,doctor_reply,Doctor replied,Your doctor has replied to your message.,1,2026-07-02 05:00:00
1850,2384,appointment_confirmed,Appointment confirmed,Your appointment has been confirmed by the clinic.,1,2026-07-13 07:00:00
1851,2024,system,System notification,There has been an update to your account or app settings.,0,2026-08-11 03:00:00
1852,2341,appointment_confirmed,Appointment confirmed,Your appointment has been confirmed by the clinic.,1,2026-07-12 00:00:00
1853,2353,doctor_reply,Doctor replied,Your doctor has replied to your message.,1,2026-07-02 11:00:00
1854,2257,appointment_cancelled,Appointment cancelled,Your appointment has been cancelled. Please reschedule if needed.,0,2026-07-26 12:00:00
1855,2084,system,System notification,There has been an update to your account or app settings.,1,2026-07-31 17:00:00
1856,2273,appointment_confirmed,Appointment confirmed,Your appointment has been confirmed by the clinic.,1,2026-07-28 12:00:00
1857,2153,appointment_reminder,Upcoming appointment reminder,Your appointment is scheduled soon. Please don't forget to attend.,1,2026-07-11 08:00:00
1858,2016,appointment_confirmed,Appointment confirmed,Your appointment has been confirmed by the clinic.,1,2026-07-17 01:00:00
1859,2080,appointment_cancelled,Appointment cancelled,Your appointment has been cancelled. Please reschedule if needed.,1,2026-07-29 20:00:00
1860,2355,doctor_reply,Doctor replied,Your doctor has replied to your message.,1,2026-08-15 18:00:00
1861,2092,payment_received,Payment received,We have received your payment. Thank you.,1,2026-07-05 23:00:00
1862,2181,payment_received,Payment received,We have received your payment. Thank you.,1,2026-07-22 09:00:00
1863,2029,appointment_reminder,Upcoming appointment reminder,Your appointment is scheduled soon. Please don't forget to attend.,0,2026-07-29 01:00:00
1864,2233,appointment_confirmed,Appointment confirmed,Your appointment has been confirmed by the clinic.,1,2026-08-06 15:00:00
1865,2138,new_message,New message received,You have a new message in your consultation chat.,1,2026-07-20 11:00:00
1866,2052,appointment_reminder,Upcoming appointment reminder,Your appointment is scheduled soon. Please don't forget to attend.,0,2026-07-28 00:00:00
1867,2189,appointment_reminder,Upcoming appointment reminder,Your appointment is scheduled soon. Please don't forget to attend.,0,2026-07-18 14:00:00
1868,2051,review_request,Share your feedback,Please leave a review about your recent consultation.,0,2026-07-13 22:00:00
1869,2131,appointment_reminder,Upcoming appointment reminder,Your appointment is scheduled soon. Please don't forget to attend.,0,2026-08-31 12:00:00
1870,2169,new_message,New message received,You have a new message in your consultation chat.,1,2026-08-28 07:00:00
1871,2255,appointment_confirmed,Appointment confirmed,Your appointment has been confirmed by the clinic.,1,2026-08-29 06:00:00
1872,2347,payment_received,Payment received,We have received your payment. Thank you.,1,2026-08-04 03:00:00
1873,2257,appointment_cancelled,Appointment cancelled,Your appointment has been cancelled. Please reschedule if needed.,0,2026-08-31 03:00:00
1874,2161,appointment_reminder,Upcoming appointment reminder,Your appointment is scheduled soon. Please don't forget to attend.,1,2026-08-13 11:00:00
1875,2216,payment_received,Payment received,We have received your payment. Thank you.,0,2026-07-21 17:00:00
1876,2380,new_message,New message received,You have a new message in your consultation chat.,0,2026-07-09 05:00:00
1877,2285,review_request,Share your feedback,Please leave a review about your recent consultation.,0,2026-08-29 06:00:00
1878,2306,doctor_reply,Doctor replied,Your doctor has replied to your message.,1,2026-07-12 02:00:00
1879,2347,review_request,Share your feedback,Please leave a review about your recent consultation.,1,2026-07-17 16:00:00
1880,2254,payment_received,Payment received,We have received your payment. Thank you.,1,2026-08-17 00:00:00
1881,1034,system,System notification,There has been an update to your account or app settings.,0,2026-07-15 16:00:00
1882,2022,appointment_reminder,Upcoming appointment reminder,Your appointment is scheduled soon. Please don't forget to attend.,0,2026-08-19 04:00:00
1883,2107,appointment_cancelled,Appointment cancelled,Your appointment has been cancelled. Please reschedule if needed.,1,2026-07-03 19:00:00
1884,2190,appointment_confirmed,Appointment confirmed,Your appointment has been confirmed by the clinic.,1,2026-07-24 23:00:00
1885,1036,doctor_reply,Doctor replied,Your doctor has replied to your message.,1,2026-07-25 02:00:00
1886,2132,new_message,New message received,You have a new message in your consultation chat.,0,2026-08-28 02:00:00
1887,2042,appointment_reminder,Upcoming appointment reminder,Your appointment is scheduled soon. Please don't forget to attend.,1,2026-07-06 00:00:00
1888,2252,new_message,New message received,You have a new message in your consultation chat.,1,2026-07-13 13:00:00
1889,2263,doctor_reply,Doctor replied,Your doctor has replied to your message.,0,2026-08-12 01:00:00
1890,2248,payment_received,Payment received,We have received your payment. Thank you.,1,2026-07-14 09:00:00
1891,1008,system,System notification,There has been an update to your account or app settings.,1,2026-07-28 10:00:00
1892,2160,payment_received,Payment received,We have received your payment. Thank you.,0,2026-07-03 22:00:00
1893,2155,payment_received,Payment received,We have received your payment. Thank you.,0,2026-08-20 18:00:00
1894,2298,review_request,Share your feedback,Please leave a review about your recent consultation.,1,2026-07-27 12:00:00
1895,2060,appointment_reminder,Upcoming appointment reminder,Your appointment is scheduled soon. Please don't forget to attend.,1,2026-07-14 13:00:00
1896,2074,appointment_cancelled,Appointment cancelled,Your appointment has been cancelled. Please reschedule if needed.,0,2026-07-31 15:00:00
1897,2322,appointment_cancelled,Appointment cancelled,Your appointment has been cancelled. Please reschedule if needed.,0,2026-08-19 12:00:00
1898,2194,new_message,New message received,You have a new message in your consultation chat.,1,2026-07-07 17:00:00
1899,2224,review_request,Share your feedback,Please leave a review about your recent consultation.,0,2026-07-24 17:00:00
1900,2085,system,System notification,There has been an update to your account or app settings.,1,2026-07-14 11:00:00
1901,2321,new_message,New message received,You have a new message in your consultation chat.,0,2026-08-15 18:00:00
1902,2259,appointment_cancelled,Appointment cancelled,Your appointment has been cancelled. Please reschedule if needed.,0,2026-07-24 02:00:00
1903,2341,system,System notification,There has been an update to your account or app settings.,1,2026-08-18 12:00:00
1904,2155,new_message,New message received,You have a new message in your consultation chat.,1,2026-07-04 18:00:00
1905,2089,new_message,New message received,You have a new message in your consultation chat.,1,2026-07-24 17:00:00
1906,2056,appointment_confirmed,Appointment confirmed,Your appointment has been confirmed by the clinic.,0,2026-07-14 00:00:00
1907,2378,appointment_confirmed,Appointment confirmed,Your appointment has been confirmed by the clinic.,1,2026-08-16 08:00:00
1908,2114,doctor_reply,Doctor replied,Your doctor has replied to your message.,1,2026-08-31 00:00:00
1909,2358,payment_received,Payment received,We have received your payment. Thank you.,1,2026-07-27 15:00:00
1910,1004,appointment_cancelled,Appointment cancelled,Your appointment has been cancelled. Please reschedule if needed.,1,2026-08-30 22:00:00
1911,2324,appointment_reminder,Upcoming appointment reminder,Your appointment is scheduled soon. Please don't forget to attend.,1,2026-07-06 13:00:00
1912,2344,new_message,New message received,You have a new message in your consultation chat.,0,2026-08-27 22:00:00
1913,2239,doctor_reply,Doctor replied,Your doctor has replied to your message.,1,2026-08-10 07:00:00
1914,2312,appointment_cancelled,Appointment cancelled,Your appointment has been cancelled. Please reschedule if needed.,0,2026-08-18 00:00:00
1915,2254,new_message,New message received,You have a new message in your consultation chat.,0,2026-07-28 11:00:00
1916,2149,payment_received,Payment received,We have received your payment. Thank you.,1,2026-07-19 07:00:00
1917,2147,appointment_cancelled,Appointment cancelled,Your appointment has been cancelled. Please reschedule if needed.,1,2026-07-16 05:00:00
1918,2132,appointment_reminder,Upcoming appointment reminder,Your appointment is scheduled soon. Please don't forget to attend.,0,2026-07-04 16:00:00
1919,2260,appointment_confirmed,Appointment confirmed,Your appointment has been confirmed by the clinic.,0,2026-08-17 13:00:00
1920,2022,appointment_reminder,Upcoming appointment reminder,Your appointment is scheduled soon. Please don't forget to attend.,1,2026-07-18 10:00:00
1921,2134,review_request,Share your feedback,Please leave a review about your recent consultation.,1,2026-07-29 04:00:00
1922,2176,new_message,New message received,You have a new message in your consultation chat.,0,2026-08-27 20:00:00
1923,2127,appointment_confirmed,Appointment confirmed,Your appointment has been confirmed by the clinic.,1,2026-07-03 05:00:00
1924,2308,appointment_reminder,Upcoming appointment reminder,Your appointment is scheduled soon. Please don't forget to attend.,1,2026-08-22 11:00:00
1925,2239,appointment_cancelled,Appointment cancelled,Your appointment has been cancelled. Please reschedule if needed.,0,2026-07-19 17:00:00
1926,2178,appointment_confirmed,Appointment confirmed,Your appointment has been confirmed by the clinic.,1,2026-08-04 02:00:00
1927,2233,payment_received,Payment received,We have received your payment. Thank you.,0,2026-07-03 19:00:00
1928,2035,review_request,Share your feedback,Please leave a review about your recent consultation.,0,2026-08-31 07:00:00
1929,2153,appointment_confirmed,Appointment confirmed,Your appointment has been confirmed by the clinic.,0,2026-07-07 06:00:00
1930,2176,doctor_reply,Doctor replied,Your doctor has replied to your message.,0,2026-08-26 03:00:00
1931,2380,review_request,Share your feedback,Please leave a review about your recent consultation.,1,2026-07-28 10:00:00
1932,2099,appointment_confirmed,Appointment confirmed,Your appointment has been confirmed by the clinic.,0,2026-07-07 03:00:00
1933,2128,system,System notification,There has been an update to your account or app settings.,1,2026-07-18 21:00:00
1934,2167,doctor_reply,Doctor replied,Your doctor has replied to your message.,1,2026-07-09 01:00:00
1935,2292,appointment_cancelled,Appointment cancelled,Your appointment has been cancelled. Please reschedule if needed.,1,2026-08-03 09:00:00
1936,2137,new_message,New message received,You have a new message in your consultation chat.,1,2026-08-05 22:00:00
1937,2301,appointment_reminder,Upcoming appointment reminder,Your appointment is scheduled soon. Please don't forget to attend.,1,2026-08-08 07:00:00
1938,2082,system,System notification,There has been an update to your account or app settings.,0,2026-08-23 16:00:00
1939,2315,review_request,Share your feedback,Please leave a review about your recent consultation.,1,2026-07-10 06:00:00
1940,2200,appointment_cancelled,Appointment cancelled,Your appointment has been cancelled. Please reschedule if needed.,0,2026-08-21 02:00:00
1941,2047,review_request,Share your feedback,Please leave a review about your recent consultation.,1,2026-08-16 19:00:00
1942,2094,payment_received,Payment received,We have received your payment. Thank you.,0,2026-07-27 10:00:00
1943,2122,system,System notification,There has been an update to your account or app settings.,1,2026-07-25 06:00:00
1944,2284,doctor_reply,Doctor replied,Your doctor has replied to your message.,1,2026-07-24 15:00:00
1945,2170,system,System notification,There has been an update to your account or app settings.,1,2026-07-04 17:00:00
1946,2042,system,System notification,There has been an update to your account or app settings.,1,2026-07-26 03:00:00
1947,2143,appointment_confirmed,Appointment confirmed,Your appointment has been confirmed by the clinic.,1,2026-07-15 23:00:00
1948,2069,appointment_reminder,Upcoming appointment reminder,Your appointment is scheduled soon. Please don't forget to attend.,1,2026-07-26 07:00:00
1949,2281,new_message,New message received,You have a new message in your consultation chat.,1,2026-08-15 05:00:00
1950,1033,appointment_reminder,Upcoming appointment reminder,Your appointment is scheduled soon. Please don't forget to attend.,0,2026-08-24 07:00:00
1951,2282,new_message,New message received,You have a new message in your consultation chat.,0,2026-07-30 09:00:00
1952,2276,review_request,Share your feedback,Please leave a review about your recent consultation.,0,2026-08-30 19:00:00
1953,2258,doctor_reply,Doctor replied,Your doctor has replied to your message.,0,2026-08-17 06:00:00
1954,2086,review_request,Share your feedback,Please leave a review about your recent consultation.,1,2026-08-02 16:00:00
1955,2100,review_request,Share your feedback,Please leave a review about your recent consultation.,1,2026-07-09 15:00:00
1956,2320,doctor_reply,Doctor replied,Your doctor has replied to your message.,1,2026-08-08 16:00:00
1957,2368,new_message,New message received,You have a new message in your consultation chat.,1,2026-08-24 22:00:00
1958,2390,appointment_confirmed,Appointment confirmed,Your appointment has been confirmed by the clinic.,0,2026-08-25 14:00:00
1959,2215,appointment_reminder,Upcoming appointment reminder,Your appointment is scheduled soon. Please don't forget to attend.,0,2026-08-15 21:00:00
1960,2127,review_request,Share your feedback,Please leave a review about your recent consultation.,0,2026-07-06 21:00:00
1961,1010,review_request,Share your feedback,Please leave a review about your recent consultation.,0,2026-08-23 17:00:00
1962,2143,appointment_confirmed,Appointment confirmed,Your appointment has been confirmed by the clinic.,0,2026-07-05 10:00:00
1963,1032,appointment_confirmed,Appointment confirmed,Your appointment has been confirmed by the clinic.,1,2026-07-02 23:00:00
1964,2131,appointment_confirmed,Appointment confirmed,Your appointment has been confirmed by the clinic.,0,2026-07-12 04:00:00
1965,2318,new_message,New message received,You have a new message in your consultation chat.,0,2026-07-20 14:00:00
1966,2102,payment_received,Payment received,We have received your payment. Thank you.,1,2026-07-12 02:00:00
1967,2109,appointment_reminder,Upcoming appointment reminder,Your appointment is scheduled soon. Please don't forget to attend.,1,2026-07-11 13:00:00
1968,1017,doctor_reply,Doctor replied,Your doctor has replied to your message.,1,2026-08-27 15:00:00
1969,2108,appointment_confirmed,Appointment confirmed,Your appointment has been confirmed by the clinic.,1,2026-07-11 22:00:00
1970,2296,new_message,New message received,You have a new message in your consultation chat.,1,2026-08-27 01:00:00
1971,2386,appointment_reminder,Upcoming appointment reminder,Your appointment is scheduled soon. Please don't forget to attend.,1,2026-08-23 01:00:00
1972,2150,review_request,Share your feedback,Please leave a review about your recent consultation.,1,2026-07-17 00:00:00
1973,2354,appointment_cancelled,Appointment cancelled,Your appointment has been cancelled. Please reschedule if needed.,1,2026-08-07 14:00:00
1974,2289,appointment_reminder,Upcoming appointment reminder,Your appointment is scheduled soon. Please don't forget to attend.,0,2026-07-31 14:00:00
1975,2154,new_message,New message received,You have a new message in your consultation chat.,1,2026-08-21 15:00:00
1976,2099,new_message,New message received,You have a new message in your consultation chat.,0,2026-07-11 23:00:00
1977,2060,review_request,Share your feedback,Please leave a review about your recent consultation.,0,2026-07-17 15:00:00
1978,2112,new_message,New message received,You have a new message in your consultation chat.,1,2026-07-04 11:00:00
1979,2284,new_message,New message received,You have a new message in your consultation chat.,1,2026-07-27 08:00:00
1980,2310,payment_received,Payment received,We have received your payment. Thank you.,1,2026-07-05 08:00:00
1981,2190,review_request,Share your feedback,Please leave a review about your recent consultation.,1,2026-08-01 16:00:00
1982,2147,new_message,New message received,You have a new message in your consultation chat.,1,2026-07-22 09:00:00
1983,2001,new_message,New message received,You have a new message in your consultation chat.,0,2026-08-23 17:00:00
1984,2110,new_message,New message received,You have a new message in your consultation chat.,1,2026-07-23 06:00:00
1985,2238,appointment_confirmed,Appointment confirmed,Your appointment has been confirmed by the clinic.,1,2026-08-26 08:00:00
1986,2195,appointment_cancelled,Appointment cancelled,Your appointment has been cancelled. Please reschedule if needed.,1,2026-07-21 02:00:00
1987,2254,review_request,Share your feedback,Please leave a review about your recent consultation.,1,2026-07-07 13:00:00
1988,2136,doctor_reply,Doctor replied,Your doctor has replied to your message.,1,2026-07-12 15:00:00
1989,2096,appointment_cancelled,Appointment cancelled,Your appointment has been cancelled. Please reschedule if needed.,0,2026-07-06 18:00:00
1990,2315,review_request,Share your feedback,Please leave a review about your recent consultation.,1,2026-08-15 06:00:00
1991,2172,appointment_confirmed,Appointment confirmed,Your appointment has been confirmed by the clinic.,1,2026-07-06 03:00:00
1992,1009,doctor_reply,Doctor replied,Your doctor has replied to your message.,1,2026-08-09 00:00:00
1993,2005,review_request,Share your feedback,Please leave a review about your recent consultation.,1,2026-08-31 08:00:00
1994,2074,system,System notification,There has been an update to your account or app settings.,1,2026-07-11 11:00:00
1995,1006,appointment_confirmed,Appointment confirmed,Your appointment has been confirmed by the clinic.,1,2026-08-20 03:00:00
1996,1040,appointment_confirmed,Appointment confirmed,Your appointment has been confirmed by the clinic.,1,2026-07-17 06:00:00
1997,2008,payment_received,Payment received,We have received your payment. Thank you.,1,2026-07-14 14:00:00
1998,2314,payment_received,Payment received,We have received your payment. Thank you.,1,2026-07-04 01:00:00
1999,2252,payment_received,Payment received,We have received your payment. Thank you.,0,2026-08-02 08:00:00
2000,2102,appointment_reminder,Upcoming appointment reminder,Your appointment is scheduled soon. Please don't forget to attend.,1,2026-07-28 11:00:00
2001,2114,payment_received,Payment received,We have received your payment. Thank you.,0,2026-08-06 03:00:00
2002,2128,system,System notification,There has been an update to your account or app settings.,1,2026-07-09 16:00:00
2003,2388,new_message,New message received,You have a new message in your consultation chat.,1,2026-07-04 21:00:00
2004,1028,review_request,Share your feedback,Please leave a review about your recent consultation.,1,2026-08-22 15:00:00
2005,2376,system,System notification,There has been an update to your account or app settings.,0,2026-07-16 20:00:00
2006,2009,doctor_reply,Doctor replied,Your doctor has replied to your message.,1,2026-08-26 06:00:00
2007,2334,new_message,New message received,You have a new message in your consultation chat.,1,2026-08-11 11:00:00
2008,2344,payment_received,Payment received,We have received your payment. Thank you.,1,2026-07-22 23:00:00
2009,2058,new_message,New message received,You have a new message in your consultation chat.,0,2026-07-19 18:00:00
2010,2369,appointment_confirmed,Appointment confirmed,Your appointment has been confirmed by the clinic.,0,2026-08-28 07:00:00
2011,2198,doctor_reply,Doctor replied,Your doctor has replied to your message.,0,2026-07-26 17:00:00
2012,2275,new_message,New message received,You have a new message in your consultation chat.,1,2026-07-05 20:00:00
2013,2173,system,System notification,There has been an update to your account or app settings.,1,2026-07-11 13:00:00
2014,2019,appointment_reminder,Upcoming appointment reminder,Your appointment is scheduled soon. Please don't forget to attend.,1,2026-07-26 08:00:00
2015,2094,appointment_confirmed,Appointment confirmed,Your appointment has been confirmed by the clinic.,1,2026-07-23 14:00:00
2016,2272,appointment_reminder,Upcoming appointment reminder,Your appointment is scheduled soon. Please don't forget to attend.,1,2026-07-23 08:00:00
2017,2313,appointment_reminder,Upcoming appointment reminder,Your appointment is scheduled soon. Please don't forget to attend.,1,2026-07-23 02:00:00
2018,2169,new_message,New message received,You have a new message in your consultation chat.,1,2026-07-20 06:00:00
2019,2106,review_request,Share your feedback,Please leave a review about your recent consultation.,0,2026-08-19 02:00:00
2020,2078,doctor_reply,Doctor replied,Your doctor has replied to your message.,1,2026-08-09 13:00:00
2021,2010,appointment_confirmed,Appointment confirmed,Your appointment has been confirmed by the clinic.,1,2026-07-06 06:00:00
2022,2128,payment_received,Payment received,We have received your payment. Thank you.,1,2026-08-12 13:00:00
2023,2204,appointment_cancelled,Appointment cancelled,Your appointment has been cancelled. Please reschedule if needed.,0,2026-07-16 15:00:00
2024,2132,doctor_reply,Doctor replied,Your doctor has replied to your message.,1,2026-08-08 08:00:00
2025,2216,new_message,New message received,You have a new message in your consultation chat.,0,2026-08-23 14:00:00
2026,2263,new_message,New message received,You have a new message in your consultation chat.,0,2026-07-30 00:00:00
2027,2227,appointment_confirmed,Appointment confirmed,Your appointment has been confirmed by the clinic.,1,2026-08-21 13:00:00
2028,2095,appointment_cancelled,Appointment cancelled,Your appointment has been cancelled. Please reschedule if needed.,1,2026-07-26 08:00:00
2029,2084,appointment_reminder,Upcoming appointment reminder,Your appointment is scheduled soon. Please don't forget to attend.,1,2026-08-12 19:00:00
2030,2340,payment_received,Payment received,We have received your payment. Thank you.,1,2026-08-30 02:00:00
2031,2354,appointment_cancelled,Appointment cancelled,Your appointment has been cancelled. Please reschedule if needed.,1,2026-08-15 12:00:00
2032,2076,new_message,New message received,You have a new message in your consultation chat.,0,2026-08-11 08:00:00
2033,2007,appointment_reminder,Upcoming appointment reminder,Your appointment is scheduled soon. Please don't forget to attend.,0,2026-08-14 21:00:00
2034,2021,new_message,New message received,You have a new message in your consultation chat.,1,2026-07-20 23:00:00
2035,2043,appointment_confirmed,Appointment confirmed,Your appointment has been confirmed by the clinic.,1,2026-08-05 21:00:00
2036,2066,new_message,New message received,You have a new message in your consultation chat.,0,2026-08-24 12:00:00
2037,2030,doctor_reply,Doctor replied,Your doctor has replied to your message.,1,2026-07-19 19:00:00
2038,2310,payment_received,Payment received,We have received your payment. Thank you.,1,2026-08-12 16:00:00
2039,2331,system,System notification,There has been an update to your account or app settings.,0,2026-07-20 09:00:00
2040,2311,payment_received,Payment received,We have received your payment. Thank you.,1,2026-07-25 22:00:00
2041,2200,appointment_reminder,Upcoming appointment reminder,Your appointment is scheduled soon. Please don't forget to attend.,1,2026-07-22 11:00:00
2042,2076,appointment_cancelled,Appointment cancelled,Your appointment has been cancelled. Please reschedule if needed.,1,2026-07-30 23:00:00
2043,2018,payment_received,Payment received,We have received your payment. Thank you.,0,2026-08-04 09:00:00
2044,2023,doctor_reply,Doctor replied,Your doctor has replied to your message.,1,2026-08-11 10:00:00
2045,2118,review_request,Share your feedback,Please leave a review about your recent consultation.,1,2026-07-03 21:00:00
2046,2315,appointment_cancelled,Appointment cancelled,Your appointment has been cancelled. Please reschedule if needed.,0,2026-08-27 09:00:00
2047,2104,appointment_cancelled,Appointment cancelled,Your appointment has been cancelled. Please reschedule if needed.,1,2026-08-22 16:00:00
2048,2210,payment_received,Payment received,We have received your payment. Thank you.,0,2026-07-26 13:00:00
2049,2343,appointment_cancelled,Appointment cancelled,Your appointment has been cancelled. Please reschedule if needed.,1,2026-07-25 17:00:00
2050,2159,new_message,New message received,You have a new message in your consultation chat.,0,2026-08-30 00:00:00
2051,2081,new_message,New message received,You have a new message in your consultation chat.,0,2026-07-28 14:00:00
2052,2085,appointment_reminder,Upcoming appointment reminder,Your appointment is scheduled soon. Please don't forget to attend.,1,2026-08-08 13:00:00
2053,1033,new_message,New message received,You have a new message in your consultation chat.,0,2026-07-17 20:00:00
2054,2021,review_request,Share your feedback,Please leave a review about your recent consultation.,1,2026-08-23 19:00:00
2055,2161,review_request,Share your feedback,Please leave a review about your recent consultation.,1,2026-07-06 02:00:00
2056,1012,new_message,New message received,You have a new message in your consultation chat.,0,2026-08-13 00:00:00
2057,2334,payment_received,Payment received,We have received your payment. Thank you.,1,2026-08-06 12:00:00
2058,2340,review_request,Share your feedback,Please leave a review about your recent consultation.,1,2026-07-21 06:00:00
2059,2158,appointment_reminder,Upcoming appointment reminder,Your appointment is scheduled soon. Please don't forget to attend.,0,2026-08-28 12:00:00
2060,2082,appointment_confirmed,Appointment confirmed,Your appointment has been confirmed by the clinic.,1,2026-08-14 22:00:00
2061,2217,appointment_confirmed,Appointment confirmed,Your appointment has been confirmed by the clinic.,0,2026-07-12 04:00:00
2062,2315,payment_received,Payment received,We have received your payment. Thank you.,1,2026-07-28 12:00:00
2063,2136,appointment_cancelled,Appointment cancelled,Your appointment has been cancelled. Please reschedule if needed.,0,2026-07-13 11:00:00
2064,2031,review_request,Share your feedback,Please leave a review about your recent consultation.,1,2026-07-26 21:00:00
2065,2190,appointment_cancelled,Appointment cancelled,Your appointment has been cancelled. Please reschedule if needed.,0,2026-08-18 10:00:00
2066,2278,new_message,New message received,You have a new message in your consultation chat.,1,2026-08-31 18:00:00
2067,2133,review_request,Share your feedback,Please leave a review about your recent consultation.,1,2026-08-25 16:00:00
2068,2311,new_message,New message received,You have a new message in your consultation chat.,1,2026-07-05 04:00:00
2069,2086,new_message,New message received,You have a new message in your consultation chat.,0,2026-07-07 10:00:00
2070,2095,system,System notification,There has been an update to your account or app settings.,1,2026-08-02 06:00:00
2071,2224,payment_received,Payment received,We have received your payment. Thank you.,1,2026-08-19 15:00:00
2072,2023,new_message,New message received,You have a new message in your consultation chat.,0,2026-07-24 21:00:00
2073,2298,system,System notification,There has been an update to your account or app settings.,1,2026-07-06 17:00:00
2074,2180,system,System notification,There has been an update to your account or app settings.,1,2026-08-24 12:00:00
2075,2264,doctor_reply,Doctor replied,Your doctor has replied to your message.,1,2026-08-16 13:00:00
2076,1007,payment_received,Payment received,We have received your payment. Thank you.,1,2026-07-05 00:00:00
2077,2220,system,System notification,There has been an update to your account or app settings.,0,2026-08-13 14:00:00
2078,2174,payment_received,Payment received,We have received your payment. Thank you.,1,2026-08-30 02:00:00
2079,2266,system,System notification,There has been an update to your account or app settings.,1,2026-08-06 09:00:00
2080,2028,appointment_confirmed,Appointment confirmed,Your appointment has been confirmed by the clinic.,1,2026-07-05 09:00:00
2081,2147,appointment_reminder,Upcoming appointment reminder,Your appointment is scheduled soon. Please don't forget to attend.,1,2026-07-19 13:00:00
2082,2302,appointment_confirmed,Appointment confirmed,Your appointment has been confirmed by the clinic.,1,2026-07-23 14:00:00
2083,2372,payment_received,Payment received,We have received your payment. Thank you.,1,2026-08-07 05:00:00
2084,2300,appointment_cancelled,Appointment cancelled,Your appointment has been cancelled. Please reschedule if needed.,1,2026-07-05 15:00:00
2085,1025,system,System notification,There has been an update to your account or app settings.,0,2026-07-25 21:00:00
2086,2236,review_request,Share your feedback,Please leave a review about your recent consultation.,0,2026-07-29 02:00:00
2087,2130,doctor_reply,Doctor replied,Your doctor has replied to your message.,1,2026-07-10 22:00:00
2088,1025,payment_received,Payment received,We have received your payment. Thank you.,1,2026-08-23 21:00:00
2089,2259,review_request,Share your feedback,Please leave a review about your recent consultation.,0,2026-07-18 10:00:00
2090,2381,payment_received,Payment received,We have received your payment. Thank you.,1,2026-08-26 08:00:00
2091,2197,appointment_reminder,Upcoming appointment reminder,Your appointment is scheduled soon. Please don't forget to attend.,1,2026-08-19 04:00:00
2092,2101,payment_received,Payment received,We have received your payment. Thank you.,1,2026-07-29 16:00:00
2093,2371,appointment_cancelled,Appointment cancelled,Your appointment has been cancelled. Please reschedule if needed.,1,2026-07-25 15:00:00
2094,2175,appointment_reminder,Upcoming appointment reminder,Your appointment is scheduled soon. Please don't forget to attend.,1,2026-07-13 01:00:00
2095,2312,appointment_reminder,Upcoming appointment reminder,Your appointment is scheduled soon. Please don't forget to attend.,1,2026-08-13 14:00:00
2096,1036,appointment_reminder,Upcoming appointment reminder,Your appointment is scheduled soon. Please don't forget to attend.,0,2026-07-09 23:00:00
2097,2259,doctor_reply,Doctor replied,Your doctor has replied to your message.,0,2026-07-14 18:00:00
2098,2338,new_message,New message received,You have a new message in your consultation chat.,0,2026-08-24 06:00:00
2099,2296,appointment_cancelled,Appointment cancelled,Your appointment has been cancelled. Please reschedule if needed.,1,2026-07-27 02:00:00
2100,2060,appointment_confirmed,Appointment confirmed,Your appointment has been confirmed by the clinic.,0,2026-07-17 02:00:00
2101,2346,review_request,Share your feedback,Please leave a review about your recent consultation.,0,2026-07-02 22:00:00
2102,2241,new_message,New message received,You have a new message in your consultation chat.,1,2026-07-24 10:00:00
2103,2185,review_request,Share your feedback,Please leave a review about your recent consultation.,1,2026-08-12 05:00:00
2104,2322,payment_received,Payment received,We have received your payment. Thank you.,1,2026-07-31 06:00:00
2105,2231,doctor_reply,Doctor replied,Your doctor has replied to your message.,1,2026-08-07 07:00:00
2106,2166,system,System notification,There has been an update to your account or app settings.,0,2026-08-03 14:00:00
2107,2015,system,System notification,There has been an update to your account or app settings.,1,2026-08-01 14:00:00
2108,2151,new_message,New message received,You have a new message in your consultation chat.,0,2026-07-11 17:00:00
2109,2162,appointment_confirmed,Appointment confirmed,Your appointment has been confirmed by the clinic.,0,2026-07-05 17:00:00
2110,2085,system,System notification,There has been an update to your account or app settings.,1,2026-08-09 20:00:00
2111,2346,new_message,New message received,You have a new message in your consultation chat.,1,2026-08-19 14:00:00
2112,2196,appointment_reminder,Upcoming appointment reminder,Your appointment is scheduled soon. Please don't forget to attend.,1,2026-07-18 03:00:00
2113,2260,system,System notification,There has been an update to your account or app settings.,0,2026-08-18 15:00:00
2114,2355,appointment_cancelled,Appointment cancelled,Your appointment has been cancelled. Please reschedule if needed.,1,2026-08-10 01:00:00
2115,2173,review_request,Share your feedback,Please leave a review about your recent consultation.,1,2026-08-03 03:00:00
2116,2314,appointment_cancelled,Appointment cancelled,Your appointment has been cancelled. Please reschedule if needed.,1,2026-08-18 21:00:00
2117,2294,doctor_reply,Doctor replied,Your doctor has replied to your message.,1,2026-08-20 04:00:00
2118,2202,appointment_cancelled,Appointment cancelled,Your appointment has been cancelled. Please reschedule if needed.,1,2026-07-11 17:00:00
2119,2249,appointment_reminder,Upcoming appointment reminder,Your appointment is scheduled soon. Please don't forget to attend.,0,2026-08-24 06:00:00
2120,2293,system,System notification,There has been an update to your account or app settings.,0,2026-07-26 01:00:00
2121,2151,appointment_cancelled,Appointment cancelled,Your appointment has been cancelled. Please reschedule if needed.,1,2026-08-02 21:00:00
2122,2028,appointment_reminder,Upcoming appointment reminder,Your appointment is scheduled soon. Please don't forget to attend.,1,2026-07-11 01:00:00
2123,2190,appointment_cancelled,Appointment cancelled,Your appointment has been cancelled. Please reschedule if needed.,0,2026-08-24 12:00:00
2124,2394,new_message,New message received,You have a new message in your consultation chat.,1,2026-08-21 18:00:00
2125,1039,doctor_reply,Doctor replied,Your doctor has replied to your message.,0,2026-08-19 07:00:00
2126,2192,appointment_confirmed,Appointment confirmed,Your appointment has been confirmed by the clinic.,1,2026-08-20 07:00:00
2127,2289,new_message,New message received,You have a new message in your consultation chat.,1,2026-08-28 07:00:00
2128,2071,appointment_cancelled,Appointment cancelled,Your appointment has been cancelled. Please reschedule if needed.,1,2026-07-16 09:00:00
2129,2382,appointment_confirmed,Appointment confirmed,Your appointment has been confirmed by the clinic.,0,2026-08-18 13:00:00
2130,2018,appointment_reminder,Upcoming appointment reminder,Your appointment is scheduled soon. Please don't forget to attend.,0,2026-07-10 16:00:00
2131,2189,review_request,Share your feedback,Please leave a review about your recent consultation.,1,2026-08-04 01:00:00
2132,2338,system,System notification,There has been an update to your account or app settings.,0,2026-07-09 06:00:00
2133,2201,appointment_cancelled,Appointment cancelled,Your appointment has been cancelled. Please reschedule if needed.,1,2026-08-15 12:00:00
2134,2335,payment_received,Payment received,We have received your payment. Thank you.,0,2026-08-14 10:00:00
2135,1002,doctor_reply,Doctor replied,Your doctor has replied to your message.,1,2026-08-03 06:00:00
2136,2324,system,System notification,There has been an update to your account or app settings.,1,2026-08-03 00:00:00
2137,2346,review_request,Share your feedback,Please leave a review about your recent consultation.,1,2026-08-26 22:00:00
2138,2267,new_message,New message received,You have a new message in your consultation chat.,1,2026-07-02 22:00:00
2139,2213,appointment_confirmed,Appointment confirmed,Your appointment has been confirmed by the clinic.,1,2026-08-26 17:00:00
2140,2151,system,System notification,There has been an update to your account or app settings.,1,2026-08-08 04:00:00
2141,2390,appointment_reminder,Upcoming appointment reminder,Your appointment is scheduled soon. Please don't forget to attend.,0,2026-08-04 12:00:00
2142,2059,appointment_cancelled,Appointment cancelled,Your appointment has been cancelled. Please reschedule if needed.,1,2026-07-23 15:00:00
2143,2275,new_message,New message received,You have a new message in your consultation chat.,0,2026-08-22 03:00:00
2144,2125,review_request,Share your feedback,Please leave a review about your recent consultation.,1,2026-08-12 09:00:00
2145,2284,payment_received,Payment received,We have received your payment. Thank you.,1,2026-07-19 14:00:00
2146,2300,appointment_cancelled,Appointment cancelled,Your appointment has been cancelled. Please reschedule if needed.,1,2026-07-11 19:00:00
2147,2067,appointment_confirmed,Appointment confirmed,Your appointment has been confirmed by the clinic.,1,2026-08-23 02:00:00
2148,2036,appointment_confirmed,Appointment confirmed,Your appointment has been confirmed by the clinic.,1,2026-07-13 10:00:00
2149,2368,review_request,Share your feedback,Please leave a review about your recent consultation.,1,2026-07-31 14:00:00
2150,2209,system,System notification,There has been an update to your account or app settings.,1,2026-08-03 13:00:00
2151,2117,appointment_cancelled,Appointment cancelled,Your appointment has been cancelled. Please reschedule if needed.,1,2026-07-16 08:00:00
2152,2084,new_message,New message received,You have a new message in your consultation chat.,1,2026-07-13 15:00:00
2153,2361,appointment_reminder,Upcoming appointment reminder,Your appointment is scheduled soon. Please don't forget to attend.,1,2026-08-21 07:00:00
2154,2008,appointment_cancelled,Appointment cancelled,Your appointment has been cancelled. Please reschedule if needed.,1,2026-08-02 02:00:00
2155,2136,appointment_confirmed,Appointment confirmed,Your appointment has been confirmed by the clinic.,0,2026-07-31 17:00:00
2156,2209,appointment_confirmed,Appointment confirmed,Your appointment has been confirmed by the clinic.,1,2026-08-04 23:00:00
2157,2325,payment_received,Payment received,We have received your payment. Thank you.,1,2026-08-20 23:00:00
2158,2313,new_message,New message received,You have a new message in your consultation chat.,1,2026-08-11 22:00:00
2159,2044,doctor_reply,Doctor replied,Your doctor has replied to your message.,1,2026-08-14 09:00:00
2160,2310,appointment_cancelled,Appointment cancelled,Your appointment has been cancelled. Please reschedule if needed.,0,2026-07-28 17:00:00
2161,2036,appointment_cancelled,Appointment cancelled,Your appointment has been cancelled. Please reschedule if needed.,0,2026-07-07 17:00:00
2162,2234,system,System notification,There has been an update to your account or app settings.,1,2026-08-18 22:00:00
2163,2272,review_request,Share your feedback,Please leave a review about your recent consultation.,0,2026-07-04 00:00:00
2164,2331,new_message,New message received,You have a new message in your consultation chat.,0,2026-08-27 02:00:00
2165,2134,new_message,New message received,You have a new message in your consultation chat.,1,2026-08-12 03:00:00
2166,2036,system,System notification,There has been an update to your account or app settings.,0,2026-08-26 00:00:00
2167,2017,appointment_reminder,Upcoming appointment reminder,Your appointment is scheduled soon. Please don't forget to attend.,0,2026-07-28 10:00:00
2168,2243,appointment_reminder,Upcoming appointment reminder,Your appointment is scheduled soon. Please don't forget to attend.,0,2026-07-19 19:00:00
2169,2293,review_request,Share your feedback,Please leave a review about your recent consultation.,1,2026-08-07 00:00:00
2170,1033,new_message,New message received,You have a new message in your consultation chat.,1,2026-07-09 15:00:00
2171,2228,review_request,Share your feedback,Please leave a review about your recent consultation.,1,2026-08-10 05:00:00
2172,1035,doctor_reply,Doctor replied,Your doctor has replied to your message.,0,2026-08-21 11:00:00
2173,2039,system,System notification,There has been an update to your account or app settings.,1,2026-08-20 21:00:00
2174,2002,new_message,New message received,You have a new message in your consultation chat.,0,2026-08-13 19:00:00
2175,2242,appointment_cancelled,Appointment cancelled,Your appointment has been cancelled. Please reschedule if needed.,1,2026-08-14 21:00:00
2176,2134,appointment_reminder,Upcoming appointment reminder,Your appointment is scheduled soon. Please don't forget to attend.,0,2026-08-27 01:00:00
2177,2208,review_request,Share your feedback,Please leave a review about your recent consultation.,0,2026-08-31 19:00:00
2178,2072,payment_received,Payment received,We have received your payment. Thank you.,0,2026-08-26 03:00:00
2179,2235,new_message,New message received,You have a new message in your consultation chat.,1,2026-07-25 07:00:00
2180,2328,appointment_cancelled,Appointment cancelled,Your appointment has been cancelled. Please reschedule if needed.,1,2026-07-06 07:00:00
2181,2224,doctor_reply,Doctor replied,Your doctor has replied to your message.,1,2026-07-04 06:00:00
2182,2022,appointment_reminder,Upcoming appointment reminder,Your appointment is scheduled soon. Please don't forget to attend.,0,2026-08-01 09:00:00
2183,2062,new_message,New message received,You have a new message in your consultation chat.,1,2026-07-20 17:00:00
2184,2070,review_request,Share your feedback,Please leave a review about your recent consultation.,1,2026-07-20 23:00:00
2185,2333,new_message,New message received,You have a new message in your consultation chat.,1,2026-08-24 13:00:00
2186,2170,appointment_reminder,Upcoming appointment reminder,Your appointment is scheduled soon. Please don't forget to attend.,1,2026-08-09 16:00:00
2187,2088,system,System notification,There has been an update to your account or app settings.,1,2026-07-29 15:00:00
2188,2246,system,System notification,There has been an update to your account or app settings.,0,2026-07-24 08:00:00
2189,2300,appointment_cancelled,Appointment cancelled,Your appointment has been cancelled. Please reschedule if needed.,1,2026-07-30 14:00:00
2190,2144,appointment_confirmed,Appointment confirmed,Your appointment has been confirmed by the clinic.,1,2026-07-12 21:00:00
2191,2310,new_message,New message received,You have a new message in your consultation chat.,1,2026-07-16 12:00:00
2192,2099,doctor_reply,Doctor replied,Your doctor has replied to your message.,0,2026-08-18 00:00:00
2193,2008,new_message,New message received,You have a new message in your consultation chat.,1,2026-08-06 07:00:00
2194,2214,doctor_reply,Doctor replied,Your doctor has replied to your message.,1,2026-07-29 14:00:00
2195,2032,new_message,New message received,You have a new message in your consultation chat.,1,2026-08-04 03:00:00
2196,2238,appointment_confirmed,Appointment confirmed,Your appointment has been confirmed by the clinic.,1,2026-08-28 01:00:00
2197,2054,appointment_cancelled,Appointment cancelled,Your appointment has been cancelled. Please reschedule if needed.,1,2026-07-06 07:00:00
2198,2095,review_request,Share your feedback,Please leave a review about your recent consultation.,1,2026-08-21 05:00:00
2199,2392,doctor_reply,Doctor replied,Your doctor has replied to your message.,1,2026-07-13 09:00:00
2200,2083,payment_received,Payment received,We have received your payment. Thank you.,0,2026-07-24 11:00:00
2201,2334,appointment_reminder,Upcoming appointment reminder,Your appointment is scheduled soon. Please don't forget to attend.,1,2026-08-21 02:00:00
2202,2247,system,System notification,There has been an update to your account or app settings.,1,2026-07-22 14:00:00
2203,2072,appointment_reminder,Upcoming appointment reminder,Your appointment is scheduled soon. Please don't forget to attend.,1,2026-08-05 03:00:00
2204,2103,appointment_confirmed,Appointment confirmed,Your appointment has been confirmed by the clinic.,1,2026-07-23 19:00:00
2205,2090,new_message,New message received,You have a new message in your consultation chat.,0,2026-08-08 22:00:00
2206,2230,new_message,New message received,You have a new message in your consultation chat.,1,2026-07-18 17:00:00
2207,2105,doctor_reply,Doctor replied,Your doctor has replied to your message.,1,2026-07-06 05:00:00
2208,2395,payment_received,Payment received,We have received your payment. Thank you.,1,2026-07-30 06:00:00
2209,2243,payment_received,Payment received,We have received your payment. Thank you.,1,2026-07-26 20:00:00
2210,1024,appointment_confirmed,Appointment confirmed,Your appointment has been confirmed by the clinic.,1,2026-08-24 19:00:00
2211,2211,doctor_reply,Doctor replied,Your doctor has replied to your message.,1,2026-07-15 13:00:00
2212,2070,new_message,New message received,You have a new message in your consultation chat.,1,2026-08-02 12:00:00
2213,1037,new_message,New message received,You have a new message in your consultation chat.,1,2026-07-17 08:00:00
2214,2029,new_message,New message received,You have a new message in your consultation chat.,0,2026-08-25 12:00:00
2215,2302,system,System notification,There has been an update to your account or app settings.,1,2026-08-12 16:00:00
2216,2293,appointment_confirmed,Appointment confirmed,Your appointment has been confirmed by the clinic.,1,2026-08-07 21:00:00
2217,2173,new_message,New message received,You have a new message in your consultation chat.,1,2026-08-16 11:00:00
2218,2099,system,System notification,There has been an update to your account or app settings.,0,2026-08-14 17:00:00
2219,2209,system,System notification,There has been an update to your account or app settings.,1,2026-07-18 21:00:00
2220,2291,appointment_cancelled,Appointment cancelled,Your appointment has been cancelled. Please reschedule if needed.,0,2026-08-23 14:00:00
2221,2282,doctor_reply,Doctor replied,Your doctor has replied to your message.,1,2026-08-17 18:00:00
2222,2142,doctor_reply,Doctor replied,Your doctor has replied to your message.,0,2026-07-25 07:00:00
2223,2189,payment_received,Payment received,We have received your payment. Thank you.,0,2026-08-08 10:00:00
2224,2057,appointment_reminder,Upcoming appointment reminder,Your appointment is scheduled soon. Please don't forget to attend.,0,2026-08-25 00:00:00
2225,2330,payment_received,Payment received,We have received your payment. Thank you.,1,2026-08-16 01:00:00
2226,2287,payment_received,Payment received,We have received your payment. Thank you.,1,2026-08-03 19:00:00
2227,2377,payment_received,Payment received,We have received your payment. Thank you.,0,2026-08-12 11:00:00
2228,2092,appointment_reminder,Upcoming appointment reminder,Your appointment is scheduled soon. Please don't forget to attend.,1,2026-08-18 11:00:00
2229,2061,system,System notification,There has been an update to your account or app settings.,1,2026-08-14 17:00:00
2230,2158,appointment_cancelled,Appointment cancelled,Your appointment has been cancelled. Please reschedule if needed.,1,2026-08-29 16:00:00
2231,2218,review_request,Share your feedback,Please leave a review about your recent consultation.,1,2026-07-13 15:00:00
2232,2097,appointment_reminder,Upcoming appointment reminder,Your appointment is scheduled soon. Please don't forget to attend.,0,2026-07-25 22:00:00
2233,2038,review_request,Share your feedback,Please leave a review about your recent consultation.,1,2026-07-11 21:00:00
2234,1023,doctor_reply,Doctor replied,Your doctor has replied to your message.,1,2026-07-12 12:00:00
2235,2143,appointment_confirmed,Appointment confirmed,Your appointment has been confirmed by the clinic.,1,2026-07-23 15:00:00
2236,2204,review_request,Share your feedback,Please leave a review about your recent consultation.,0,2026-08-10 16:00:00
2237,1001,appointment_cancelled,Appointment cancelled,Your appointment has been cancelled. Please reschedule if needed.,1,2026-07-30 22:00:00
2238,2039,new_message,New message received,You have a new message in your consultation chat.,1,2026-08-20 20:00:00
2239,2196,appointment_cancelled,Appointment cancelled,Your appointment has been cancelled. Please reschedule if needed.,0,2026-07-09 23:00:00
2240,2098,appointment_cancelled,Appointment cancelled,Your appointment has been cancelled. Please reschedule if needed.,1,2026-08-08 04:00:00
2241,2237,system,System notification,There has been an update to your account or app settings.,1,2026-07-05 11:00:00
2242,2091,appointment_confirmed,Appointment confirmed,Your appointment has been confirmed by the clinic.,0,2026-08-02 05:00:00
2243,2282,doctor_reply,Doctor replied,Your doctor has replied to your message.,1,2026-08-21 12:00:00
2244,2328,doctor_reply,Doctor replied,Your doctor has replied to your message.,0,2026-07-17 22:00:00
2245,2204,appointment_confirmed,Appointment confirmed,Your appointment has been confirmed by the clinic.,1,2026-08-13 08:00:00
2246,2324,appointment_confirmed,Appointment confirmed,Your appointment has been confirmed by the clinic.,0,2026-07-20 20:00:00
2247,2277,doctor_reply,Doctor replied,Your doctor has replied to your message.,1,2026-08-29 15:00:00
2248,2134,payment_received,Payment received,We have received your payment. Thank you.,0,2026-08-20 08:00:00
2249,2310,new_message,New message received,You have a new message in your consultation chat.,1,2026-07-24 16:00:00
2250,2340,appointment_confirmed,Appointment confirmed,Your appointment has been confirmed by the clinic.,1,2026-07-22 05:00:00
2251,2261,system,System notification,There has been an update to your account or app settings.,0,2026-08-16 20:00:00
2252,2249,doctor_reply,Doctor replied,Your doctor has replied to your message.,1,2026-08-28 14:00:00
2253,2037,appointment_cancelled,Appointment cancelled,Your appointment has been cancelled. Please reschedule if needed.,0,2026-07-18 21:00:00
2254,1008,payment_received,Payment received,We have received your payment. Thank you.,0,2026-07-23 17:00:00
2255,2221,appointment_confirmed,Appointment confirmed,Your appointment has been confirmed by the clinic.,0,2026-07-04 05:00:00
2256,2058,appointment_confirmed,Appointment confirmed,Your appointment has been confirmed by the clinic.,0,2026-08-13 00:00:00
2257,2105,appointment_cancelled,Appointment cancelled,Your appointment has been cancelled. Please reschedule if needed.,1,2026-08-01 07:00:00
2258,2097,new_message,New message received,You have a new message in your consultation chat.,1,2026-07-13 12:00:00
2259,2178,appointment_reminder,Upcoming appointment reminder,Your appointment is scheduled soon. Please don't forget to attend.,1,2026-08-28 09:00:00
2260,2165,new_message,New message received,You have a new message in your consultation chat.,1,2026-08-26 07:00:00
2261,1037,appointment_cancelled,Appointment cancelled,Your appointment has been cancelled. Please reschedule if needed.,1,2026-07-18 21:00:00
2262,2164,appointment_reminder,Upcoming appointment reminder,Your appointment is scheduled soon. Please don't forget to attend.,0,2026-08-27 08:00:00
2263,2200,doctor_reply,Doctor replied,Your doctor has replied to your message.,1,2026-08-02 06:00:00
2264,2211,system,System notification,There has been an update to your account or app settings.,1,2026-08-29 10:00:00
2265,2216,appointment_cancelled,Appointment cancelled,Your appointment has been cancelled. Please reschedule if needed.,0,2026-08-25 22:00:00
2266,2072,new_message,New message received,You have a new message in your consultation chat.,0,2026-07-05 12:00:00
2267,2323,appointment_confirmed,Appointment confirmed,Your appointment has been confirmed by the clinic.,0,2026-08-21 22:00:00
2268,2199,doctor_reply,Doctor replied,Your doctor has replied to your message.,1,2026-08-19 07:00:00
2269,2061,system,System notification,There has been an update to your account or app settings.,1,2026-08-06 23:00:00
2270,2302,system,System notification,There has been an update to your account or app settings.,1,2026-07-18 19:00:00
2271,2220,new_message,New message received,You have a new message in your consultation chat.,0,2026-08-26 01:00:00
2272,2379,doctor_reply,Doctor replied,Your doctor has replied to your message.,1,2026-08-04 05:00:00
2273,2054,review_request,Share your feedback,Please leave a review about your recent consultation.,1,2026-08-14 07:00:00
2274,2365,appointment_reminder,Upcoming appointment reminder,Your appointment is scheduled soon. Please don't forget to attend.,0,2026-08-11 06:00:00
2275,1005,payment_received,Payment received,We have received your payment. Thank you.,1,2026-08-29 15:00:00
2276,2235,new_message,New message received,You have a new message in your consultation chat.,1,2026-07-09 10:00:00
2277,2009,payment_received,Payment received,We have received your payment. Thank you.,0,2026-08-11 14:00:00
2278,2065,appointment_confirmed,Appointment confirmed,Your appointment has been confirmed by the clinic.,1,2026-08-08 10:00:00
2279,2070,new_message,New message received,You have a new message in your consultation chat.,0,2026-08-03 08:00:00
2280,1022,review_request,Share your feedback,Please leave a review about your recent consultation.,0,2026-07-29 12:00:00
2281,2290,appointment_confirmed,Appointment confirmed,Your appointment has been confirmed by the clinic.,1,2026-08-26 22:00:00
2282,2291,payment_received,Payment received,We have received your payment. Thank you.,0,2026-07-29 23:00:00
2283,2012,review_request,Share your feedback,Please leave a review about your recent consultation.,1,2026-07-17 17:00:00
2284,1002,appointment_confirmed,Appointment confirmed,Your appointment has been confirmed by the clinic.,1,2026-07-14 15:00:00
2285,2166,appointment_cancelled,Appointment cancelled,Your appointment has been cancelled. Please reschedule if needed.,1,2026-08-29 09:00:00
2286,1023,payment_received,Payment received,We have received your payment. Thank you.,1,2026-07-19 23:00:00
2287,2223,system,System notification,There has been an update to your account or app settings.,0,2026-07-07 15:00:00
2288,2035,system,System notification,There has been an update to your account or app settings.,0,2026-08-12 12:00:00
2289,2168,appointment_cancelled,Appointment cancelled,Your appointment has been cancelled. Please reschedule if needed.,1,2026-07-16 05:00:00
2290,2023,new_message,New message received,You have a new message in your consultation chat.,1,2026-08-24 23:00:00
2291,2213,system,System notification,There has been an update to your account or app settings.,0,2026-07-15 11:00:00
2292,2280,appointment_confirmed,Appointment confirmed,Your appointment has been confirmed by the clinic.,1,2026-08-26 22:00:00
2293,2138,appointment_cancelled,Appointment cancelled,Your appointment has been cancelled. Please reschedule if needed.,0,2026-07-18 11:00:00
2294,2178,system,System notification,There has been an update to your account or app settings.,1,2026-08-18 09:00:00
2295,2198,review_request,Share your feedback,Please leave a review about your recent consultation.,0,2026-07-06 02:00:00
2296,2366,doctor_reply,Doctor replied,Your doctor has replied to your message.,1,2026-08-17 00:00:00
2297,2385,appointment_reminder,Upcoming appointment reminder,Your appointment is scheduled soon. Please don't forget to attend.,0,2026-07-07 18:00:00
2298,2260,system,System notification,There has been an update to your account or app settings.,1,2026-08-22 18:00:00
2299,2229,system,System notification,There has been an update to your account or app settings.,0,2026-08-06 08:00:00
2300,2233,appointment_confirmed,Appointment confirmed,Your appointment has been confirmed by the clinic.,1,2026-08-14 20:00:00
2301,2181,system,System notification,There has been an update to your account or app settings.,1,2026-07-20 05:00:00
2302,2340,new_message,New message received,You have a new message in your consultation chat.,0,2026-07-04 20:00:00
2303,1019,system,System notification,There has been an update to your account or app settings.,0,2026-08-28 03:00:00
2304,2301,system,System notification,There has been an update to your account or app settings.,1,2026-08-11 14:00:00
2305,1019,system,System notification,There has been an update to your account or app settings.,1,2026-08-12 09:00:00
2306,2308,doctor_reply,Doctor replied,Your doctor has replied to your message.,0,2026-07-21 12:00:00
2307,2383,new_message,New message received,You have a new message in your consultation chat.,1,2026-07-13 05:00:00
2308,2127,doctor_reply,Doctor replied,Your doctor has replied to your message.,1,2026-07-16 14:00:00
2309,1039,payment_received,Payment received,We have received your payment. Thank you.,0,2026-07-10 14:00:00
2310,2113,appointment_cancelled,Appointment cancelled,Your appointment has been cancelled. Please reschedule if needed.,1,2026-07-30 00:00:00
2311,2322,appointment_confirmed,Appointment confirmed,Your appointment has been confirmed by the clinic.,0,2026-07-30 09:00:00
2312,2209,appointment_confirmed,Appointment confirmed,Your appointment has been confirmed by the clinic.,0,2026-07-07 00:00:00
2313,2081,appointment_confirmed,Appointment confirmed,Your appointment has been confirmed by the clinic.,1,2026-08-28 15:00:00
2314,2079,review_request,Share your feedback,Please leave a review about your recent consultation.,1,2026-08-21 15:00:00
2315,2169,appointment_cancelled,Appointment cancelled,Your appointment has been cancelled. Please reschedule if needed.,1,2026-07-22 16:00:00
2316,2315,appointment_confirmed,Appointment confirmed,Your appointment has been confirmed by the clinic.,1,2026-08-27 17:00:00
2317,2300,appointment_confirmed,Appointment confirmed,Your appointment has been confirmed by the clinic.,0,2026-07-26 22:00:00
2318,2011,new_message,New message received,You have a new message in your consultation chat.,1,2026-07-06 10:00:00
2319,2252,appointment_reminder,Upcoming appointment reminder,Your appointment is scheduled soon. Please don't forget to attend.,1,2026-08-04 20:00:00
2320,1005,new_message,New message received,You have a new message in your consultation chat.,1,2026-07-26 10:00:00
2321,2190,appointment_reminder,Upcoming appointment reminder,Your appointment is scheduled soon. Please don't forget to attend.,1,2026-07-08 21:00:00
2322,2051,appointment_confirmed,Appointment confirmed,Your appointment has been confirmed by the clinic.,0,2026-08-03 19:00:00
2323,2288,system,System notification,There has been an update to your account or app settings.,0,2026-08-20 06:00:00
2324,1039,review_request,Share your feedback,Please leave a review about your recent consultation.,1,2026-07-13 22:00:00
2325,2268,appointment_reminder,Upcoming appointment reminder,Your appointment is scheduled soon. Please don't forget to attend.,1,2026-07-13 11:00:00
2326,2337,review_request,Share your feedback,Please leave a review about your recent consultation.,1,2026-08-16 12:00:00
2327,1036,appointment_reminder,Upcoming appointment reminder,Your appointment is scheduled soon. Please don't forget to attend.,1,2026-07-19 19:00:00
2328,2064,appointment_confirmed,Appointment confirmed,Your appointment has been confirmed by the clinic.,1,2026-08-04 03:00:00
2329,2317,appointment_reminder,Upcoming appointment reminder,Your appointment is scheduled soon. Please don't forget to attend.,1,2026-07-13 17:00:00
2330,2303,system,System notification,There has been an update to your account or app settings.,1,2026-08-11 17:00:00
2331,2225,appointment_reminder,Upcoming appointment reminder,Your appointment is scheduled soon. Please don't forget to attend.,0,2026-07-26 14:00:00
2332,1023,system,System notification,There has been an update to your account or app settings.,1,2026-08-02 07:00:00
2333,2056,new_message,New message received,You have a new message in your consultation chat.,1,2026-07-06 17:00:00
2334,2062,system,System notification,There has been an update to your account or app settings.,0,2026-08-23 13:00:00
2335,2245,review_request,Share your feedback,Please leave a review about your recent consultation.,1,2026-07-22 02:00:00
2336,2058,appointment_cancelled,Appointment cancelled,Your appointment has been cancelled. Please reschedule if needed.,1,2026-08-15 15:00:00
2337,2117,payment_received,Payment received,We have received your payment. Thank you.,1,2026-08-04 13:00:00
2338,2265,appointment_confirmed,Appointment confirmed,Your appointment has been confirmed by the clinic.,0,2026-07-31 13:00:00
2339,2364,review_request,Share your feedback,Please leave a review about your recent consultation.,1,2026-07-10 01:00:00
2340,2360,system,System notification,There has been an update to your account or app settings.,1,2026-07-18 18:00:00
2341,2255,appointment_reminder,Upcoming appointment reminder,Your appointment is scheduled soon. Please don't forget to attend.,1,2026-07-25 13:00:00
2342,1036,appointment_cancelled,Appointment cancelled,Your appointment has been cancelled. Please reschedule if needed.,1,2026-08-01 23:00:00
2343,2171,appointment_reminder,Upcoming appointment reminder,Your appointment is scheduled soon. Please don't forget to attend.,1,2026-08-19 10:00:00
2344,2151,new_message,New message received,You have a new message in your consultation chat.,1,2026-08-03 09:00:00
2345,2208,appointment_confirmed,Appointment confirmed,Your appointment has been confirmed by the clinic.,1,2026-07-10 01:00:00
2346,2270,appointment_reminder,Upcoming appointment reminder,Your appointment is scheduled soon. Please don't forget to attend.,1,2026-07-12 17:00:00
2347,2381,system,System notification,There has been an update to your account or app settings.,0,2026-07-16 04:00:00
2348,2154,system,System notification,There has been an update to your account or app settings.,0,2026-07-07 05:00:00
2349,2331,appointment_confirmed,Appointment confirmed,Your appointment has been confirmed by the clinic.,1,2026-07-28 14:00:00
2350,2312,appointment_confirmed,Appointment confirmed,Your appointment has been confirmed by the clinic.,1,2026-07-06 19:00:00
2351,2122,new_message,New message received,You have a new message in your consultation chat.,1,2026-07-17 19:00:00
2352,2072,appointment_confirmed,Appointment confirmed,Your appointment has been confirmed by the clinic.,1,2026-07-16 01:00:00
2353,2274,new_message,New message received,You have a new message in your consultation chat.,1,2026-08-08 14:00:00
2354,2227,review_request,Share your feedback,Please leave a review about your recent consultation.,0,2026-07-15 00:00:00
2355,2161,appointment_cancelled,Appointment cancelled,Your appointment has been cancelled. Please reschedule if needed.,1,2026-07-28 11:00:00
2356,2269,doctor_reply,Doctor replied,Your doctor has replied to your message.,1,2026-08-14 01:00:00
2357,2075,appointment_reminder,Upcoming appointment reminder,Your appointment is scheduled soon. Please don't forget to attend.,1,2026-08-31 10:00:00
2358,2335,appointment_cancelled,Appointment cancelled,Your appointment has been cancelled. Please reschedule if needed.,1,2026-08-16 12:00:00
2359,2185,appointment_cancelled,Appointment cancelled,Your appointment has been cancelled. Please reschedule if needed.,1,2026-08-15 03:00:00
2360,2219,review_request,Share your feedback,Please leave a review about your recent consultation.,1,2026-07-12 02:00:00
2361,1015,appointment_confirmed,Appointment confirmed,Your appointment has been confirmed by the clinic.,0,2026-07-09 12:00:00
2362,2374,payment_received,Payment received,We have received your payment. Thank you.,1,2026-08-13 13:00:00
2363,2126,doctor_reply,Doctor replied,Your doctor has replied to your message.,1,2026-07-04 16:00:00
2364,2043,system,System notification,There has been an update to your account or app settings.,1,2026-08-08 19:00:00
2365,1015,payment_received,Payment received,We have received your payment. Thank you.,1,2026-07-22 03:00:00
2366,2360,doctor_reply,Doctor replied,Your doctor has replied to your message.,1,2026-07-22 19:00:00
2367,2357,appointment_confirmed,Appointment confirmed,Your appointment has been confirmed by the clinic.,0,2026-07-27 20:00:00
2368,2090,appointment_confirmed,Appointment confirmed,Your appointment has been confirmed by the clinic.,1,2026-08-13 08:00:00
2369,2131,new_message,New message received,You have a new message in your consultation chat.,1,2026-07-19 01:00:00
2370,2167,new_message,New message received,You have a new message in your consultation chat.,0,2026-08-24 21:00:00
2371,2358,appointment_cancelled,Appointment cancelled,Your appointment has been cancelled. Please reschedule if needed.,0,2026-07-07 13:00:00
2372,2387,new_message,New message received,You have a new message in your consultation chat.,1,2026-08-15 11:00:00
2373,2142,appointment_confirmed,Appointment confirmed,Your appointment has been confirmed by the clinic.,1,2026-08-13 15:00:00
2374,2169,new_message,New message received,You have a new message in your consultation chat.,0,2026-08-02 20:00:00
2375,2318,doctor_reply,Doctor replied,Your doctor has replied to your message.,1,2026-07-14 11:00:00
2376,2030,review_request,Share your feedback,Please leave a review about your recent consultation.,1,2026-08-25 17:00:00
2377,2257,doctor_reply,Doctor replied,Your doctor has replied to your message.,1,2026-07-07 01:00:00
2378,2337,appointment_confirmed,Appointment confirmed,Your appointment has been confirmed by the clinic.,1,2026-08-15 21:00:00
2379,2284,appointment_reminder,Upcoming appointment reminder,Your appointment is scheduled soon. Please don't forget to attend.,1,2026-08-31 04:00:00
2380,1026,review_request,Share your feedback,Please leave a review about your recent consultation.,1,2026-07-10 01:00:00
2381,2332,appointment_reminder,Upcoming appointment reminder,Your appointment is scheduled soon. Please don't forget to attend.,0,2026-08-17 21:00:00
2382,2001,payment_received,Payment received,We have received your payment. Thank you.,1,2026-08-16 18:00:00
2383,1030,appointment_confirmed,Appointment confirmed,Your appointment has been confirmed by the clinic.,0,2026-07-28 13:00:00
2384,2223,new_message,New message received,You have a new message in your consultation chat.,1,2026-07-30 20:00:00
2385,2169,appointment_confirmed,Appointment confirmed,Your appointment has been confirmed by the clinic.,0,2026-08-02 02:00:00
2386,2244,system,System notification,There has been an update to your account or app settings.,1,2026-07-07 06:00:00
2387,2036,system,System notification,There has been an update to your account or app settings.,0,2026-08-19 04:00:00
2388,2027,payment_received,Payment received,We have received your payment. Thank you.,0,2026-07-23 04:00:00
2389,2109,doctor_reply,Doctor replied,Your doctor has replied to your message.,1,2026-08-23 11:00:00
2390,2233,payment_received,Payment received,We have received your payment. Thank you.,0,2026-07-12 18:00:00
2391,1022,new_message,New message received,You have a new message in your consultation chat.,1,2026-07-20 05:00:00
2392,2258,appointment_confirmed,Appointment confirmed,Your appointment has been confirmed by the clinic.,0,2026-08-20 23:00:00
2393,2166,system,System notification,There has been an update to your account or app settings.,1,2026-07-25 19:00:00
2394,2045,system,System notification,There has been an update to your account or app settings.,1,2026-07-19 19:00:00
2395,2004,doctor_reply,Doctor replied,Your doctor has replied to your message.,0,2026-07-07 07:00:00
2396,2234,payment_received,Payment received,We have received your payment. Thank you.,1,2026-08-22 22:00:00
2397,1036,appointment_cancelled,Appointment cancelled,Your appointment has been cancelled. Please reschedule if needed.,1,2026-08-01 01:00:00
2398,2344,review_request,Share your feedback,Please leave a review about your recent consultation.,1,2026-07-22 12:00:00
2399,2269,appointment_reminder,Upcoming appointment reminder,Your appointment is scheduled soon. Please don't forget to attend.,1,2026-08-11 19:00:00
2400,2038,review_request,Share your feedback,Please leave a review about your recent consultation.,1,2026-08-15 08:00:00
2401,2352,system,System notification,There has been an update to your account or app settings.,1,2026-08-31 05:00:00
2402,2274,appointment_confirmed,Appointment confirmed,Your appointment has been confirmed by the clinic.,1,2026-07-12 10:00:00
2403,2188,appointment_cancelled,Appointment cancelled,Your appointment has been cancelled. Please reschedule if needed.,1,2026-07-04 04:00:00
2404,2075,appointment_confirmed,Appointment confirmed,Your appointment has been confirmed by the clinic.,1,2026-08-22 07:00:00
2405,2079,appointment_confirmed,Appointment confirmed,Your appointment has been confirmed by the clinic.,0,2026-07-02 20:00:00
2406,2147,review_request,Share your feedback,Please leave a review about your recent consultation.,0,2026-08-17 14:00:00
2407,2268,appointment_cancelled,Appointment cancelled,Your appointment has been cancelled. Please reschedule if needed.,1,2026-08-28 20:00:00
2408,2192,system,System notification,There has been an update to your account or app settings.,0,2026-08-26 11:00:00
2409,2249,appointment_cancelled,Appointment cancelled,Your appointment has been cancelled. Please reschedule if needed.,1,2026-08-13 03:00:00
2410,2193,doctor_reply,Doctor replied,Your doctor has replied to your message.,1,2026-08-21 10:00:00
2411,2158,payment_received,Payment received,We have received your payment. Thank you.,1,2026-08-03 08:00:00
2412,2226,appointment_cancelled,Appointment cancelled,Your appointment has been cancelled. Please reschedule if needed.,1,2026-08-09 14:00:00
2413,2053,appointment_confirmed,Appointment confirmed,Your appointment has been confirmed by the clinic.,1,2026-08-18 17:00:00
2414,2034,appointment_cancelled,Appointment cancelled,Your appointment has been cancelled. Please reschedule if needed.,1,2026-07-18 13:00:00
2415,2020,new_message,New message received,You have a new message in your consultation chat.,1,2026-08-26 07:00:00
2416,1038,review_request,Share your feedback,Please leave a review about your recent consultation.,1,2026-07-28 15:00:00
2417,2065,doctor_reply,Doctor replied,Your doctor has replied to your message.,1,2026-07-03 00:00:00
2418,2187,doctor_reply,Doctor replied,Your doctor has replied to your message.,1,2026-07-08 14:00:00
2419,2100,doctor_reply,Doctor replied,Your doctor has replied to your message.,1,2026-08-08 13:00:00
2420,1034,doctor_reply,Doctor replied,Your doctor has replied to your message.,0,2026-08-31 09:00:00
2421,2315,appointment_confirmed,Appointment confirmed,Your appointment has been confirmed by the clinic.,1,2026-08-04 20:00:00
2422,2391,system,System notification,There has been an update to your account or app settings.,1,2026-07-28 21:00:00
2423,2138,payment_received,Payment received,We have received your payment. Thank you.,1,2026-07-08 04:00:00
2424,1040,appointment_confirmed,Appointment confirmed,Your appointment has been confirmed by the clinic.,1,2026-07-03 17:00:00
2425,2084,appointment_cancelled,Appointment cancelled,Your appointment has been cancelled. Please reschedule if needed.,0,2026-08-18 01:00:00
2426,2070,system,System notification,There has been an update to your account or app settings.,1,2026-08-01 14:00:00
2427,2137,appointment_reminder,Upcoming appointment reminder,Your appointment is scheduled soon. Please don't forget to attend.,0,2026-08-13 03:00:00
2428,2166,appointment_confirmed,Appointment confirmed,Your appointment has been confirmed by the clinic.,0,2026-07-18 11:00:00
2429,2323,review_request,Share your feedback,Please leave a review about your recent consultation.,1,2026-08-11 17:00:00
2430,2127,review_request,Share your feedback,Please leave a review about your recent consultation.,1,2026-08-20 12:00:00
2431,2007,review_request,Share your feedback,Please leave a review about your recent consultation.,1,2026-07-11 08:00:00
2432,2201,appointment_cancelled,Appointment cancelled,Your appointment has been cancelled. Please reschedule if needed.,1,2026-07-26 23:00:00
2433,2278,appointment_cancelled,Appointment cancelled,Your appointment has been cancelled. Please reschedule if needed.,1,2026-08-28 08:00:00
2434,2386,system,System notification,There has been an update to your account or app settings.,1,2026-07-04 12:00:00
2435,2298,appointment_confirmed,Appointment confirmed,Your appointment has been confirmed by the clinic.,1,2026-07-07 23:00:00
2436,2065,payment_received,Payment received,We have received your payment. Thank you.,1,2026-08-31 13:00:00
2437,2019,appointment_cancelled,Appointment cancelled,Your appointment has been cancelled. Please reschedule if needed.,1,2026-08-21 17:00:00
2438,2149,payment_received,Payment received,We have received your payment. Thank you.,0,2026-08-27 10:00:00
2439,2139,doctor_reply,Doctor replied,Your doctor has replied to your message.,1,2026-08-25 17:00:00
2440,2391,system,System notification,There has been an update to your account or app settings.,1,2026-07-20 17:00:00
2441,2374,appointment_cancelled,Appointment cancelled,Your appointment has been cancelled. Please reschedule if needed.,1,2026-08-08 22:00:00
2442,1020,review_request,Share your feedback,Please leave a review about your recent consultation.,1,2026-08-27 15:00:00
2443,1002,appointment_reminder,Upcoming appointment reminder,Your appointment is scheduled soon. Please don't forget to attend.,0,2026-07-25 20:00:00
2444,2098,doctor_reply,Doctor replied,Your doctor has replied to your message.,0,2026-07-14 11:00:00
2445,2241,system,System notification,There has been an update to your account or app settings.,1,2026-07-12 02:00:00
2446,2228,doctor_reply,Doctor replied,Your doctor has replied to your message.,1,2026-08-24 12:00:00
2447,2398,new_message,New message received,You have a new message in your consultation chat.,0,2026-07-30 08:00:00
2448,2348,doctor_reply,Doctor replied,Your doctor has replied to your message.,0,2026-07-12 19:00:00
2449,2060,appointment_cancelled,Appointment cancelled,Your appointment has been cancelled. Please reschedule if needed.,1,2026-08-26 12:00:00
2450,2017,doctor_reply,Doctor replied,Your doctor has replied to your message.,1,2026-08-26 10:00:00
2451,2039,system,System notification,There has been an update to your account or app settings.,0,2026-08-09 18:00:00
2452,2056,new_message,New message received,You have a new message in your consultation chat.,1,2026-07-06 22:00:00
2453,2314,payment_received,Payment received,We have received your payment. Thank you.,1,2026-08-07 10:00:00
2454,2335,system,System notification,There has been an update to your account or app settings.,0,2026-08-16 21:00:00
2455,2240,system,System notification,There has been an update to your account or app settings.,0,2026-08-11 10:00:00
2456,2097,appointment_cancelled,Appointment cancelled,Your appointment has been cancelled. Please reschedule if needed.,0,2026-08-16 12:00:00
2457,2234,system,System notification,There has been an update to your account or app settings.,0,2026-08-29 18:00:00
2458,2004,doctor_reply,Doctor replied,Your doctor has replied to your message.,0,2026-08-03 07:00:00
2459,2271,new_message,New message received,You have a new message in your consultation chat.,1,2026-07-07 13:00:00
2460,2093,review_request,Share your feedback,Please leave a review about your recent consultation.,0,2026-07-14 09:00:00
2461,2062,doctor_reply,Doctor replied,Your doctor has replied to your message.,0,2026-07-23 18:00:00
2462,2208,appointment_reminder,Upcoming appointment reminder,Your appointment is scheduled soon. Please don't forget to attend.,1,2026-07-14 23:00:00
2463,2024,system,System notification,There has been an update to your account or app settings.,1,2026-07-15 12:00:00
2464,2285,payment_received,Payment received,We have received your payment. Thank you.,1,2026-08-03 23:00:00
2465,2030,new_message,New message received,You have a new message in your consultation chat.,0,2026-08-19 04:00:00
2466,2112,system,System notification,There has been an update to your account or app settings.,0,2026-07-22 05:00:00
2467,2164,review_request,Share your feedback,Please leave a review about your recent consultation.,1,2026-08-28 11:00:00
2468,2179,review_request,Share your feedback,Please leave a review about your recent consultation.,1,2026-08-27 08:00:00
2469,2030,new_message,New message received,You have a new message in your consultation chat.,1,2026-07-24 22:00:00
2470,2069,appointment_confirmed,Appointment confirmed,Your appointment has been confirmed by the clinic.,0,2026-07-31 21:00:00
2471,2247,review_request,Share your feedback,Please leave a review about your recent consultation.,1,2026-07-20 20:00:00
2472,2385,payment_received,Payment received,We have received your payment. Thank you.,1,2026-07-05 05:00:00
2473,2394,review_request,Share your feedback,Please leave a review about your recent consultation.,0,2026-07-20 15:00:00
2474,2036,review_request,Share your feedback,Please leave a review about your recent consultation.,1,2026-08-03 11:00:00
2475,2145,appointment_reminder,Upcoming appointment reminder,Your appointment is scheduled soon. Please don't forget to attend.,1,2026-07-24 01:00:00
2476,2365,appointment_confirmed,Appointment confirmed,Your appointment has been confirmed by the clinic.,1,2026-08-16 03:00:00
2477,2374,system,System notification,There has been an update to your account or app settings.,1,2026-07-24 20:00:00
2478,2287,review_request,Share your feedback,Please leave a review about your recent consultation.,1,2026-08-16 01:00:00
2479,2216,doctor_reply,Doctor replied,Your doctor has replied to your message.,1,2026-07-08 12:00:00
2480,2327,doctor_reply,Doctor replied,Your doctor has replied to your message.,0,2026-08-17 11:00:00
2481,2262,review_request,Share your feedback,Please leave a review about your recent consultation.,1,2026-08-08 01:00:00
2482,2293,payment_received,Payment received,We have received your payment. Thank you.,1,2026-08-15 23:00:00
2483,2252,new_message,New message received,You have a new message in your consultation chat.,1,2026-07-31 08:00:00
2484,2025,new_message,New message received,You have a new message in your consultation chat.,1,2026-08-04 14:00:00
2485,2285,appointment_reminder,Upcoming appointment reminder,Your appointment is scheduled soon. Please don't forget to attend.,1,2026-07-07 01:00:00
2486,2148,review_request,Share your feedback,Please leave a review about your recent consultation.,1,2026-08-27 12:00:00
2487,2284,new_message,New message received,You have a new message in your consultation chat.,1,2026-08-14 06:00:00
2488,2352,doctor_reply,Doctor replied,Your doctor has replied to your message.,1,2026-07-24 03:00:00
2489,2395,doctor_reply,Doctor replied,Your doctor has replied to your message.,0,2026-08-15 23:00:00
2490,2309,doctor_reply,Doctor replied,Your doctor has replied to your message.,0,2026-08-08 07:00:00
2491,1027,doctor_reply,Doctor replied,Your doctor has replied to your message.,1,2026-07-30 10:00:00
2492,2009,review_request,Share your feedback,Please leave a review about your recent consultation.,0,2026-08-24 16:00:00
2493,2299,doctor_reply,Doctor replied,Your doctor has replied to your message.,1,2026-07-18 17:00:00
2494,2189,doctor_reply,Doctor replied,Your doctor has replied to your message.,0,2026-08-02 20:00:00
2495,2103,doctor_reply,Doctor replied,Your doctor has replied to your message.,1,2026-07-24 17:00:00
2496,2332,new_message,New message received,You have a new message in your consultation chat.,1,2026-07-29 02:00:00
2497,2101,appointment_cancelled,Appointment cancelled,Your appointment has been cancelled. Please reschedule if needed.,1,2026-08-03 11:00:00
2498,1026,appointment_confirmed,Appointment confirmed,Your appointment has been confirmed by the clinic.,0,2026-07-29 18:00:00
2499,1030,payment_received,Payment received,We have received your payment. Thank you.,0,2026-08-12 17:00:00
2500,2354,appointment_reminder,Upcoming appointment reminder,Your appointment is scheduled soon. Please don't forget to attend.,1,2026-08-23 03:00:00
2501,2210,system,System notification,There has been an update to your account or app settings.,1,2026-08-13 01:00:00
2502,2099,payment_received,Payment received,We have received your payment. Thank you.,1,2026-08-07 15:00:00
2503,2280,appointment_reminder,Upcoming appointment reminder,Your appointment is scheduled soon. Please don't forget to attend.,0,2026-08-07 06:00:00
2504,2066,appointment_reminder,Upcoming appointment reminder,Your appointment is scheduled soon. Please don't forget to attend.,1,2026-07-12 10:00:00
2505,2253,appointment_cancelled,Appointment cancelled,Your appointment has been cancelled. Please reschedule if needed.,0,2026-08-09 02:00:00
2506,1003,payment_received,Payment received,We have received your payment. Thank you.,1,2026-07-26 23:00:00
2507,2113,payment_received,Payment received,We have received your payment. Thank you.,1,2026-07-05 02:00:00
2508,2001,review_request,Share your feedback,Please leave a review about your recent consultation.,1,2026-07-22 16:00:00
2509,2265,appointment_reminder,Upcoming appointment reminder,Your appointment is scheduled soon. Please don't forget to attend.,1,2026-08-17 00:00:00
2510,2379,appointment_reminder,Upcoming appointment reminder,Your appointment is scheduled soon. Please don't forget to attend.,0,2026-07-04 12:00:00
2511,2028,new_message,New message received,You have a new message in your consultation chat.,1,2026-08-14 01:00:00
2512,2331,payment_received,Payment received,We have received your payment. Thank you.,1,2026-07-31 06:00:00
2513,2049,new_message,New message received,You have a new message in your consultation chat.,1,2026-07-06 23:00:00
2514,2294,new_message,New message received,You have a new message in your consultation chat.,1,2026-08-29 03:00:00
2515,2104,payment_received,Payment received,We have received your payment. Thank you.,1,2026-07-10 13:00:00
2516,2328,appointment_reminder,Upcoming appointment reminder,Your appointment is scheduled soon. Please don't forget to attend.,1,2026-07-17 13:00:00
2517,2386,appointment_confirmed,Appointment confirmed,Your appointment has been confirmed by the clinic.,1,2026-08-01 02:00:00
2518,2126,appointment_cancelled,Appointment cancelled,Your appointment has been cancelled. Please reschedule if needed.,1,2026-07-24 21:00:00
2519,2075,appointment_confirmed,Appointment confirmed,Your appointment has been confirmed by the clinic.,1,2026-07-02 15:00:00
2520,2383,doctor_reply,Doctor replied,Your doctor has replied to your message.,0,2026-07-26 00:00:00
2521,2313,payment_received,Payment received,We have received your payment. Thank you.,1,2026-08-13 10:00:00
2522,1029,review_request,Share your feedback,Please leave a review about your recent consultation.,0,2026-07-17 14:00:00
2523,2170,system,System notification,There has been an update to your account or app settings.,1,2026-08-06 10:00:00
2524,2121,appointment_confirmed,Appointment confirmed,Your appointment has been confirmed by the clinic.,1,2026-07-13 20:00:00
2525,2165,appointment_reminder,Upcoming appointment reminder,Your appointment is scheduled soon. Please don't forget to attend.,0,2026-07-26 15:00:00
2526,2222,appointment_confirmed,Appointment confirmed,Your appointment has been confirmed by the clinic.,1,2026-07-23 07:00:00
2527,2180,appointment_reminder,Upcoming appointment reminder,Your appointment is scheduled soon. Please don't forget to attend.,1,2026-07-15 09:00:00
2528,2187,doctor_reply,Doctor replied,Your doctor has replied to your message.,0,2026-08-17 21:00:00
2529,2060,appointment_confirmed,Appointment confirmed,Your appointment has been confirmed by the clinic.,1,2026-07-26 20:00:00
2530,2330,appointment_confirmed,Appointment confirmed,Your appointment has been confirmed by the clinic.,1,2026-08-05 10:00:00
2531,2265,system,System notification,There has been an update to your account or app settings.,1,2026-08-16 01:00:00
2532,2325,payment_received,Payment received,We have received your payment. Thank you.,1,2026-07-02 02:00:00
2533,2109,review_request,Share your feedback,Please leave a review about your recent consultation.,0,2026-07-27 04:00:00
2534,2313,doctor_reply,Doctor replied,Your doctor has replied to your message.,0,2026-07-27 10:00:00
2535,2146,appointment_cancelled,Appointment cancelled,Your appointment has been cancelled. Please reschedule if needed.,1,2026-07-22 02:00:00
2536,2038,appointment_confirmed,Appointment confirmed,Your appointment has been confirmed by the clinic.,0,2026-08-19 23:00:00
2537,2310,system,System notification,There has been an update to your account or app settings.,1,2026-08-07 02:00:00
2538,1011,system,System notification,There has been an update to your account or app settings.,1,2026-07-31 12:00:00
2539,2275,payment_received,Payment received,We have received your payment. Thank you.,1,2026-07-03 22:00:00
2540,1024,appointment_reminder,Upcoming appointment reminder,Your appointment is scheduled soon. Please don't forget to attend.,0,2026-07-26 18:00:00
2541,2072,appointment_reminder,Upcoming appointment reminder,Your appointment is scheduled soon. Please don't forget to attend.,0,2026-08-01 21:00:00
2542,2096,system,System notification,There has been an update to your account or app settings.,0,2026-07-03 02:00:00
2543,1033,appointment_confirmed,Appointment confirmed,Your appointment has been confirmed by the clinic.,1,2026-08-24 01:00:00
2544,2106,review_request,Share your feedback,Please leave a review about your recent consultation.,0,2026-07-31 05:00:00
2545,2284,system,System notification,There has been an update to your account or app settings.,1,2026-08-26 05:00:00
2546,2032,doctor_reply,Doctor replied,Your doctor has replied to your message.,1,2026-08-30 09:00:00
2547,2177,system,System notification,There has been an update to your account or app settings.,1,2026-07-08 02:00:00
2548,2124,payment_received,Payment received,We have received your payment. Thank you.,1,2026-08-08 02:00:00
2549,2287,new_message,New message received,You have a new message in your consultation chat.,0,2026-07-05 20:00:00
2550,2150,system,System notification,There has been an update to your account or app settings.,1,2026-07-21 01:00:00
2551,1026,appointment_reminder,Upcoming appointment reminder,Your appointment is scheduled soon. Please don't forget to attend.,1,2026-07-25 13:00:00
2552,2085,appointment_reminder,Upcoming appointment reminder,Your appointment is scheduled soon. Please don't forget to attend.,0,2026-08-23 13:00:00
2553,2090,review_request,Share your feedback,Please leave a review about your recent consultation.,0,2026-07-31 02:00:00
2554,2342,payment_received,Payment received,We have received your payment. Thank you.,1,2026-08-24 10:00:00
2555,2318,review_request,Share your feedback,Please leave a review about your recent consultation.,0,2026-08-27 07:00:00
2556,2251,appointment_confirmed,Appointment confirmed,Your appointment has been confirmed by the clinic.,0,2026-07-14 08:00:00
2557,2206,payment_received,Payment received,We have received your payment. Thank you.,1,2026-08-02 08:00:00
2558,2189,appointment_confirmed,Appointment confirmed,Your appointment has been confirmed by the clinic.,1,2026-07-19 15:00:00
2559,2380,appointment_confirmed,Appointment confirmed,Your appointment has been confirmed by the clinic.,0,2026-07-25 16:00:00
2560,2359,system,System notification,There has been an update to your account or app settings.,0,2026-08-15 14:00:00
2561,2109,system,System notification,There has been an update to your account or app settings.,1,2026-07-19 14:00:00
2562,2085,appointment_reminder,Upcoming appointment reminder,Your appointment is scheduled soon. Please don't forget to attend.,1,2026-08-05 22:00:00
2563,2307,system,System notification,There has been an update to your account or app settings.,1,2026-08-16 17:00:00
2564,2026,payment_received,Payment received,We have received your payment. Thank you.,1,2026-07-30 04:00:00
2565,2287,payment_received,Payment received,We have received your payment. Thank you.,0,2026-08-15 19:00:00
2566,2064,appointment_cancelled,Appointment cancelled,Your appointment has been cancelled. Please reschedule if needed.,1,2026-07-12 11:00:00
2567,2154,review_request,Share your feedback,Please leave a review about your recent consultation.,1,2026-08-09 09:00:00
2568,2100,doctor_reply,Doctor replied,Your doctor has replied to your message.,0,2026-07-13 11:00:00
2569,2028,review_request,Share your feedback,Please leave a review about your recent consultation.,1,2026-08-22 20:00:00
2570,2010,system,System notification,There has been an update to your account or app settings.,1,2026-08-09 13:00:00
2571,2276,appointment_reminder,Upcoming appointment reminder,Your appointment is scheduled soon. Please don't forget to attend.,1,2026-07-17 20:00:00
2572,2174,review_request,Share your feedback,Please leave a review about your recent consultation.,1,2026-07-08 04:00:00
2573,2199,new_message,New message received,You have a new message in your consultation chat.,1,2026-07-28 20:00:00
2574,2203,appointment_reminder,Upcoming appointment reminder,Your appointment is scheduled soon. Please don't forget to attend.,1,2026-08-16 18:00:00
2575,2200,appointment_confirmed,Appointment confirmed,Your appointment has been confirmed by the clinic.,0,2026-08-30 05:00:00
2576,2290,new_message,New message received,You have a new message in your consultation chat.,0,2026-07-07 15:00:00
2577,2012,review_request,Share your feedback,Please leave a review about your recent consultation.,1,2026-07-28 15:00:00
2578,2315,appointment_cancelled,Appointment cancelled,Your appointment has been cancelled. Please reschedule if needed.,1,2026-07-27 19:00:00
2579,2336,new_message,New message received,You have a new message in your consultation chat.,1,2026-08-18 22:00:00
2580,2347,appointment_confirmed,Appointment confirmed,Your appointment has been confirmed by the clinic.,0,2026-08-14 11:00:00
2581,1029,appointment_confirmed,Appointment confirmed,Your appointment has been confirmed by the clinic.,1,2026-08-01 11:00:00
2582,2341,appointment_confirmed,Appointment confirmed,Your appointment has been confirmed by the clinic.,1,2026-08-10 11:00:00
2583,2054,new_message,New message received,You have a new message in your consultation chat.,1,2026-08-21 16:00:00
2584,2200,payment_received,Payment received,We have received your payment. Thank you.,1,2026-08-01 11:00:00
2585,2206,new_message,New message received,You have a new message in your consultation chat.,1,2026-08-30 10:00:00
2586,2381,appointment_reminder,Upcoming appointment reminder,Your appointment is scheduled soon. Please don't forget to attend.,1,2026-08-04 15:00:00
2587,2079,new_message,New message received,You have a new message in your consultation chat.,1,2026-07-09 10:00:00
2588,2062,doctor_reply,Doctor replied,Your doctor has replied to your message.,0,2026-08-03 02:00:00
2589,1024,review_request,Share your feedback,Please leave a review about your recent consultation.,0,2026-08-01 03:00:00
2590,2278,system,System notification,There has been an update to your account or app settings.,1,2026-08-17 06:00:00
2591,2293,appointment_reminder,Upcoming appointment reminder,Your appointment is scheduled soon. Please don't forget to attend.,0,2026-07-10 01:00:00
2592,2386,appointment_cancelled,Appointment cancelled,Your appointment has been cancelled. Please reschedule if needed.,0,2026-08-30 21:00:00
2593,2286,new_message,New message received,You have a new message in your consultation chat.,1,2026-08-07 22:00:00
2594,2240,payment_received,Payment received,We have received your payment. Thank you.,1,2026-07-05 01:00:00
2595,2299,review_request,Share your feedback,Please leave a review about your recent consultation.,1,2026-08-14 13:00:00
2596,2334,new_message,New message received,You have a new message in your consultation chat.,1,2026-07-07 08:00:00
2597,2308,system,System notification,There has been an update to your account or app settings.,0,2026-07-06 09:00:00
2598,2360,doctor_reply,Doctor replied,Your doctor has replied to your message.,1,2026-08-25 13:00:00
2599,2079,new_message,New message received,You have a new message in your consultation chat.,0,2026-07-20 16:00:00
2600,2240,payment_received,Payment received,We have received your payment. Thank you.,1,2026-08-13 05:00:00
2601,2331,appointment_cancelled,Appointment cancelled,Your appointment has been cancelled. Please reschedule if needed.,1,2026-08-02 03:00:00
2602,2342,review_request,Share your feedback,Please leave a review about your recent consultation.,1,2026-08-03 03:00:00
2603,2385,payment_received,Payment received,We have received your payment. Thank you.,1,2026-07-08 07:00:00
2604,2364,new_message,New message received,You have a new message in your consultation chat.,1,2026-07-06 07:00:00
2605,2324,system,System notification,There has been an update to your account or app settings.,1,2026-07-05 10:00:00
2606,2040,system,System notification,There has been an update to your account or app settings.,1,2026-07-20 21:00:00
2607,2209,new_message,New message received,You have a new message in your consultation chat.,1,2026-07-16 23:00:00
2608,2303,doctor_reply,Doctor replied,Your doctor has replied to your message.,0,2026-08-08 02:00:00
2609,2096,system,System notification,There has been an update to your account or app settings.,0,2026-08-07 11:00:00
2610,2189,system,System notification,There has been an update to your account or app settings.,1,2026-08-19 20:00:00
2611,2137,system,System notification,There has been an update to your account or app settings.,1,2026-08-07 09:00:00
2612,2117,payment_received,Payment received,We have received your payment. Thank you.,0,2026-08-06 13:00:00
2613,2145,appointment_cancelled,Appointment cancelled,Your appointment has been cancelled. Please reschedule if needed.,0,2026-07-18 13:00:00
2614,2150,payment_received,Payment received,We have received your payment. Thank you.,1,2026-08-16 22:00:00
2615,2261,new_message,New message received,You have a new message in your consultation chat.,1,2026-08-01 13:00:00
2616,2131,new_message,New message received,You have a new message in your consultation chat.,1,2026-08-12 07:00:00
2617,2102,doctor_reply,Doctor replied,Your doctor has replied to your message.,1,2026-08-21 08:00:00
2618,2021,review_request,Share your feedback,Please leave a review about your recent consultation.,1,2026-08-27 14:00:00
2619,1007,appointment_cancelled,Appointment cancelled,Your appointment has been cancelled. Please reschedule if needed.,0,2026-08-18 08:00:00
2620,2296,payment_received,Payment received,We have received your payment. Thank you.,1,2026-08-14 23:00:00
2621,2269,review_request,Share your feedback,Please leave a review about your recent consultation.,1,2026-07-08 08:00:00
2622,1002,doctor_reply,Doctor replied,Your doctor has replied to your message.,1,2026-07-14 21:00:00
2623,1031,payment_received,Payment received,We have received your payment. Thank you.,1,2026-07-03 08:00:00
2624,2074,review_request,Share your feedback,Please leave a review about your recent consultation.,0,2026-08-18 04:00:00
2625,2045,system,System notification,There has been an update to your account or app settings.,1,2026-08-13 09:00:00
2626,2064,payment_received,Payment received,We have received your payment. Thank you.,1,2026-08-10 05:00:00
2627,2265,system,System notification,There has been an update to your account or app settings.,1,2026-08-20 09:00:00
2628,2009,appointment_cancelled,Appointment cancelled,Your appointment has been cancelled. Please reschedule if needed.,1,2026-07-23 00:00:00
2629,2291,system,System notification,There has been an update to your account or app settings.,0,2026-07-13 06:00:00
2630,2024,appointment_confirmed,Appointment confirmed,Your appointment has been confirmed by the clinic.,1,2026-08-03 03:00:00
2631,2181,appointment_confirmed,Appointment confirmed,Your appointment has been confirmed by the clinic.,1,2026-07-12 07:00:00
2632,2154,appointment_confirmed,Appointment confirmed,Your appointment has been confirmed by the clinic.,1,2026-08-15 23:00:00
2633,2166,review_request,Share your feedback,Please leave a review about your recent consultation.,0,2026-08-18 10:00:00
2634,2091,appointment_cancelled,Appointment cancelled,Your appointment has been cancelled. Please reschedule if needed.,1,2026-07-08 11:00:00
2635,2038,payment_received,Payment received,We have received your payment. Thank you.,0,2026-07-12 12:00:00
2636,2353,review_request,Share your feedback,Please leave a review about your recent consultation.,1,2026-08-26 18:00:00
2637,2115,system,System notification,There has been an update to your account or app settings.,1,2026-08-14 14:00:00
2638,2229,appointment_confirmed,Appointment confirmed,Your appointment has been confirmed by the clinic.,0,2026-07-26 06:00:00
2639,2164,system,System notification,There has been an update to your account or app settings.,1,2026-08-02 02:00:00
2640,2317,system,System notification,There has been an update to your account or app settings.,1,2026-08-10 15:00:00
2641,2013,new_message,New message received,You have a new message in your consultation chat.,0,2026-08-16 05:00:00
2642,2361,appointment_confirmed,Appointment confirmed,Your appointment has been confirmed by the clinic.,0,2026-07-06 13:00:00
2643,2251,doctor_reply,Doctor replied,Your doctor has replied to your message.,1,2026-07-23 22:00:00
2644,2313,new_message,New message received,You have a new message in your consultation chat.,1,2026-07-05 21:00:00
2645,2115,review_request,Share your feedback,Please leave a review about your recent consultation.,1,2026-08-30 03:00:00
2646,2092,appointment_reminder,Upcoming appointment reminder,Your appointment is scheduled soon. Please don't forget to attend.,1,2026-07-10 16:00:00
2647,2227,appointment_confirmed,Appointment confirmed,Your appointment has been confirmed by the clinic.,0,2026-07-17 11:00:00
2648,2023,appointment_reminder,Upcoming appointment reminder,Your appointment is scheduled soon. Please don't forget to attend.,1,2026-07-08 12:00:00
2649,2170,review_request,Share your feedback,Please leave a review about your recent consultation.,1,2026-08-01 04:00:00
2650,2231,appointment_cancelled,Appointment cancelled,Your appointment has been cancelled. Please reschedule if needed.,1,2026-07-10 08:00:00
2651,2364,system,System notification,There has been an update to your account or app settings.,0,2026-08-27 13:00:00
2652,2174,new_message,New message received,You have a new message in your consultation chat.,1,2026-08-03 02:00:00
2653,2008,doctor_reply,Doctor replied,Your doctor has replied to your message.,1,2026-07-25 02:00:00
2654,2279,appointment_confirmed,Appointment confirmed,Your appointment has been confirmed by the clinic.,0,2026-07-23 14:00:00
2655,2333,review_request,Share your feedback,Please leave a review about your recent consultation.,0,2026-08-11 10:00:00
2656,2203,appointment_cancelled,Appointment cancelled,Your appointment has been cancelled. Please reschedule if needed.,1,2026-07-03 05:00:00
2657,2329,payment_received,Payment received,We have received your payment. Thank you.,1,2026-08-10 07:00:00
2658,2009,appointment_cancelled,Appointment cancelled,Your appointment has been cancelled. Please reschedule if needed.,1,2026-07-31 19:00:00
2659,2214,system,System notification,There has been an update to your account or app settings.,1,2026-07-17 07:00:00
2660,2254,doctor_reply,Doctor replied,Your doctor has replied to your message.,1,2026-07-20 01:00:00
2661,2352,payment_received,Payment received,We have received your payment. Thank you.,1,2026-07-09 17:00:00
2662,2173,appointment_confirmed,Appointment confirmed,Your appointment has been confirmed by the clinic.,0,2026-07-28 22:00:00
2663,2308,system,System notification,There has been an update to your account or app settings.,1,2026-07-23 11:00:00
2664,2234,payment_received,Payment received,We have received your payment. Thank you.,1,2026-08-06 19:00:00
2665,2057,appointment_cancelled,Appointment cancelled,Your appointment has been cancelled. Please reschedule if needed.,1,2026-08-26 11:00:00
2666,2313,payment_received,Payment received,We have received your payment. Thank you.,1,2026-07-21 18:00:00
2667,2286,appointment_cancelled,Appointment cancelled,Your appointment has been cancelled. Please reschedule if needed.,1,2026-07-03 01:00:00
2668,2386,appointment_cancelled,Appointment cancelled,Your appointment has been cancelled. Please reschedule if needed.,1,2026-07-30 11:00:00
2669,2060,review_request,Share your feedback,Please leave a review about your recent consultation.,0,2026-07-26 06:00:00
2670,2091,system,System notification,There has been an update to your account or app settings.,1,2026-08-08 07:00:00
2671,2221,review_request,Share your feedback,Please leave a review about your recent consultation.,1,2026-08-28 10:00:00
2672,2104,doctor_reply,Doctor replied,Your doctor has replied to your message.,1,2026-07-20 20:00:00
2673,2052,new_message,New message received,You have a new message in your consultation chat.,1,2026-08-18 04:00:00
2674,2357,review_request,Share your feedback,Please leave a review about your recent consultation.,0,2026-07-29 01:00:00
2675,2170,appointment_cancelled,Appointment cancelled,Your appointment has been cancelled. Please reschedule if needed.,1,2026-08-25 06:00:00
2676,2290,system,System notification,There has been an update to your account or app settings.,1,2026-08-27 08:00:00
2677,1009,appointment_confirmed,Appointment confirmed,Your appointment has been confirmed by the clinic.,1,2026-07-29 12:00:00
2678,2224,appointment_confirmed,Appointment confirmed,Your appointment has been confirmed by the clinic.,1,2026-07-23 22:00:00
2679,2277,doctor_reply,Doctor replied,Your doctor has replied to your message.,0,2026-07-03 01:00:00
2680,2004,payment_received,Payment received,We have received your payment. Thank you.,1,2026-07-11 19:00:00
2681,2141,doctor_reply,Doctor replied,Your doctor has replied to your message.,0,2026-07-17 10:00:00
2682,2306,payment_received,Payment received,We have received your payment. Thank you.,0,2026-08-23 13:00:00
2683,2157,system,System notification,There has been an update to your account or app settings.,0,2026-08-03 04:00:00
2684,2239,doctor_reply,Doctor replied,Your doctor has replied to your message.,1,2026-07-10 00:00:00
2685,2252,appointment_cancelled,Appointment cancelled,Your appointment has been cancelled. Please reschedule if needed.,0,2026-07-11 12:00:00
2686,2114,new_message,New message received,You have a new message in your consultation chat.,0,2026-07-28 05:00:00
2687,2353,payment_received,Payment received,We have received your payment. Thank you.,0,2026-07-07 09:00:00
2688,1011,new_message,New message received,You have a new message in your consultation chat.,1,2026-08-07 21:00:00
2689,2197,system,System notification,There has been an update to your account or app settings.,1,2026-07-25 07:00:00
2690,2257,appointment_cancelled,Appointment cancelled,Your appointment has been cancelled. Please reschedule if needed.,1,2026-08-26 06:00:00
2691,2272,appointment_reminder,Upcoming appointment reminder,Your appointment is scheduled soon. Please don't forget to attend.,1,2026-07-31 04:00:00
2692,2228,system,System notification,There has been an update to your account or app settings.,0,2026-08-17 07:00:00
2693,2256,appointment_cancelled,Appointment cancelled,Your appointment has been cancelled. Please reschedule if needed.,1,2026-07-11 13:00:00
2694,2048,system,System notification,There has been an update to your account or app settings.,1,2026-08-21 13:00:00
2695,2380,new_message,New message received,You have a new message in your consultation chat.,1,2026-08-09 16:00:00
2696,2246,system,System notification,There has been an update to your account or app settings.,1,2026-07-04 11:00:00
2697,1004,appointment_reminder,Upcoming appointment reminder,Your appointment is scheduled soon. Please don't forget to attend.,0,2026-08-18 04:00:00
2698,2351,appointment_reminder,Upcoming appointment reminder,Your appointment is scheduled soon. Please don't forget to attend.,1,2026-07-18 16:00:00
2699,2071,appointment_confirmed,Appointment confirmed,Your appointment has been confirmed by the clinic.,1,2026-07-24 17:00:00
2700,2082,doctor_reply,Doctor replied,Your doctor has replied to your message.,1,2026-07-10 10:00:00
2701,2070,payment_received,Payment received,We have received your payment. Thank you.,1,2026-08-21 13:00:00
2702,2053,appointment_confirmed,Appointment confirmed,Your appointment has been confirmed by the clinic.,1,2026-08-17 03:00:00
2703,2192,system,System notification,There has been an update to your account or app settings.,1,2026-08-30 04:00:00
2704,2002,appointment_confirmed,Appointment confirmed,Your appointment has been confirmed by the clinic.,0,2026-08-21 07:00:00
2705,2088,appointment_confirmed,Appointment confirmed,Your appointment has been confirmed by the clinic.,1,2026-07-07 08:00:00
2706,2230,new_message,New message received,You have a new message in your consultation chat.,0,2026-08-30 11:00:00
2707,2057,appointment_confirmed,Appointment confirmed,Your appointment has been confirmed by the clinic.,0,2026-07-29 19:00:00
2708,2328,appointment_reminder,Upcoming appointment reminder,Your appointment is scheduled soon. Please don't forget to attend.,0,2026-08-10 12:00:00
2709,2259,system,System notification,There has been an update to your account or app settings.,1,2026-07-29 11:00:00
2710,2155,system,System notification,There has been an update to your account or app settings.,1,2026-07-06 18:00:00
2711,2281,appointment_reminder,Upcoming appointment reminder,Your appointment is scheduled soon. Please don't forget to attend.,1,2026-07-03 16:00:00
2712,1027,payment_received,Payment received,We have received your payment. Thank you.,1,2026-07-15 20:00:00
2713,2059,payment_received,Payment received,We have received your payment. Thank you.,1,2026-08-06 03:00:00
2714,2319,payment_received,Payment received,We have received your payment. Thank you.,1,2026-07-03 04:00:00
2715,2116,review_request,Share your feedback,Please leave a review about your recent consultation.,0,2026-08-16 04:00:00
2716,2306,new_message,New message received,You have a new message in your consultation chat.,1,2026-08-02 14:00:00
2717,2397,appointment_reminder,Upcoming appointment reminder,Your appointment is scheduled soon. Please don't forget to attend.,1,2026-07-22 06:00:00
2718,2185,appointment_confirmed,Appointment confirmed,Your appointment has been confirmed by the clinic.,0,2026-07-22 11:00:00
2719,1025,new_message,New message received,You have a new message in your consultation chat.,0,2026-08-06 22:00:00
2720,1036,appointment_cancelled,Appointment cancelled,Your appointment has been cancelled. Please reschedule if needed.,1,2026-07-26 03:00:00
2721,2013,doctor_reply,Doctor replied,Your doctor has replied to your message.,0,2026-08-28 22:00:00
2722,2014,appointment_reminder,Upcoming appointment reminder,Your appointment is scheduled soon. Please don't forget to attend.,0,2026-08-22 18:00:00
2723,2163,doctor_reply,Doctor replied,Your doctor has replied to your message.,1,2026-07-28 03:00:00
2724,2129,doctor_reply,Doctor replied,Your doctor has replied to your message.,0,2026-07-11 21:00:00
2725,2066,payment_received,Payment received,We have received your payment. Thank you.,1,2026-08-21 06:00:00
2726,2356,appointment_cancelled,Appointment cancelled,Your appointment has been cancelled. Please reschedule if needed.,0,2026-07-21 09:00:00
2727,2047,appointment_confirmed,Appointment confirmed,Your appointment has been confirmed by the clinic.,1,2026-08-04 01:00:00
2728,2304,new_message,New message received,You have a new message in your consultation chat.,0,2026-08-10 22:00:00
2729,2054,appointment_reminder,Upcoming appointment reminder,Your appointment is scheduled soon. Please don't forget to attend.,0,2026-07-20 23:00:00
2730,2131,appointment_reminder,Upcoming appointment reminder,Your appointment is scheduled soon. Please don't forget to attend.,1,2026-07-31 05:00:00
2731,2198,new_message,New message received,You have a new message in your consultation chat.,1,2026-08-21 19:00:00
2732,1003,payment_received,Payment received,We have received your payment. Thank you.,1,2026-07-23 05:00:00
2733,2304,appointment_reminder,Upcoming appointment reminder,Your appointment is scheduled soon. Please don't forget to attend.,1,2026-08-05 10:00:00
2734,2235,appointment_reminder,Upcoming appointment reminder,Your appointment is scheduled soon. Please don't forget to attend.,1,2026-08-23 12:00:00
2735,2244,appointment_confirmed,Appointment confirmed,Your appointment has been confirmed by the clinic.,1,2026-07-15 20:00:00
2736,2392,system,System notification,There has been an update to your account or app settings.,1,2026-08-09 21:00:00
2737,2109,appointment_cancelled,Appointment cancelled,Your appointment has been cancelled. Please reschedule if needed.,1,2026-07-16 18:00:00
2738,2212,payment_received,Payment received,We have received your payment. Thank you.,1,2026-08-02 10:00:00
2739,2326,appointment_cancelled,Appointment cancelled,Your appointment has been cancelled. Please reschedule if needed.,1,2026-07-08 19:00:00
2740,2091,appointment_confirmed,Appointment confirmed,Your appointment has been confirmed by the clinic.,1,2026-08-22 13:00:00
2741,2314,new_message,New message received,You have a new message in your consultation chat.,1,2026-08-13 20:00:00
2742,2329,payment_received,Payment received,We have received your payment. Thank you.,1,2026-07-08 07:00:00
2743,2049,review_request,Share your feedback,Please leave a review about your recent consultation.,0,2026-07-15 12:00:00
2744,2395,appointment_cancelled,Appointment cancelled,Your appointment has been cancelled. Please reschedule if needed.,1,2026-07-14 02:00:00
2745,2119,doctor_reply,Doctor replied,Your doctor has replied to your message.,0,2026-08-30 14:00:00
2746,2281,system,System notification,There has been an update to your account or app settings.,1,2026-07-14 07:00:00
2747,2039,system,System notification,There has been an update to your account or app settings.,1,2026-08-21 23:00:00
2748,1018,payment_received,Payment received,We have received your payment. Thank you.,1,2026-07-25 02:00:00
2749,2172,appointment_reminder,Upcoming appointment reminder,Your appointment is scheduled soon. Please don't forget to attend.,1,2026-08-01 09:00:00
2750,1019,review_request,Share your feedback,Please leave a review about your recent consultation.,1,2026-08-22 08:00:00
2751,2368,new_message,New message received,You have a new message in your consultation chat.,1,2026-07-30 13:00:00
2752,2035,payment_received,Payment received,We have received your payment. Thank you.,1,2026-08-30 01:00:00
2753,2005,payment_received,Payment received,We have received your payment. Thank you.,0,2026-08-10 11:00:00
2754,2399,appointment_confirmed,Appointment confirmed,Your appointment has been confirmed by the clinic.,1,2026-07-29 10:00:00
2755,2018,payment_received,Payment received,We have received your payment. Thank you.,1,2026-08-29 02:00:00
2756,1036,review_request,Share your feedback,Please leave a review about your recent consultation.,1,2026-07-15 02:00:00
2757,1005,appointment_reminder,Upcoming appointment reminder,Your appointment is scheduled soon. Please don't forget to attend.,0,2026-08-09 09:00:00
2758,2395,appointment_reminder,Upcoming appointment reminder,Your appointment is scheduled soon. Please don't forget to attend.,1,2026-08-05 12:00:00
2759,2329,doctor_reply,Doctor replied,Your doctor has replied to your message.,0,2026-08-14 08:00:00
2760,2229,appointment_confirmed,Appointment confirmed,Your appointment has been confirmed by the clinic.,0,2026-07-23 16:00:00
2761,2074,payment_received,Payment received,We have received your payment. Thank you.,1,2026-08-10 20:00:00
2762,2385,appointment_reminder,Upcoming appointment reminder,Your appointment is scheduled soon. Please don't forget to attend.,0,2026-07-24 01:00:00
2763,2209,appointment_confirmed,Appointment confirmed,Your appointment has been confirmed by the clinic.,1,2026-08-23 11:00:00
2764,2161,doctor_reply,Doctor replied,Your doctor has replied to your message.,0,2026-07-22 03:00:00
2765,2104,appointment_reminder,Upcoming appointment reminder,Your appointment is scheduled soon. Please don't forget to attend.,1,2026-08-29 08:00:00
2766,2048,payment_received,Payment received,We have received your payment. Thank you.,1,2026-08-08 01:00:00
2767,2065,appointment_reminder,Upcoming appointment reminder,Your appointment is scheduled soon. Please don't forget to attend.,1,2026-08-07 21:00:00
2768,2214,review_request,Share your feedback,Please leave a review about your recent consultation.,1,2026-07-17 03:00:00
2769,2210,appointment_confirmed,Appointment confirmed,Your appointment has been confirmed by the clinic.,1,2026-08-25 10:00:00
2770,2274,appointment_confirmed,Appointment confirmed,Your appointment has been confirmed by the clinic.,0,2026-08-11 08:00:00
2771,2221,appointment_reminder,Upcoming appointment reminder,Your appointment is scheduled soon. Please don't forget to attend.,1,2026-07-11 12:00:00
2772,2012,review_request,Share your feedback,Please leave a review about your recent consultation.,1,2026-07-07 12:00:00
2773,2259,appointment_confirmed,Appointment confirmed,Your appointment has been confirmed by the clinic.,0,2026-07-20 17:00:00
2774,2013,appointment_confirmed,Appointment confirmed,Your appointment has been confirmed by the clinic.,1,2026-07-09 00:00:00
2775,2123,doctor_reply,Doctor replied,Your doctor has replied to your message.,1,2026-08-13 13:00:00
2776,2015,appointment_cancelled,Appointment cancelled,Your appointment has been cancelled. Please reschedule if needed.,1,2026-08-30 07:00:00
2777,2298,doctor_reply,Doctor replied,Your doctor has replied to your message.,1,2026-08-25 18:00:00
2778,2109,review_request,Share your feedback,Please leave a review about your recent consultation.,1,2026-07-11 00:00:00
2779,2349,new_message,New message received,You have a new message in your consultation chat.,1,2026-08-30 06:00:00
2780,2142,doctor_reply,Doctor replied,Your doctor has replied to your message.,0,2026-08-23 08:00:00
2781,2251,appointment_reminder,Upcoming appointment reminder,Your appointment is scheduled soon. Please don't forget to attend.,1,2026-07-03 14:00:00
2782,1027,system,System notification,There has been an update to your account or app settings.,1,2026-08-03 06:00:00
2783,2340,payment_received,Payment received,We have received your payment. Thank you.,1,2026-08-29 07:00:00
2784,2390,review_request,Share your feedback,Please leave a review about your recent consultation.,0,2026-08-17 19:00:00
2785,2161,appointment_reminder,Upcoming appointment reminder,Your appointment is scheduled soon. Please don't forget to attend.,1,2026-07-07 04:00:00
2786,2126,appointment_confirmed,Appointment confirmed,Your appointment has been confirmed by the clinic.,1,2026-08-19 08:00:00
2787,2098,appointment_reminder,Upcoming appointment reminder,Your appointment is scheduled soon. Please don't forget to attend.,1,2026-08-16 15:00:00
2788,2214,system,System notification,There has been an update to your account or app settings.,0,2026-08-18 00:00:00
2789,2162,appointment_cancelled,Appointment cancelled,Your appointment has been cancelled. Please reschedule if needed.,1,2026-07-07 19:00:00
2790,2316,system,System notification,There has been an update to your account or app settings.,1,2026-08-20 07:00:00
2791,2075,appointment_cancelled,Appointment cancelled,Your appointment has been cancelled. Please reschedule if needed.,0,2026-07-07 07:00:00
2792,2072,review_request,Share your feedback,Please leave a review about your recent consultation.,1,2026-07-18 01:00:00
2793,2295,appointment_reminder,Upcoming appointment reminder,Your appointment is scheduled soon. Please don't forget to attend.,1,2026-08-13 06:00:00
2794,2322,appointment_cancelled,Appointment cancelled,Your appointment has been cancelled. Please reschedule if needed.,1,2026-07-08 19:00:00
2795,1040,doctor_reply,Doctor replied,Your doctor has replied to your message.,0,2026-08-31 04:00:00
2796,2034,appointment_confirmed,Appointment confirmed,Your appointment has been confirmed by the clinic.,1,2026-07-09 22:00:00
2797,2136,new_message,New message received,You have a new message in your consultation chat.,1,2026-08-17 12:00:00
2798,2047,appointment_cancelled,Appointment cancelled,Your appointment has been cancelled. Please reschedule if needed.,1,2026-08-23 02:00:00
2799,2263,system,System notification,There has been an update to your account or app settings.,1,2026-08-28 06:00:00
2800,2391,appointment_reminder,Upcoming appointment reminder,Your appointment is scheduled soon. Please don't forget to attend.,1,2026-08-26 03:00:00
2801,2127,appointment_confirmed,Appointment confirmed,Your appointment has been confirmed by the clinic.,0,2026-08-16 00:00:00
2802,2266,doctor_reply,Doctor replied,Your doctor has replied to your message.,1,2026-07-20 03:00:00
2803,2001,payment_received,Payment received,We have received your payment. Thank you.,0,2026-08-10 06:00:00
2804,2147,appointment_cancelled,Appointment cancelled,Your appointment has been cancelled. Please reschedule if needed.,1,2026-08-30 16:00:00
2805,2240,review_request,Share your feedback,Please leave a review about your recent consultation.,1,2026-07-23 18:00:00
2806,2130,appointment_reminder,Upcoming appointment reminder,Your appointment is scheduled soon. Please don't forget to attend.,1,2026-07-05 12:00:00
2807,2268,review_request,Share your feedback,Please leave a review about your recent consultation.,1,2026-08-22 19:00:00
2808,2105,appointment_confirmed,Appointment confirmed,Your appointment has been confirmed by the clinic.,1,2026-08-31 10:00:00
2809,2103,review_request,Share your feedback,Please leave a review about your recent consultation.,1,2026-07-18 11:00:00
2810,2060,appointment_cancelled,Appointment cancelled,Your appointment has been cancelled. Please reschedule if needed.,1,2026-08-25 06:00:00
2811,1002,payment_received,Payment received,We have received your payment. Thank you.,1,2026-07-25 13:00:00
2812,2007,doctor_reply,Doctor replied,Your doctor has replied to your message.,1,2026-07-17 22:00:00
2813,2268,new_message,New message received,You have a new message in your consultation chat.,0,2026-07-26 16:00:00
2814,2260,new_message,New message received,You have a new message in your consultation chat.,1,2026-08-24 00:00:00
2815,2071,appointment_confirmed,Appointment confirmed,Your appointment has been confirmed by the clinic.,1,2026-08-21 02:00:00
2816,2355,doctor_reply,Doctor replied,Your doctor has replied to your message.,1,2026-08-04 08:00:00
2817,2353,doctor_reply,Doctor replied,Your doctor has replied to your message.,0,2026-08-25 01:00:00
2818,2091,appointment_reminder,Upcoming appointment reminder,Your appointment is scheduled soon. Please don't forget to attend.,1,2026-07-02 01:00:00
2819,2120,system,System notification,There has been an update to your account or app settings.,1,2026-07-10 17:00:00
2820,1019,review_request,Share your feedback,Please leave a review about your recent consultation.,1,2026-08-05 09:00:00
2821,2327,doctor_reply,Doctor replied,Your doctor has replied to your message.,1,2026-08-14 02:00:00
2822,2058,appointment_reminder,Upcoming appointment reminder,Your appointment is scheduled soon. Please don't forget to attend.,0,2026-07-27 06:00:00
2823,2293,doctor_reply,Doctor replied,Your doctor has replied to your message.,0,2026-07-19 22:00:00
2824,1003,payment_received,Payment received,We have received your payment. Thank you.,1,2026-08-29 19:00:00
2825,2129,doctor_reply,Doctor replied,Your doctor has replied to your message.,1,2026-08-04 01:00:00
2826,2073,appointment_reminder,Upcoming appointment reminder,Your appointment is scheduled soon. Please don't forget to attend.,1,2026-08-14 03:00:00
2827,2011,review_request,Share your feedback,Please leave a review about your recent consultation.,1,2026-08-30 07:00:00
2828,1004,new_message,New message received,You have a new message in your consultation chat.,1,2026-07-16 09:00:00
2829,2269,appointment_confirmed,Appointment confirmed,Your appointment has been confirmed by the clinic.,1,2026-08-25 03:00:00
2830,2370,review_request,Share your feedback,Please leave a review about your recent consultation.,0,2026-07-05 08:00:00
2831,2227,system,System notification,There has been an update to your account or app settings.,0,2026-08-21 12:00:00
2832,2179,doctor_reply,Doctor replied,Your doctor has replied to your message.,1,2026-08-28 22:00:00
2833,1008,appointment_cancelled,Appointment cancelled,Your appointment has been cancelled. Please reschedule if needed.,0,2026-07-16 20:00:00
2834,1036,system,System notification,There has been an update to your account or app settings.,0,2026-07-16 19:00:00
2835,2266,new_message,New message received,You have a new message in your consultation chat.,1,2026-07-17 01:00:00
2836,2170,payment_received,Payment received,We have received your payment. Thank you.,0,2026-07-12 08:00:00
2837,2259,appointment_reminder,Upcoming appointment reminder,Your appointment is scheduled soon. Please don't forget to attend.,1,2026-07-05 22:00:00
2838,2038,doctor_reply,Doctor replied,Your doctor has replied to your message.,0,2026-07-17 07:00:00
2839,2210,appointment_reminder,Upcoming appointment reminder,Your appointment is scheduled soon. Please don't forget to attend.,1,2026-07-06 22:00:00
2840,2025,doctor_reply,Doctor replied,Your doctor has replied to your message.,1,2026-07-27 19:00:00
2841,2332,new_message,New message received,You have a new message in your consultation chat.,0,2026-07-03 00:00:00
2842,1031,appointment_cancelled,Appointment cancelled,Your appointment has been cancelled. Please reschedule if needed.,0,2026-07-21 05:00:00
2843,2303,appointment_confirmed,Appointment confirmed,Your appointment has been confirmed by the clinic.,0,2026-07-27 11:00:00
2844,2179,system,System notification,There has been an update to your account or app settings.,1,2026-08-10 18:00:00
2845,1020,appointment_reminder,Upcoming appointment reminder,Your appointment is scheduled soon. Please don't forget to attend.,1,2026-08-03 05:00:00
2846,1039,review_request,Share your feedback,Please leave a review about your recent consultation.,1,2026-07-10 17:00:00
2847,2400,new_message,New message received,You have a new message in your consultation chat.,1,2026-07-03 13:00:00
2848,2051,payment_received,Payment received,We have received your payment. Thank you.,0,2026-08-04 04:00:00
2849,2138,new_message,New message received,You have a new message in your consultation chat.,0,2026-07-16 10:00:00
2850,2125,review_request,Share your feedback,Please leave a review about your recent consultation.,0,2026-08-19 12:00:00
2851,2028,appointment_reminder,Upcoming appointment reminder,Your appointment is scheduled soon. Please don't forget to attend.,1,2026-08-23 23:00:00
2852,2211,new_message,New message received,You have a new message in your consultation chat.,1,2026-08-19 22:00:00
2853,2135,appointment_cancelled,Appointment cancelled,Your appointment has been cancelled. Please reschedule if needed.,1,2026-08-27 23:00:00
2854,2241,review_request,Share your feedback,Please leave a review about your recent consultation.,0,2026-07-26 17:00:00
2855,2183,appointment_reminder,Upcoming appointment reminder,Your appointment is scheduled soon. Please don't forget to attend.,0,2026-08-19 17:00:00
2856,2008,doctor_reply,Doctor replied,Your doctor has replied to your message.,1,2026-08-21 06:00:00
2857,2075,review_request,Share your feedback,Please leave a review about your recent consultation.,0,2026-07-13 21:00:00
2858,2234,appointment_reminder,Upcoming appointment reminder,Your appointment is scheduled soon. Please don't forget to attend.,1,2026-07-26 15:00:00
2859,2343,appointment_cancelled,Appointment cancelled,Your appointment has been cancelled. Please reschedule if needed.,1,2026-07-13 04:00:00
2860,1014,system,System notification,There has been an update to your account or app settings.,1,2026-08-17 07:00:00
2861,2039,new_message,New message received,You have a new message in your consultation chat.,0,2026-08-09 08:00:00
2862,1036,new_message,New message received,You have a new message in your consultation chat.,0,2026-07-18 02:00:00
2863,2128,appointment_reminder,Upcoming appointment reminder,Your appointment is scheduled soon. Please don't forget to attend.,0,2026-07-10 12:00:00
2864,2190,payment_received,Payment received,We have received your payment. Thank you.,1,2026-07-17 18:00:00
2865,2093,appointment_reminder,Upcoming appointment reminder,Your appointment is scheduled soon. Please don't forget to attend.,1,2026-08-13 11:00:00
2866,2322,appointment_confirmed,Appointment confirmed,Your appointment has been confirmed by the clinic.,1,2026-08-05 14:00:00
2867,1022,new_message,New message received,You have a new message in your consultation chat.,1,2026-08-17 16:00:00
2868,2351,payment_received,Payment received,We have received your payment. Thank you.,1,2026-07-26 14:00:00
2869,2116,system,System notification,There has been an update to your account or app settings.,1,2026-07-16 21:00:00
2870,2015,payment_received,Payment received,We have received your payment. Thank you.,0,2026-07-18 23:00:00
2871,2319,appointment_confirmed,Appointment confirmed,Your appointment has been confirmed by the clinic.,1,2026-08-26 00:00:00
2872,2224,review_request,Share your feedback,Please leave a review about your recent consultation.,1,2026-08-21 20:00:00
2873,2299,doctor_reply,Doctor replied,Your doctor has replied to your message.,0,2026-08-22 02:00:00
2874,2262,appointment_cancelled,Appointment cancelled,Your appointment has been cancelled. Please reschedule if needed.,0,2026-08-31 16:00:00
2875,2335,doctor_reply,Doctor replied,Your doctor has replied to your message.,0,2026-07-15 04:00:00
2876,2330,appointment_cancelled,Appointment cancelled,Your appointment has been cancelled. Please reschedule if needed.,0,2026-07-28 16:00:00
2877,2238,payment_received,Payment received,We have received your payment. Thank you.,1,2026-07-02 07:00:00
2878,2378,appointment_reminder,Upcoming appointment reminder,Your appointment is scheduled soon. Please don't forget to attend.,1,2026-07-21 21:00:00
2879,2331,appointment_confirmed,Appointment confirmed,Your appointment has been confirmed by the clinic.,1,2026-08-19 04:00:00
2880,2200,review_request,Share your feedback,Please leave a review about your recent consultation.,0,2026-07-31 04:00:00
2881,2247,appointment_cancelled,Appointment cancelled,Your appointment has been cancelled. Please reschedule if needed.,0,2026-07-11 14:00:00
2882,2160,appointment_cancelled,Appointment cancelled,Your appointment has been cancelled. Please reschedule if needed.,1,2026-08-05 04:00:00
2883,2352,appointment_confirmed,Appointment confirmed,Your appointment has been confirmed by the clinic.,1,2026-07-07 06:00:00
2884,2049,new_message,New message received,You have a new message in your consultation chat.,1,2026-08-26 17:00:00
2885,2254,appointment_confirmed,Appointment confirmed,Your appointment has been confirmed by the clinic.,0,2026-08-13 20:00:00
2886,2229,system,System notification,There has been an update to your account or app settings.,1,2026-08-13 11:00:00
2887,1028,new_message,New message received,You have a new message in your consultation chat.,1,2026-08-13 13:00:00
2888,1009,review_request,Share your feedback,Please leave a review about your recent consultation.,1,2026-08-10 23:00:00
2889,2011,appointment_reminder,Upcoming appointment reminder,Your appointment is scheduled soon. Please don't forget to attend.,1,2026-07-14 08:00:00
2890,2226,appointment_reminder,Upcoming appointment reminder,Your appointment is scheduled soon. Please don't forget to attend.,0,2026-07-09 09:00:00
2891,2286,appointment_cancelled,Appointment cancelled,Your appointment has been cancelled. Please reschedule if needed.,1,2026-07-25 16:00:00
2892,2369,appointment_cancelled,Appointment cancelled,Your appointment has been cancelled. Please reschedule if needed.,1,2026-08-29 06:00:00
2893,2094,review_request,Share your feedback,Please leave a review about your recent consultation.,1,2026-08-24 20:00:00
2894,2359,appointment_cancelled,Appointment cancelled,Your appointment has been cancelled. Please reschedule if needed.,0,2026-08-15 08:00:00
2895,2079,system,System notification,There has been an update to your account or app settings.,1,2026-08-17 04:00:00
2896,2366,review_request,Share your feedback,Please leave a review about your recent consultation.,1,2026-07-21 12:00:00
2897,2134,review_request,Share your feedback,Please leave a review about your recent consultation.,1,2026-08-12 00:00:00
2898,1038,new_message,New message received,You have a new message in your consultation chat.,1,2026-08-06 22:00:00
2899,2266,system,System notification,There has been an update to your account or app settings.,1,2026-07-17 10:00:00
2900,2293,doctor_reply,Doctor replied,Your doctor has replied to your message.,0,2026-08-24 07:00:00
2901,2210,appointment_cancelled,Appointment cancelled,Your appointment has been cancelled. Please reschedule if needed.,0,2026-08-26 03:00:00
2902,2304,appointment_confirmed,Appointment confirmed,Your appointment has been confirmed by the clinic.,1,2026-08-14 00:00:00
2903,2044,appointment_confirmed,Appointment confirmed,Your appointment has been confirmed by the clinic.,0,2026-07-29 18:00:00
2904,2052,system,System notification,There has been an update to your account or app settings.,1,2026-08-28 09:00:00
2905,2349,appointment_cancelled,Appointment cancelled,Your appointment has been cancelled. Please reschedule if needed.,0,2026-08-30 11:00:00
2906,1030,doctor_reply,Doctor replied,Your doctor has replied to your message.,0,2026-07-09 12:00:00
2907,2326,doctor_reply,Doctor replied,Your doctor has replied to your message.,0,2026-08-07 21:00:00
2908,2130,appointment_cancelled,Appointment cancelled,Your appointment has been cancelled. Please reschedule if needed.,0,2026-08-03 06:00:00
2909,2324,review_request,Share your feedback,Please leave a review about your recent consultation.,0,2026-07-06 03:00:00
2910,2042,doctor_reply,Doctor replied,Your doctor has replied to your message.,1,2026-07-16 01:00:00
2911,2273,system,System notification,There has been an update to your account or app settings.,0,2026-08-14 18:00:00
2912,2022,appointment_reminder,Upcoming appointment reminder,Your appointment is scheduled soon. Please don't forget to attend.,1,2026-07-02 22:00:00
2913,2139,appointment_confirmed,Appointment confirmed,Your appointment has been confirmed by the clinic.,1,2026-07-06 03:00:00
2914,2174,doctor_reply,Doctor replied,Your doctor has replied to your message.,0,2026-08-06 03:00:00
2915,2297,system,System notification,There has been an update to your account or app settings.,0,2026-08-21 10:00:00
2916,2007,system,System notification,There has been an update to your account or app settings.,0,2026-07-25 16:00:00
2917,2201,appointment_confirmed,Appointment confirmed,Your appointment has been confirmed by the clinic.,1,2026-08-07 02:00:00
2918,2286,new_message,New message received,You have a new message in your consultation chat.,1,2026-08-19 20:00:00
2919,1026,appointment_cancelled,Appointment cancelled,Your appointment has been cancelled. Please reschedule if needed.,1,2026-07-24 12:00:00
2920,2105,system,System notification,There has been an update to your account or app settings.,1,2026-07-03 01:00:00
2921,2384,system,System notification,There has been an update to your account or app settings.,1,2026-08-22 15:00:00
2922,2151,doctor_reply,Doctor replied,Your doctor has replied to your message.,1,2026-08-21 05:00:00
2923,2170,review_request,Share your feedback,Please leave a review about your recent consultation.,1,2026-07-31 12:00:00
2924,2027,doctor_reply,Doctor replied,Your doctor has replied to your message.,1,2026-08-15 01:00:00
2925,2356,system,System notification,There has been an update to your account or app settings.,1,2026-08-04 13:00:00
2926,2032,doctor_reply,Doctor replied,Your doctor has replied to your message.,1,2026-08-07 14:00:00
2927,2204,appointment_reminder,Upcoming appointment reminder,Your appointment is scheduled soon. Please don't forget to attend.,1,2026-08-18 02:00:00
2928,2268,appointment_reminder,Upcoming appointment reminder,Your appointment is scheduled soon. Please don't forget to attend.,1,2026-08-12 08:00:00
2929,2004,appointment_cancelled,Appointment cancelled,Your appointment has been cancelled. Please reschedule if needed.,1,2026-08-26 23:00:00
2930,2005,appointment_reminder,Upcoming appointment reminder,Your appointment is scheduled soon. Please don't forget to attend.,0,2026-07-07 00:00:00
2931,1007,system,System notification,There has been an update to your account or app settings.,1,2026-07-13 05:00:00
2932,2281,doctor_reply,Doctor replied,Your doctor has replied to your message.,1,2026-07-13 08:00:00
2933,2223,appointment_confirmed,Appointment confirmed,Your appointment has been confirmed by the clinic.,1,2026-07-16 12:00:00
2934,2116,appointment_reminder,Upcoming appointment reminder,Your appointment is scheduled soon. Please don't forget to attend.,0,2026-07-21 13:00:00
2935,1006,doctor_reply,Doctor replied,Your doctor has replied to your message.,0,2026-08-28 08:00:00
2936,1015,review_request,Share your feedback,Please leave a review about your recent consultation.,1,2026-08-14 11:00:00
2937,2202,appointment_cancelled,Appointment cancelled,Your appointment has been cancelled. Please reschedule if needed.,1,2026-08-30 20:00:00
2938,1009,appointment_confirmed,Appointment confirmed,Your appointment has been confirmed by the clinic.,1,2026-07-07 22:00:00
2939,2240,system,System notification,There has been an update to your account or app settings.,1,2026-07-17 21:00:00
2940,2128,payment_received,Payment received,We have received your payment. Thank you.,1,2026-07-04 14:00:00
2941,2230,review_request,Share your feedback,Please leave a review about your recent consultation.,1,2026-08-10 21:00:00
2942,2112,payment_received,Payment received,We have received your payment. Thank you.,1,2026-07-08 03:00:00
2943,2348,appointment_confirmed,Appointment confirmed,Your appointment has been confirmed by the clinic.,1,2026-07-20 01:00:00
2944,2362,system,System notification,There has been an update to your account or app settings.,1,2026-08-06 23:00:00
2945,2222,appointment_cancelled,Appointment cancelled,Your appointment has been cancelled. Please reschedule if needed.,0,2026-07-23 17:00:00
2946,2294,appointment_reminder,Upcoming appointment reminder,Your appointment is scheduled soon. Please don't forget to attend.,1,2026-08-02 02:00:00
2947,2329,system,System notification,There has been an update to your account or app settings.,0,2026-07-08 13:00:00
2948,2400,new_message,New message received,You have a new message in your consultation chat.,0,2026-08-27 03:00:00
2949,2153,appointment_confirmed,Appointment confirmed,Your appointment has been confirmed by the clinic.,0,2026-07-20 23:00:00
2950,2307,system,System notification,There has been an update to your account or app settings.,1,2026-08-30 06:00:00
2951,2114,appointment_cancelled,Appointment cancelled,Your appointment has been cancelled. Please reschedule if needed.,0,2026-07-31 00:00:00
2952,2334,system,System notification,There has been an update to your account or app settings.,1,2026-07-15 00:00:00
2953,2107,system,System notification,There has been an update to your account or app settings.,1,2026-08-17 09:00:00
2954,1030,appointment_confirmed,Appointment confirmed,Your appointment has been confirmed by the clinic.,1,2026-07-03 01:00:00
2955,2098,doctor_reply,Doctor replied,Your doctor has replied to your message.,1,2026-08-07 16:00:00
2956,2203,payment_received,Payment received,We have received your payment. Thank you.,1,2026-08-16 22:00:00
2957,2191,system,System notification,There has been an update to your account or app settings.,0,2026-07-10 13:00:00
2958,2298,appointment_confirmed,Appointment confirmed,Your appointment has been confirmed by the clinic.,0,2026-08-18 17:00:00
2959,2114,system,System notification,There has been an update to your account or app settings.,0,2026-07-03 07:00:00
2960,2066,new_message,New message received,You have a new message in your consultation chat.,0,2026-07-15 17:00:00
2961,2033,appointment_confirmed,Appointment confirmed,Your appointment has been confirmed by the clinic.,0,2026-07-17 14:00:00
2962,2331,system,System notification,There has been an update to your account or app settings.,1,2026-08-16 11:00:00
2963,2261,system,System notification,There has been an update to your account or app settings.,1,2026-08-31 16:00:00
2964,2385,doctor_reply,Doctor replied,Your doctor has replied to your message.,1,2026-07-25 12:00:00
2965,2289,system,System notification,There has been an update to your account or app settings.,1,2026-08-08 22:00:00
2966,2257,appointment_confirmed,Appointment confirmed,Your appointment has been confirmed by the clinic.,1,2026-07-07 04:00:00
2967,2365,system,System notification,There has been an update to your account or app settings.,0,2026-08-24 02:00:00
2968,2170,review_request,Share your feedback,Please leave a review about your recent consultation.,1,2026-08-28 12:00:00
2969,2274,appointment_reminder,Upcoming appointment reminder,Your appointment is scheduled soon. Please don't forget to attend.,1,2026-08-17 00:00:00
2970,2095,system,System notification,There has been an update to your account or app settings.,1,2026-07-04 18:00:00
2971,2086,new_message,New message received,You have a new message in your consultation chat.,0,2026-07-06 18:00:00
2972,2096,new_message,New message received,You have a new message in your consultation chat.,0,2026-08-18 12:00:00
2973,2277,payment_received,Payment received,We have received your payment. Thank you.,1,2026-08-30 05:00:00
2974,1011,review_request,Share your feedback,Please leave a review about your recent consultation.,1,2026-07-02 07:00:00
2975,2010,appointment_cancelled,Appointment cancelled,Your appointment has been cancelled. Please reschedule if needed.,0,2026-08-19 18:00:00
2976,2104,appointment_cancelled,Appointment cancelled,Your appointment has been cancelled. Please reschedule if needed.,1,2026-08-11 18:00:00
2977,2160,new_message,New message received,You have a new message in your consultation chat.,1,2026-08-10 09:00:00
2978,2038,review_request,Share your feedback,Please leave a review about your recent consultation.,1,2026-07-31 14:00:00
2979,2356,appointment_reminder,Upcoming appointment reminder,Your appointment is scheduled soon. Please don't forget to attend.,0,2026-08-04 03:00:00
2980,2174,appointment_confirmed,Appointment confirmed,Your appointment has been confirmed by the clinic.,0,2026-08-10 22:00:00
2981,2220,payment_received,Payment received,We have received your payment. Thank you.,1,2026-07-27 08:00:00
2982,2270,review_request,Share your feedback,Please leave a review about your recent consultation.,1,2026-08-04 03:00:00
2983,2370,payment_received,Payment received,We have received your payment. Thank you.,0,2026-07-14 00:00:00
2984,2373,doctor_reply,Doctor replied,Your doctor has replied to your message.,1,2026-07-25 13:00:00
2985,2396,appointment_reminder,Upcoming appointment reminder,Your appointment is scheduled soon. Please don't forget to attend.,1,2026-07-07 23:00:00
2986,2346,system,System notification,There has been an update to your account or app settings.,1,2026-07-22 12:00:00
2987,2299,payment_received,Payment received,We have received your payment. Thank you.,1,2026-07-26 10:00:00
2988,2260,review_request,Share your feedback,Please leave a review about your recent consultation.,0,2026-08-13 15:00:00
2989,2332,review_request,Share your feedback,Please leave a review about your recent consultation.,0,2026-08-19 00:00:00
2990,1003,appointment_cancelled,Appointment cancelled,Your appointment has been cancelled. Please reschedule if needed.,1,2026-08-07 04:00:00
2991,2013,appointment_reminder,Upcoming appointment reminder,Your appointment is scheduled soon. Please don't forget to attend.,0,2026-07-30 07:00:00
2992,2023,payment_received,Payment received,We have received your payment. Thank you.,0,2026-08-06 00:00:00
2993,2329,payment_received,Payment received,We have received your payment. Thank you.,0,2026-08-05 04:00:00
2994,2242,payment_received,Payment received,We have received your payment. Thank you.,0,2026-07-16 14:00:00
2995,2321,review_request,Share your feedback,Please leave a review about your recent consultation.,1,2026-07-30 05:00:00
2996,2117,appointment_reminder,Upcoming appointment reminder,Your appointment is scheduled soon. Please don't forget to attend.,1,2026-07-28 14:00:00
2997,1001,review_request,Share your feedback,Please leave a review about your recent consultation.,1,2026-07-27 18:00:00
2998,2131,system,System notification,There has been an update to your account or app settings.,1,2026-07-13 09:00:00
2999,2036,review_request,Share your feedback,Please leave a review about your recent consultation.,0,2026-07-25 08:00:00
3000,1011,appointment_confirmed,Appointment confirmed,Your appointment has been confirmed by the clinic.,1,2026-08-16 15:00:00
